ISO-10303-21;
HEADER;
/* Generated by software containing ST-Developer
 * from STEP Tools, Inc. (www.steptools.com) 
 */

FILE_DESCRIPTION(
/* description */ (''),
/* implementation_level */ '2;1');

FILE_NAME(
/* name */ 'wheel5-70.step',
/* time_stamp */ '2026-04-15T10:00:05+02:00',
/* author */ (''),
/* organization */ (''),
/* preprocessor_version */ 'ST-DEVELOPER v20.1',
/* originating_system */ 'Autodesk Translation Framework v14.24.0.0',
/* authorisation */ '');

FILE_SCHEMA (('AUTOMOTIVE_DESIGN { 1 0 10303 214 3 1 1 }'));
ENDSEC;

DATA;
#10=MECHANICAL_DESIGN_GEOMETRIC_PRESENTATION_REPRESENTATION('',(#13),#5677);
#11=SHAPE_REPRESENTATION_RELATIONSHIP('SRR','None',#5683,#12);
#12=ADVANCED_BREP_SHAPE_REPRESENTATION('',(#14),#5676);
#13=STYLED_ITEM('',(#5692),#14);
#14=MANIFOLD_SOLID_BREP('Wheel',#3413);
#15=TOROIDAL_SURFACE('',#3619,29.047164142696,3.5599482669727);
#16=TOROIDAL_SURFACE('',#3624,29.047164142696,4.07171986573029);
#17=(
BOUNDED_SURFACE()
B_SPLINE_SURFACE(1,2,((#4603,#4604,#4605,#4606,#4607,#4608,#4609,#4610,
#4611),(#4612,#4613,#4614,#4615,#4616,#4617,#4618,#4619,#4620)),
 .UNSPECIFIED.,.F.,.T.,.F.)
B_SPLINE_SURFACE_WITH_KNOTS((2,2),(3,2,2,2,3),(-0.571616568507994,0.571616568507994),
(-3.14159265358979,-1.5707963267949,0.,1.5707963267949,3.14159265358979),
 .UNSPECIFIED.)
GEOMETRIC_REPRESENTATION_ITEM()
RATIONAL_B_SPLINE_SURFACE(((1.,0.707106781186548,1.,0.707106781186548,1.,
0.707106781186548,1.,0.707106781186548,1.),(1.,0.707106781186548,1.,0.707106781186548,
1.,0.707106781186548,1.,0.707106781186548,1.)))
REPRESENTATION_ITEM('')
SURFACE()
);
#18=(
BOUNDED_SURFACE()
B_SPLINE_SURFACE(1,2,((#4667,#4668,#4669,#4670,#4671,#4672,#4673,#4674,
#4675),(#4676,#4677,#4678,#4679,#4680,#4681,#4682,#4683,#4684)),
 .UNSPECIFIED.,.F.,.T.,.F.)
B_SPLINE_SURFACE_WITH_KNOTS((2,2),(3,2,2,2,3),(-0.571616568507993,0.571616568507993),
(-3.14159265358979,-1.5707963267949,0.,1.5707963267949,3.14159265358979),
 .UNSPECIFIED.)
GEOMETRIC_REPRESENTATION_ITEM()
RATIONAL_B_SPLINE_SURFACE(((1.,0.707106781186548,1.,0.707106781186548,1.,
0.707106781186548,1.,0.707106781186548,1.),(1.,0.707106781186548,1.,0.707106781186548,
1.,0.707106781186548,1.,0.707106781186548,1.)))
REPRESENTATION_ITEM('')
SURFACE()
);
#19=(
BOUNDED_SURFACE()
B_SPLINE_SURFACE(1,2,((#4733,#4734,#4735,#4736,#4737,#4738,#4739,#4740,
#4741),(#4742,#4743,#4744,#4745,#4746,#4747,#4748,#4749,#4750)),
 .UNSPECIFIED.,.F.,.T.,.F.)
B_SPLINE_SURFACE_WITH_KNOTS((2,2),(3,2,2,2,3),(-0.571616568507994,0.571616568507994),
(-3.14159265358979,-1.5707963267949,0.,1.5707963267949,3.14159265358979),
 .UNSPECIFIED.)
GEOMETRIC_REPRESENTATION_ITEM()
RATIONAL_B_SPLINE_SURFACE(((1.,0.707106781186548,1.,0.707106781186548,1.,
0.707106781186548,1.,0.707106781186548,1.),(1.,0.707106781186548,1.,0.707106781186548,
1.,0.707106781186548,1.,0.707106781186548,1.)))
REPRESENTATION_ITEM('')
SURFACE()
);
#20=(
BOUNDED_SURFACE()
B_SPLINE_SURFACE(1,2,((#4797,#4798,#4799,#4800,#4801,#4802,#4803,#4804,
#4805),(#4806,#4807,#4808,#4809,#4810,#4811,#4812,#4813,#4814)),
 .UNSPECIFIED.,.F.,.T.,.F.)
B_SPLINE_SURFACE_WITH_KNOTS((2,2),(3,2,2,2,3),(-0.571616568507995,0.571616568507995),
(-3.14159265358979,-1.5707963267949,0.,1.5707963267949,3.14159265358979),
 .UNSPECIFIED.)
GEOMETRIC_REPRESENTATION_ITEM()
RATIONAL_B_SPLINE_SURFACE(((1.,0.707106781186548,1.,0.707106781186548,1.,
0.707106781186548,1.,0.707106781186548,1.),(1.,0.707106781186548,1.,0.707106781186548,
1.,0.707106781186548,1.,0.707106781186548,1.)))
REPRESENTATION_ITEM('')
SURFACE()
);
#21=(
BOUNDED_SURFACE()
B_SPLINE_SURFACE(1,2,((#4861,#4862,#4863,#4864,#4865,#4866,#4867,#4868,
#4869),(#4870,#4871,#4872,#4873,#4874,#4875,#4876,#4877,#4878)),
 .UNSPECIFIED.,.F.,.T.,.F.)
B_SPLINE_SURFACE_WITH_KNOTS((2,2),(3,2,2,2,3),(-0.571616568507993,0.571616568507994),
(-3.14159265358979,-1.5707963267949,0.,1.5707963267949,3.14159265358979),
 .UNSPECIFIED.)
GEOMETRIC_REPRESENTATION_ITEM()
RATIONAL_B_SPLINE_SURFACE(((1.,0.707106781186548,1.,0.707106781186548,1.,
0.707106781186548,1.,0.707106781186548,1.),(1.,0.707106781186548,1.,0.707106781186548,
1.,0.707106781186548,1.,0.707106781186548,1.)))
REPRESENTATION_ITEM('')
SURFACE()
);
#22=(
BOUNDED_SURFACE()
B_SPLINE_SURFACE(1,2,((#4925,#4926,#4927,#4928,#4929,#4930,#4931,#4932,
#4933),(#4934,#4935,#4936,#4937,#4938,#4939,#4940,#4941,#4942)),
 .UNSPECIFIED.,.F.,.T.,.F.)
B_SPLINE_SURFACE_WITH_KNOTS((2,2),(3,2,2,2,3),(-0.571616568507995,0.571616568507995),
(-3.14159265358979,-1.5707963267949,0.,1.5707963267949,3.14159265358979),
 .UNSPECIFIED.)
GEOMETRIC_REPRESENTATION_ITEM()
RATIONAL_B_SPLINE_SURFACE(((1.,0.707106781186548,1.,0.707106781186548,1.,
0.707106781186548,1.,0.707106781186548,1.),(1.,0.707106781186548,1.,0.707106781186548,
1.,0.707106781186548,1.,0.707106781186548,1.)))
REPRESENTATION_ITEM('')
SURFACE()
);
#23=(
BOUNDED_SURFACE()
B_SPLINE_SURFACE(1,2,((#4989,#4990,#4991,#4992,#4993,#4994,#4995,#4996,
#4997),(#4998,#4999,#5000,#5001,#5002,#5003,#5004,#5005,#5006)),
 .UNSPECIFIED.,.F.,.T.,.F.)
B_SPLINE_SURFACE_WITH_KNOTS((2,2),(3,2,2,2,3),(-0.571616568507993,0.571616568507993),
(-3.14159265358979,-1.5707963267949,0.,1.5707963267949,3.14159265358979),
 .UNSPECIFIED.)
GEOMETRIC_REPRESENTATION_ITEM()
RATIONAL_B_SPLINE_SURFACE(((1.,0.707106781186548,1.,0.707106781186548,1.,
0.707106781186548,1.,0.707106781186548,1.),(1.,0.707106781186548,1.,0.707106781186548,
1.,0.707106781186548,1.,0.707106781186548,1.)))
REPRESENTATION_ITEM('')
SURFACE()
);
#24=(
BOUNDED_SURFACE()
B_SPLINE_SURFACE(1,2,((#5053,#5054,#5055,#5056,#5057,#5058,#5059,#5060,
#5061),(#5062,#5063,#5064,#5065,#5066,#5067,#5068,#5069,#5070)),
 .UNSPECIFIED.,.F.,.T.,.F.)
B_SPLINE_SURFACE_WITH_KNOTS((2,2),(3,2,2,2,3),(-0.571616568507994,0.571616568507994),
(-3.14159265358979,-1.5707963267949,0.,1.5707963267949,3.14159265358979),
 .UNSPECIFIED.)
GEOMETRIC_REPRESENTATION_ITEM()
RATIONAL_B_SPLINE_SURFACE(((1.,0.707106781186548,1.,0.707106781186548,1.,
0.707106781186548,1.,0.707106781186548,1.),(1.,0.707106781186548,1.,0.707106781186548,
1.,0.707106781186548,1.,0.707106781186548,1.)))
REPRESENTATION_ITEM('')
SURFACE()
);
#25=(
BOUNDED_SURFACE()
B_SPLINE_SURFACE(1,2,((#5117,#5118,#5119,#5120,#5121,#5122,#5123,#5124,
#5125),(#5126,#5127,#5128,#5129,#5130,#5131,#5132,#5133,#5134)),
 .UNSPECIFIED.,.F.,.T.,.F.)
B_SPLINE_SURFACE_WITH_KNOTS((2,2),(3,2,2,2,3),(-0.571616568507996,0.571616568507994),
(-3.14159265358979,-1.5707963267949,0.,1.5707963267949,3.14159265358979),
 .UNSPECIFIED.)
GEOMETRIC_REPRESENTATION_ITEM()
RATIONAL_B_SPLINE_SURFACE(((1.,0.707106781186548,1.,0.707106781186548,1.,
0.707106781186548,1.,0.707106781186548,1.),(1.,0.707106781186548,1.,0.707106781186548,
1.,0.707106781186548,1.,0.707106781186548,1.)))
REPRESENTATION_ITEM('')
SURFACE()
);
#26=(
BOUNDED_SURFACE()
B_SPLINE_SURFACE(1,2,((#5181,#5182,#5183,#5184,#5185,#5186,#5187,#5188,
#5189),(#5190,#5191,#5192,#5193,#5194,#5195,#5196,#5197,#5198)),
 .UNSPECIFIED.,.F.,.T.,.F.)
B_SPLINE_SURFACE_WITH_KNOTS((2,2),(3,2,2,2,3),(-0.571616568507993,0.571616568507994),
(-3.14159265358979,-1.5707963267949,0.,1.5707963267949,3.14159265358979),
 .UNSPECIFIED.)
GEOMETRIC_REPRESENTATION_ITEM()
RATIONAL_B_SPLINE_SURFACE(((1.,0.707106781186548,1.,0.707106781186548,1.,
0.707106781186548,1.,0.707106781186548,1.),(1.,0.707106781186548,1.,0.707106781186548,
1.,0.707106781186548,1.,0.707106781186548,1.)))
REPRESENTATION_ITEM('')
SURFACE()
);
#27=(
BOUNDED_SURFACE()
B_SPLINE_SURFACE(1,2,((#5247,#5248,#5249,#5250,#5251,#5252,#5253,#5254,
#5255),(#5256,#5257,#5258,#5259,#5260,#5261,#5262,#5263,#5264)),
 .UNSPECIFIED.,.F.,.T.,.F.)
B_SPLINE_SURFACE_WITH_KNOTS((2,2),(3,2,2,2,3),(-0.571616568507993,0.571616568507993),
(-3.14159265358979,-1.5707963267949,0.,1.5707963267949,3.14159265358979),
 .UNSPECIFIED.)
GEOMETRIC_REPRESENTATION_ITEM()
RATIONAL_B_SPLINE_SURFACE(((1.,0.707106781186548,1.,0.707106781186548,1.,
0.707106781186548,1.,0.707106781186548,1.),(1.,0.707106781186548,1.,0.707106781186548,
1.,0.707106781186548,1.,0.707106781186548,1.)))
REPRESENTATION_ITEM('')
SURFACE()
);
#28=(
BOUNDED_SURFACE()
B_SPLINE_SURFACE(1,2,((#5313,#5314,#5315,#5316,#5317,#5318,#5319,#5320,
#5321),(#5322,#5323,#5324,#5325,#5326,#5327,#5328,#5329,#5330)),
 .UNSPECIFIED.,.F.,.T.,.F.)
B_SPLINE_SURFACE_WITH_KNOTS((2,2),(3,2,2,2,3),(-0.571616568507994,0.571616568507994),
(-3.14159265358979,-1.5707963267949,0.,1.5707963267949,3.14159265358979),
 .UNSPECIFIED.)
GEOMETRIC_REPRESENTATION_ITEM()
RATIONAL_B_SPLINE_SURFACE(((1.,0.707106781186548,1.,0.707106781186548,1.,
0.707106781186548,1.,0.707106781186548,1.),(1.,0.707106781186548,1.,0.707106781186548,
1.,0.707106781186548,1.,0.707106781186548,1.)))
REPRESENTATION_ITEM('')
SURFACE()
);
#29=(
BOUNDED_SURFACE()
B_SPLINE_SURFACE(1,2,((#5377,#5378,#5379,#5380,#5381,#5382,#5383,#5384,
#5385),(#5386,#5387,#5388,#5389,#5390,#5391,#5392,#5393,#5394)),
 .UNSPECIFIED.,.F.,.T.,.F.)
B_SPLINE_SURFACE_WITH_KNOTS((2,2),(3,2,2,2,3),(-0.571616568507993,0.571616568507994),
(-3.14159265358979,-1.5707963267949,0.,1.5707963267949,3.14159265358979),
 .UNSPECIFIED.)
GEOMETRIC_REPRESENTATION_ITEM()
RATIONAL_B_SPLINE_SURFACE(((1.,0.707106781186548,1.,0.707106781186548,1.,
0.707106781186548,1.,0.707106781186548,1.),(1.,0.707106781186548,1.,0.707106781186548,
1.,0.707106781186548,1.,0.707106781186548,1.)))
REPRESENTATION_ITEM('')
SURFACE()
);
#30=(
BOUNDED_SURFACE()
B_SPLINE_SURFACE(1,2,((#5443,#5444,#5445,#5446,#5447,#5448,#5449,#5450,
#5451),(#5452,#5453,#5454,#5455,#5456,#5457,#5458,#5459,#5460)),
 .UNSPECIFIED.,.F.,.T.,.F.)
B_SPLINE_SURFACE_WITH_KNOTS((2,2),(3,2,2,2,3),(-0.571616568507993,0.571616568507993),
(-3.14159265358979,-1.5707963267949,0.,1.5707963267949,3.14159265358979),
 .UNSPECIFIED.)
GEOMETRIC_REPRESENTATION_ITEM()
RATIONAL_B_SPLINE_SURFACE(((1.,0.707106781186548,1.,0.707106781186548,1.,
0.707106781186548,1.,0.707106781186548,1.),(1.,0.707106781186548,1.,0.707106781186548,
1.,0.707106781186548,1.,0.707106781186548,1.)))
REPRESENTATION_ITEM('')
SURFACE()
);
#31=(
BOUNDED_SURFACE()
B_SPLINE_SURFACE(1,2,((#5509,#5510,#5511,#5512,#5513,#5514,#5515,#5516,
#5517),(#5518,#5519,#5520,#5521,#5522,#5523,#5524,#5525,#5526)),
 .UNSPECIFIED.,.F.,.T.,.F.)
B_SPLINE_SURFACE_WITH_KNOTS((2,2),(3,2,2,2,3),(-0.571616568507993,0.571616568507993),
(-3.14159265358979,-1.5707963267949,0.,1.5707963267949,3.14159265358979),
 .UNSPECIFIED.)
GEOMETRIC_REPRESENTATION_ITEM()
RATIONAL_B_SPLINE_SURFACE(((1.,0.707106781186548,1.,0.707106781186548,1.,
0.707106781186548,1.,0.707106781186548,1.),(1.,0.707106781186548,1.,0.707106781186548,
1.,0.707106781186548,1.,0.707106781186548,1.)))
REPRESENTATION_ITEM('')
SURFACE()
);
#32=(
BOUNDED_SURFACE()
B_SPLINE_SURFACE(1,2,((#5573,#5574,#5575,#5576,#5577,#5578,#5579,#5580,
#5581),(#5582,#5583,#5584,#5585,#5586,#5587,#5588,#5589,#5590)),
 .UNSPECIFIED.,.F.,.T.,.F.)
B_SPLINE_SURFACE_WITH_KNOTS((2,2),(3,2,2,2,3),(-0.571616568507993,0.571616568507993),
(-3.14159265358979,-1.5707963267949,0.,1.5707963267949,3.14159265358979),
 .UNSPECIFIED.)
GEOMETRIC_REPRESENTATION_ITEM()
RATIONAL_B_SPLINE_SURFACE(((1.,0.707106781186548,1.,0.707106781186548,1.,
0.707106781186548,1.,0.707106781186548,1.),(1.,0.707106781186548,1.,0.707106781186548,
1.,0.707106781186548,1.,0.707106781186548,1.)))
REPRESENTATION_ITEM('')
SURFACE()
);
#33=ELLIPSE('',#3443,1.74942444829784,1.32257105806514);
#34=ELLIPSE('',#3444,1.74942444829784,1.32257105806514);
#35=ELLIPSE('',#3453,1.74942444829784,1.32257105806514);
#36=ELLIPSE('',#3454,1.74942444829784,1.32257105806514);
#37=ELLIPSE('',#3463,1.74942444829784,1.32257105806514);
#38=ELLIPSE('',#3464,1.74942444829784,1.32257105806514);
#39=ELLIPSE('',#3473,1.74942444829784,1.32257105806514);
#40=ELLIPSE('',#3474,1.74942444829784,1.32257105806514);
#41=ELLIPSE('',#3483,1.74942444829784,1.32257105806514);
#42=ELLIPSE('',#3484,1.74942444829784,1.32257105806514);
#43=ELLIPSE('',#3493,1.74942444829784,1.32257105806514);
#44=ELLIPSE('',#3494,1.74942444829784,1.32257105806514);
#45=ELLIPSE('',#3503,1.74942444829784,1.32257105806514);
#46=ELLIPSE('',#3504,1.74942444829784,1.32257105806514);
#47=ELLIPSE('',#3513,1.74942444829784,1.32257105806514);
#48=ELLIPSE('',#3514,1.74942444829784,1.32257105806514);
#49=ELLIPSE('',#3523,1.74942444829784,1.32257105806514);
#50=ELLIPSE('',#3524,1.74942444829784,1.32257105806514);
#51=ELLIPSE('',#3533,1.74942444829784,1.32257105806514);
#52=ELLIPSE('',#3534,1.74942444829784,1.32257105806514);
#53=ELLIPSE('',#3543,1.74942444829784,1.32257105806514);
#54=ELLIPSE('',#3544,1.74942444829784,1.32257105806514);
#55=ELLIPSE('',#3553,1.74942444829784,1.32257105806514);
#56=ELLIPSE('',#3554,1.74942444829784,1.32257105806514);
#57=ELLIPSE('',#3563,1.74942444829784,1.32257105806514);
#58=ELLIPSE('',#3564,1.74942444829784,1.32257105806514);
#59=ELLIPSE('',#3573,1.74942444829784,1.32257105806514);
#60=ELLIPSE('',#3574,1.74942444829784,1.32257105806514);
#61=ELLIPSE('',#3583,1.74942444829784,1.32257105806514);
#62=ELLIPSE('',#3584,1.74942444829784,1.32257105806514);
#63=ELLIPSE('',#3593,1.74942444829784,1.32257105806514);
#64=ELLIPSE('',#3594,1.74942444829784,1.32257105806514);
#65=PLANE('',#3421);
#66=PLANE('',#3431);
#67=PLANE('',#3432);
#68=PLANE('',#3433);
#69=PLANE('',#3440);
#70=PLANE('',#3441);
#71=PLANE('',#3442);
#72=PLANE('',#3445);
#73=PLANE('',#3446);
#74=PLANE('',#3447);
#75=PLANE('',#3448);
#76=PLANE('',#3449);
#77=PLANE('',#3450);
#78=PLANE('',#3451);
#79=PLANE('',#3452);
#80=PLANE('',#3455);
#81=PLANE('',#3456);
#82=PLANE('',#3457);
#83=PLANE('',#3458);
#84=PLANE('',#3459);
#85=PLANE('',#3460);
#86=PLANE('',#3461);
#87=PLANE('',#3462);
#88=PLANE('',#3465);
#89=PLANE('',#3466);
#90=PLANE('',#3467);
#91=PLANE('',#3468);
#92=PLANE('',#3469);
#93=PLANE('',#3470);
#94=PLANE('',#3471);
#95=PLANE('',#3472);
#96=PLANE('',#3475);
#97=PLANE('',#3476);
#98=PLANE('',#3477);
#99=PLANE('',#3478);
#100=PLANE('',#3479);
#101=PLANE('',#3480);
#102=PLANE('',#3481);
#103=PLANE('',#3482);
#104=PLANE('',#3485);
#105=PLANE('',#3486);
#106=PLANE('',#3487);
#107=PLANE('',#3488);
#108=PLANE('',#3489);
#109=PLANE('',#3490);
#110=PLANE('',#3491);
#111=PLANE('',#3492);
#112=PLANE('',#3495);
#113=PLANE('',#3496);
#114=PLANE('',#3497);
#115=PLANE('',#3498);
#116=PLANE('',#3499);
#117=PLANE('',#3500);
#118=PLANE('',#3501);
#119=PLANE('',#3502);
#120=PLANE('',#3505);
#121=PLANE('',#3506);
#122=PLANE('',#3507);
#123=PLANE('',#3508);
#124=PLANE('',#3509);
#125=PLANE('',#3510);
#126=PLANE('',#3511);
#127=PLANE('',#3512);
#128=PLANE('',#3515);
#129=PLANE('',#3516);
#130=PLANE('',#3517);
#131=PLANE('',#3518);
#132=PLANE('',#3519);
#133=PLANE('',#3520);
#134=PLANE('',#3521);
#135=PLANE('',#3522);
#136=PLANE('',#3525);
#137=PLANE('',#3526);
#138=PLANE('',#3527);
#139=PLANE('',#3528);
#140=PLANE('',#3529);
#141=PLANE('',#3530);
#142=PLANE('',#3531);
#143=PLANE('',#3532);
#144=PLANE('',#3535);
#145=PLANE('',#3536);
#146=PLANE('',#3537);
#147=PLANE('',#3538);
#148=PLANE('',#3539);
#149=PLANE('',#3540);
#150=PLANE('',#3541);
#151=PLANE('',#3542);
#152=PLANE('',#3545);
#153=PLANE('',#3546);
#154=PLANE('',#3547);
#155=PLANE('',#3548);
#156=PLANE('',#3549);
#157=PLANE('',#3550);
#158=PLANE('',#3551);
#159=PLANE('',#3552);
#160=PLANE('',#3555);
#161=PLANE('',#3556);
#162=PLANE('',#3557);
#163=PLANE('',#3558);
#164=PLANE('',#3559);
#165=PLANE('',#3560);
#166=PLANE('',#3561);
#167=PLANE('',#3562);
#168=PLANE('',#3565);
#169=PLANE('',#3566);
#170=PLANE('',#3567);
#171=PLANE('',#3568);
#172=PLANE('',#3569);
#173=PLANE('',#3570);
#174=PLANE('',#3571);
#175=PLANE('',#3572);
#176=PLANE('',#3575);
#177=PLANE('',#3576);
#178=PLANE('',#3577);
#179=PLANE('',#3578);
#180=PLANE('',#3579);
#181=PLANE('',#3580);
#182=PLANE('',#3581);
#183=PLANE('',#3582);
#184=PLANE('',#3585);
#185=PLANE('',#3586);
#186=PLANE('',#3587);
#187=PLANE('',#3588);
#188=PLANE('',#3589);
#189=PLANE('',#3590);
#190=PLANE('',#3591);
#191=PLANE('',#3592);
#192=PLANE('',#3595);
#193=PLANE('',#3596);
#194=PLANE('',#3597);
#195=PLANE('',#3598);
#196=PLANE('',#3599);
#197=PLANE('',#3600);
#198=PLANE('',#3601);
#199=PLANE('',#3609);
#200=PLANE('',#3612);
#201=PLANE('',#3617);
#202=PLANE('',#3622);
#203=PLANE('',#3626);
#204=PLANE('',#3627);
#205=PLANE('',#3628);
#206=FACE_BOUND('',#449,.T.);
#207=FACE_BOUND('',#450,.T.);
#208=FACE_BOUND('',#451,.T.);
#209=FACE_BOUND('',#452,.T.);
#210=FACE_BOUND('',#453,.T.);
#211=FACE_BOUND('',#454,.T.);
#212=FACE_BOUND('',#455,.T.);
#213=FACE_BOUND('',#456,.T.);
#214=FACE_BOUND('',#457,.T.);
#215=FACE_BOUND('',#460,.T.);
#216=FACE_BOUND('',#465,.T.);
#217=FACE_BOUND('',#466,.T.);
#218=FACE_BOUND('',#467,.T.);
#219=FACE_BOUND('',#471,.T.);
#220=FACE_BOUND('',#479,.T.);
#221=FACE_BOUND('',#482,.T.);
#222=FACE_BOUND('',#490,.T.);
#223=FACE_BOUND('',#493,.T.);
#224=FACE_BOUND('',#501,.T.);
#225=FACE_BOUND('',#504,.T.);
#226=FACE_BOUND('',#512,.T.);
#227=FACE_BOUND('',#515,.T.);
#228=FACE_BOUND('',#523,.T.);
#229=FACE_BOUND('',#526,.T.);
#230=FACE_BOUND('',#534,.T.);
#231=FACE_BOUND('',#537,.T.);
#232=FACE_BOUND('',#545,.T.);
#233=FACE_BOUND('',#548,.T.);
#234=FACE_BOUND('',#556,.T.);
#235=FACE_BOUND('',#559,.T.);
#236=FACE_BOUND('',#567,.T.);
#237=FACE_BOUND('',#570,.T.);
#238=FACE_BOUND('',#578,.T.);
#239=FACE_BOUND('',#581,.T.);
#240=FACE_BOUND('',#589,.T.);
#241=FACE_BOUND('',#592,.T.);
#242=FACE_BOUND('',#600,.T.);
#243=FACE_BOUND('',#603,.T.);
#244=FACE_BOUND('',#611,.T.);
#245=FACE_BOUND('',#614,.T.);
#246=FACE_BOUND('',#622,.T.);
#247=FACE_BOUND('',#625,.T.);
#248=FACE_BOUND('',#633,.T.);
#249=FACE_BOUND('',#636,.T.);
#250=FACE_BOUND('',#644,.T.);
#251=FACE_BOUND('',#646,.T.);
#252=FACE_BOUND('',#647,.T.);
#253=FACE_BOUND('',#648,.T.);
#254=FACE_BOUND('',#649,.T.);
#255=FACE_BOUND('',#650,.T.);
#256=FACE_BOUND('',#651,.T.);
#257=FACE_BOUND('',#660,.T.);
#258=FACE_BOUND('',#661,.T.);
#259=FACE_BOUND('',#662,.T.);
#260=FACE_BOUND('',#663,.T.);
#261=FACE_BOUND('',#664,.T.);
#262=FACE_BOUND('',#666,.T.);
#263=FACE_BOUND('',#667,.T.);
#264=FACE_BOUND('',#668,.T.);
#265=FACE_BOUND('',#669,.T.);
#266=FACE_BOUND('',#670,.T.);
#267=FACE_BOUND('',#671,.T.);
#268=FACE_BOUND('',#672,.T.);
#269=FACE_BOUND('',#673,.T.);
#270=FACE_BOUND('',#674,.T.);
#271=FACE_BOUND('',#675,.T.);
#272=FACE_BOUND('',#676,.T.);
#273=FACE_BOUND('',#677,.T.);
#274=FACE_BOUND('',#678,.T.);
#275=FACE_BOUND('',#679,.T.);
#276=FACE_BOUND('',#680,.T.);
#277=FACE_BOUND('',#681,.T.);
#278=FACE_BOUND('',#682,.T.);
#279=FACE_BOUND('',#685,.T.);
#280=FACE_OUTER_BOUND('',#448,.T.);
#281=FACE_OUTER_BOUND('',#458,.T.);
#282=FACE_OUTER_BOUND('',#459,.T.);
#283=FACE_OUTER_BOUND('',#461,.T.);
#284=FACE_OUTER_BOUND('',#462,.T.);
#285=FACE_OUTER_BOUND('',#463,.T.);
#286=FACE_OUTER_BOUND('',#464,.T.);
#287=FACE_OUTER_BOUND('',#468,.T.);
#288=FACE_OUTER_BOUND('',#469,.T.);
#289=FACE_OUTER_BOUND('',#470,.T.);
#290=FACE_OUTER_BOUND('',#472,.T.);
#291=FACE_OUTER_BOUND('',#473,.T.);
#292=FACE_OUTER_BOUND('',#474,.T.);
#293=FACE_OUTER_BOUND('',#475,.T.);
#294=FACE_OUTER_BOUND('',#476,.T.);
#295=FACE_OUTER_BOUND('',#477,.T.);
#296=FACE_OUTER_BOUND('',#478,.T.);
#297=FACE_OUTER_BOUND('',#480,.T.);
#298=FACE_OUTER_BOUND('',#481,.T.);
#299=FACE_OUTER_BOUND('',#483,.T.);
#300=FACE_OUTER_BOUND('',#484,.T.);
#301=FACE_OUTER_BOUND('',#485,.T.);
#302=FACE_OUTER_BOUND('',#486,.T.);
#303=FACE_OUTER_BOUND('',#487,.T.);
#304=FACE_OUTER_BOUND('',#488,.T.);
#305=FACE_OUTER_BOUND('',#489,.T.);
#306=FACE_OUTER_BOUND('',#491,.T.);
#307=FACE_OUTER_BOUND('',#492,.T.);
#308=FACE_OUTER_BOUND('',#494,.T.);
#309=FACE_OUTER_BOUND('',#495,.T.);
#310=FACE_OUTER_BOUND('',#496,.T.);
#311=FACE_OUTER_BOUND('',#497,.T.);
#312=FACE_OUTER_BOUND('',#498,.T.);
#313=FACE_OUTER_BOUND('',#499,.T.);
#314=FACE_OUTER_BOUND('',#500,.T.);
#315=FACE_OUTER_BOUND('',#502,.T.);
#316=FACE_OUTER_BOUND('',#503,.T.);
#317=FACE_OUTER_BOUND('',#505,.T.);
#318=FACE_OUTER_BOUND('',#506,.T.);
#319=FACE_OUTER_BOUND('',#507,.T.);
#320=FACE_OUTER_BOUND('',#508,.T.);
#321=FACE_OUTER_BOUND('',#509,.T.);
#322=FACE_OUTER_BOUND('',#510,.T.);
#323=FACE_OUTER_BOUND('',#511,.T.);
#324=FACE_OUTER_BOUND('',#513,.T.);
#325=FACE_OUTER_BOUND('',#514,.T.);
#326=FACE_OUTER_BOUND('',#516,.T.);
#327=FACE_OUTER_BOUND('',#517,.T.);
#328=FACE_OUTER_BOUND('',#518,.T.);
#329=FACE_OUTER_BOUND('',#519,.T.);
#330=FACE_OUTER_BOUND('',#520,.T.);
#331=FACE_OUTER_BOUND('',#521,.T.);
#332=FACE_OUTER_BOUND('',#522,.T.);
#333=FACE_OUTER_BOUND('',#524,.T.);
#334=FACE_OUTER_BOUND('',#525,.T.);
#335=FACE_OUTER_BOUND('',#527,.T.);
#336=FACE_OUTER_BOUND('',#528,.T.);
#337=FACE_OUTER_BOUND('',#529,.T.);
#338=FACE_OUTER_BOUND('',#530,.T.);
#339=FACE_OUTER_BOUND('',#531,.T.);
#340=FACE_OUTER_BOUND('',#532,.T.);
#341=FACE_OUTER_BOUND('',#533,.T.);
#342=FACE_OUTER_BOUND('',#535,.T.);
#343=FACE_OUTER_BOUND('',#536,.T.);
#344=FACE_OUTER_BOUND('',#538,.T.);
#345=FACE_OUTER_BOUND('',#539,.T.);
#346=FACE_OUTER_BOUND('',#540,.T.);
#347=FACE_OUTER_BOUND('',#541,.T.);
#348=FACE_OUTER_BOUND('',#542,.T.);
#349=FACE_OUTER_BOUND('',#543,.T.);
#350=FACE_OUTER_BOUND('',#544,.T.);
#351=FACE_OUTER_BOUND('',#546,.T.);
#352=FACE_OUTER_BOUND('',#547,.T.);
#353=FACE_OUTER_BOUND('',#549,.T.);
#354=FACE_OUTER_BOUND('',#550,.T.);
#355=FACE_OUTER_BOUND('',#551,.T.);
#356=FACE_OUTER_BOUND('',#552,.T.);
#357=FACE_OUTER_BOUND('',#553,.T.);
#358=FACE_OUTER_BOUND('',#554,.T.);
#359=FACE_OUTER_BOUND('',#555,.T.);
#360=FACE_OUTER_BOUND('',#557,.T.);
#361=FACE_OUTER_BOUND('',#558,.T.);
#362=FACE_OUTER_BOUND('',#560,.T.);
#363=FACE_OUTER_BOUND('',#561,.T.);
#364=FACE_OUTER_BOUND('',#562,.T.);
#365=FACE_OUTER_BOUND('',#563,.T.);
#366=FACE_OUTER_BOUND('',#564,.T.);
#367=FACE_OUTER_BOUND('',#565,.T.);
#368=FACE_OUTER_BOUND('',#566,.T.);
#369=FACE_OUTER_BOUND('',#568,.T.);
#370=FACE_OUTER_BOUND('',#569,.T.);
#371=FACE_OUTER_BOUND('',#571,.T.);
#372=FACE_OUTER_BOUND('',#572,.T.);
#373=FACE_OUTER_BOUND('',#573,.T.);
#374=FACE_OUTER_BOUND('',#574,.T.);
#375=FACE_OUTER_BOUND('',#575,.T.);
#376=FACE_OUTER_BOUND('',#576,.T.);
#377=FACE_OUTER_BOUND('',#577,.T.);
#378=FACE_OUTER_BOUND('',#579,.T.);
#379=FACE_OUTER_BOUND('',#580,.T.);
#380=FACE_OUTER_BOUND('',#582,.T.);
#381=FACE_OUTER_BOUND('',#583,.T.);
#382=FACE_OUTER_BOUND('',#584,.T.);
#383=FACE_OUTER_BOUND('',#585,.T.);
#384=FACE_OUTER_BOUND('',#586,.T.);
#385=FACE_OUTER_BOUND('',#587,.T.);
#386=FACE_OUTER_BOUND('',#588,.T.);
#387=FACE_OUTER_BOUND('',#590,.T.);
#388=FACE_OUTER_BOUND('',#591,.T.);
#389=FACE_OUTER_BOUND('',#593,.T.);
#390=FACE_OUTER_BOUND('',#594,.T.);
#391=FACE_OUTER_BOUND('',#595,.T.);
#392=FACE_OUTER_BOUND('',#596,.T.);
#393=FACE_OUTER_BOUND('',#597,.T.);
#394=FACE_OUTER_BOUND('',#598,.T.);
#395=FACE_OUTER_BOUND('',#599,.T.);
#396=FACE_OUTER_BOUND('',#601,.T.);
#397=FACE_OUTER_BOUND('',#602,.T.);
#398=FACE_OUTER_BOUND('',#604,.T.);
#399=FACE_OUTER_BOUND('',#605,.T.);
#400=FACE_OUTER_BOUND('',#606,.T.);
#401=FACE_OUTER_BOUND('',#607,.T.);
#402=FACE_OUTER_BOUND('',#608,.T.);
#403=FACE_OUTER_BOUND('',#609,.T.);
#404=FACE_OUTER_BOUND('',#610,.T.);
#405=FACE_OUTER_BOUND('',#612,.T.);
#406=FACE_OUTER_BOUND('',#613,.T.);
#407=FACE_OUTER_BOUND('',#615,.T.);
#408=FACE_OUTER_BOUND('',#616,.T.);
#409=FACE_OUTER_BOUND('',#617,.T.);
#410=FACE_OUTER_BOUND('',#618,.T.);
#411=FACE_OUTER_BOUND('',#619,.T.);
#412=FACE_OUTER_BOUND('',#620,.T.);
#413=FACE_OUTER_BOUND('',#621,.T.);
#414=FACE_OUTER_BOUND('',#623,.T.);
#415=FACE_OUTER_BOUND('',#624,.T.);
#416=FACE_OUTER_BOUND('',#626,.T.);
#417=FACE_OUTER_BOUND('',#627,.T.);
#418=FACE_OUTER_BOUND('',#628,.T.);
#419=FACE_OUTER_BOUND('',#629,.T.);
#420=FACE_OUTER_BOUND('',#630,.T.);
#421=FACE_OUTER_BOUND('',#631,.T.);
#422=FACE_OUTER_BOUND('',#632,.T.);
#423=FACE_OUTER_BOUND('',#634,.T.);
#424=FACE_OUTER_BOUND('',#635,.T.);
#425=FACE_OUTER_BOUND('',#637,.T.);
#426=FACE_OUTER_BOUND('',#638,.T.);
#427=FACE_OUTER_BOUND('',#639,.T.);
#428=FACE_OUTER_BOUND('',#640,.T.);
#429=FACE_OUTER_BOUND('',#641,.T.);
#430=FACE_OUTER_BOUND('',#642,.T.);
#431=FACE_OUTER_BOUND('',#643,.T.);
#432=FACE_OUTER_BOUND('',#645,.T.);
#433=FACE_OUTER_BOUND('',#652,.T.);
#434=FACE_OUTER_BOUND('',#653,.T.);
#435=FACE_OUTER_BOUND('',#654,.T.);
#436=FACE_OUTER_BOUND('',#655,.T.);
#437=FACE_OUTER_BOUND('',#656,.T.);
#438=FACE_OUTER_BOUND('',#657,.T.);
#439=FACE_OUTER_BOUND('',#658,.T.);
#440=FACE_OUTER_BOUND('',#659,.T.);
#441=FACE_OUTER_BOUND('',#665,.T.);
#442=FACE_OUTER_BOUND('',#683,.T.);
#443=FACE_OUTER_BOUND('',#684,.T.);
#444=FACE_OUTER_BOUND('',#686,.T.);
#445=FACE_OUTER_BOUND('',#687,.T.);
#446=FACE_OUTER_BOUND('',#688,.T.);
#447=FACE_OUTER_BOUND('',#689,.T.);
#448=EDGE_LOOP('',(#2300,#2301,#2302,#2303,#2304,#2305,#2306,#2307));
#449=EDGE_LOOP('',(#2308,#2309));
#450=EDGE_LOOP('',(#2310,#2311));
#451=EDGE_LOOP('',(#2312,#2313));
#452=EDGE_LOOP('',(#2314,#2315));
#453=EDGE_LOOP('',(#2316,#2317));
#454=EDGE_LOOP('',(#2318,#2319));
#455=EDGE_LOOP('',(#2320,#2321));
#456=EDGE_LOOP('',(#2322,#2323));
#457=EDGE_LOOP('',(#2324,#2325));
#458=EDGE_LOOP('',(#2326,#2327,#2328,#2329));
#459=EDGE_LOOP('',(#2330));
#460=EDGE_LOOP('',(#2331));
#461=EDGE_LOOP('',(#2332,#2333,#2334,#2335,#2336,#2337,#2338,#2339,#2340,
#2341,#2342,#2343,#2344,#2345,#2346,#2347));
#462=EDGE_LOOP('',(#2348,#2349,#2350,#2351));
#463=EDGE_LOOP('',(#2352,#2353,#2354,#2355));
#464=EDGE_LOOP('',(#2356,#2357));
#465=EDGE_LOOP('',(#2358,#2359,#2360,#2361,#2362,#2363,#2364,#2365,#2366,
#2367,#2368,#2369,#2370));
#466=EDGE_LOOP('',(#2371,#2372));
#467=EDGE_LOOP('',(#2373,#2374));
#468=EDGE_LOOP('',(#2375,#2376,#2377,#2378));
#469=EDGE_LOOP('',(#2379,#2380,#2381,#2382));
#470=EDGE_LOOP('',(#2383,#2384,#2385,#2386,#2387,#2388));
#471=EDGE_LOOP('',(#2389));
#472=EDGE_LOOP('',(#2390,#2391,#2392,#2393));
#473=EDGE_LOOP('',(#2394,#2395,#2396,#2397,#2398));
#474=EDGE_LOOP('',(#2399,#2400,#2401,#2402));
#475=EDGE_LOOP('',(#2403,#2404,#2405,#2406));
#476=EDGE_LOOP('',(#2407,#2408,#2409,#2410,#2411));
#477=EDGE_LOOP('',(#2412,#2413,#2414,#2415));
#478=EDGE_LOOP('',(#2416,#2417,#2418,#2419,#2420,#2421));
#479=EDGE_LOOP('',(#2422));
#480=EDGE_LOOP('',(#2423,#2424,#2425,#2426));
#481=EDGE_LOOP('',(#2427,#2428,#2429,#2430,#2431,#2432));
#482=EDGE_LOOP('',(#2433));
#483=EDGE_LOOP('',(#2434,#2435,#2436,#2437));
#484=EDGE_LOOP('',(#2438,#2439,#2440,#2441,#2442));
#485=EDGE_LOOP('',(#2443,#2444,#2445,#2446));
#486=EDGE_LOOP('',(#2447,#2448,#2449,#2450));
#487=EDGE_LOOP('',(#2451,#2452,#2453,#2454,#2455));
#488=EDGE_LOOP('',(#2456,#2457,#2458,#2459));
#489=EDGE_LOOP('',(#2460,#2461,#2462,#2463,#2464,#2465));
#490=EDGE_LOOP('',(#2466));
#491=EDGE_LOOP('',(#2467,#2468,#2469,#2470));
#492=EDGE_LOOP('',(#2471,#2472,#2473,#2474,#2475,#2476));
#493=EDGE_LOOP('',(#2477));
#494=EDGE_LOOP('',(#2478,#2479,#2480,#2481));
#495=EDGE_LOOP('',(#2482,#2483,#2484,#2485,#2486));
#496=EDGE_LOOP('',(#2487,#2488,#2489,#2490));
#497=EDGE_LOOP('',(#2491,#2492,#2493,#2494));
#498=EDGE_LOOP('',(#2495,#2496,#2497,#2498,#2499));
#499=EDGE_LOOP('',(#2500,#2501,#2502,#2503));
#500=EDGE_LOOP('',(#2504,#2505,#2506,#2507,#2508,#2509));
#501=EDGE_LOOP('',(#2510));
#502=EDGE_LOOP('',(#2511,#2512,#2513,#2514));
#503=EDGE_LOOP('',(#2515,#2516,#2517,#2518,#2519,#2520));
#504=EDGE_LOOP('',(#2521));
#505=EDGE_LOOP('',(#2522,#2523,#2524,#2525));
#506=EDGE_LOOP('',(#2526,#2527,#2528,#2529,#2530));
#507=EDGE_LOOP('',(#2531,#2532,#2533,#2534));
#508=EDGE_LOOP('',(#2535,#2536,#2537,#2538));
#509=EDGE_LOOP('',(#2539,#2540,#2541,#2542,#2543));
#510=EDGE_LOOP('',(#2544,#2545,#2546,#2547));
#511=EDGE_LOOP('',(#2548,#2549,#2550,#2551,#2552,#2553));
#512=EDGE_LOOP('',(#2554));
#513=EDGE_LOOP('',(#2555,#2556,#2557,#2558));
#514=EDGE_LOOP('',(#2559,#2560,#2561,#2562,#2563,#2564));
#515=EDGE_LOOP('',(#2565));
#516=EDGE_LOOP('',(#2566,#2567,#2568,#2569));
#517=EDGE_LOOP('',(#2570,#2571,#2572,#2573,#2574));
#518=EDGE_LOOP('',(#2575,#2576,#2577,#2578));
#519=EDGE_LOOP('',(#2579,#2580,#2581,#2582));
#520=EDGE_LOOP('',(#2583,#2584,#2585,#2586,#2587));
#521=EDGE_LOOP('',(#2588,#2589,#2590,#2591));
#522=EDGE_LOOP('',(#2592,#2593,#2594,#2595,#2596,#2597));
#523=EDGE_LOOP('',(#2598));
#524=EDGE_LOOP('',(#2599,#2600,#2601,#2602));
#525=EDGE_LOOP('',(#2603,#2604,#2605,#2606,#2607,#2608));
#526=EDGE_LOOP('',(#2609));
#527=EDGE_LOOP('',(#2610,#2611,#2612,#2613));
#528=EDGE_LOOP('',(#2614,#2615,#2616,#2617,#2618));
#529=EDGE_LOOP('',(#2619,#2620,#2621,#2622));
#530=EDGE_LOOP('',(#2623,#2624,#2625,#2626));
#531=EDGE_LOOP('',(#2627,#2628,#2629,#2630,#2631));
#532=EDGE_LOOP('',(#2632,#2633,#2634,#2635));
#533=EDGE_LOOP('',(#2636,#2637,#2638,#2639,#2640,#2641));
#534=EDGE_LOOP('',(#2642));
#535=EDGE_LOOP('',(#2643,#2644,#2645,#2646));
#536=EDGE_LOOP('',(#2647,#2648,#2649,#2650,#2651,#2652));
#537=EDGE_LOOP('',(#2653));
#538=EDGE_LOOP('',(#2654,#2655,#2656,#2657));
#539=EDGE_LOOP('',(#2658,#2659,#2660,#2661,#2662));
#540=EDGE_LOOP('',(#2663,#2664,#2665,#2666));
#541=EDGE_LOOP('',(#2667,#2668,#2669,#2670));
#542=EDGE_LOOP('',(#2671,#2672,#2673,#2674,#2675));
#543=EDGE_LOOP('',(#2676,#2677,#2678,#2679));
#544=EDGE_LOOP('',(#2680,#2681,#2682,#2683,#2684,#2685));
#545=EDGE_LOOP('',(#2686));
#546=EDGE_LOOP('',(#2687,#2688,#2689,#2690));
#547=EDGE_LOOP('',(#2691,#2692,#2693,#2694,#2695,#2696));
#548=EDGE_LOOP('',(#2697));
#549=EDGE_LOOP('',(#2698,#2699,#2700,#2701));
#550=EDGE_LOOP('',(#2702,#2703,#2704,#2705,#2706));
#551=EDGE_LOOP('',(#2707,#2708,#2709,#2710));
#552=EDGE_LOOP('',(#2711,#2712,#2713,#2714));
#553=EDGE_LOOP('',(#2715,#2716,#2717,#2718,#2719));
#554=EDGE_LOOP('',(#2720,#2721,#2722,#2723));
#555=EDGE_LOOP('',(#2724,#2725,#2726,#2727,#2728,#2729));
#556=EDGE_LOOP('',(#2730));
#557=EDGE_LOOP('',(#2731,#2732,#2733,#2734));
#558=EDGE_LOOP('',(#2735,#2736,#2737,#2738,#2739,#2740));
#559=EDGE_LOOP('',(#2741));
#560=EDGE_LOOP('',(#2742,#2743,#2744,#2745));
#561=EDGE_LOOP('',(#2746,#2747,#2748,#2749,#2750));
#562=EDGE_LOOP('',(#2751,#2752,#2753,#2754));
#563=EDGE_LOOP('',(#2755,#2756,#2757,#2758));
#564=EDGE_LOOP('',(#2759,#2760,#2761,#2762,#2763));
#565=EDGE_LOOP('',(#2764,#2765,#2766,#2767));
#566=EDGE_LOOP('',(#2768,#2769,#2770,#2771,#2772,#2773));
#567=EDGE_LOOP('',(#2774));
#568=EDGE_LOOP('',(#2775,#2776,#2777,#2778));
#569=EDGE_LOOP('',(#2779,#2780,#2781,#2782,#2783,#2784));
#570=EDGE_LOOP('',(#2785));
#571=EDGE_LOOP('',(#2786,#2787,#2788,#2789));
#572=EDGE_LOOP('',(#2790,#2791,#2792,#2793,#2794));
#573=EDGE_LOOP('',(#2795,#2796,#2797,#2798));
#574=EDGE_LOOP('',(#2799,#2800,#2801,#2802));
#575=EDGE_LOOP('',(#2803,#2804,#2805,#2806,#2807));
#576=EDGE_LOOP('',(#2808,#2809,#2810,#2811));
#577=EDGE_LOOP('',(#2812,#2813,#2814,#2815,#2816,#2817));
#578=EDGE_LOOP('',(#2818));
#579=EDGE_LOOP('',(#2819,#2820,#2821,#2822));
#580=EDGE_LOOP('',(#2823,#2824,#2825,#2826,#2827,#2828));
#581=EDGE_LOOP('',(#2829));
#582=EDGE_LOOP('',(#2830,#2831,#2832,#2833));
#583=EDGE_LOOP('',(#2834,#2835,#2836,#2837,#2838));
#584=EDGE_LOOP('',(#2839,#2840,#2841,#2842));
#585=EDGE_LOOP('',(#2843,#2844,#2845,#2846));
#586=EDGE_LOOP('',(#2847,#2848,#2849,#2850,#2851));
#587=EDGE_LOOP('',(#2852,#2853,#2854,#2855));
#588=EDGE_LOOP('',(#2856,#2857,#2858,#2859,#2860,#2861));
#589=EDGE_LOOP('',(#2862));
#590=EDGE_LOOP('',(#2863,#2864,#2865,#2866));
#591=EDGE_LOOP('',(#2867,#2868,#2869,#2870,#2871,#2872));
#592=EDGE_LOOP('',(#2873));
#593=EDGE_LOOP('',(#2874,#2875,#2876,#2877));
#594=EDGE_LOOP('',(#2878,#2879,#2880,#2881,#2882));
#595=EDGE_LOOP('',(#2883,#2884,#2885,#2886));
#596=EDGE_LOOP('',(#2887,#2888,#2889,#2890));
#597=EDGE_LOOP('',(#2891,#2892,#2893,#2894,#2895));
#598=EDGE_LOOP('',(#2896,#2897,#2898,#2899));
#599=EDGE_LOOP('',(#2900,#2901,#2902,#2903,#2904,#2905));
#600=EDGE_LOOP('',(#2906));
#601=EDGE_LOOP('',(#2907,#2908,#2909,#2910));
#602=EDGE_LOOP('',(#2911,#2912,#2913,#2914,#2915,#2916));
#603=EDGE_LOOP('',(#2917));
#604=EDGE_LOOP('',(#2918,#2919,#2920,#2921));
#605=EDGE_LOOP('',(#2922,#2923,#2924,#2925,#2926));
#606=EDGE_LOOP('',(#2927,#2928,#2929,#2930));
#607=EDGE_LOOP('',(#2931,#2932,#2933,#2934));
#608=EDGE_LOOP('',(#2935,#2936,#2937,#2938,#2939));
#609=EDGE_LOOP('',(#2940,#2941,#2942,#2943));
#610=EDGE_LOOP('',(#2944,#2945,#2946,#2947,#2948,#2949));
#611=EDGE_LOOP('',(#2950));
#612=EDGE_LOOP('',(#2951,#2952,#2953,#2954));
#613=EDGE_LOOP('',(#2955,#2956,#2957,#2958,#2959,#2960));
#614=EDGE_LOOP('',(#2961));
#615=EDGE_LOOP('',(#2962,#2963,#2964,#2965));
#616=EDGE_LOOP('',(#2966,#2967,#2968,#2969,#2970));
#617=EDGE_LOOP('',(#2971,#2972,#2973,#2974));
#618=EDGE_LOOP('',(#2975,#2976,#2977,#2978));
#619=EDGE_LOOP('',(#2979,#2980,#2981,#2982,#2983));
#620=EDGE_LOOP('',(#2984,#2985,#2986,#2987));
#621=EDGE_LOOP('',(#2988,#2989,#2990,#2991,#2992,#2993));
#622=EDGE_LOOP('',(#2994));
#623=EDGE_LOOP('',(#2995,#2996,#2997,#2998));
#624=EDGE_LOOP('',(#2999,#3000,#3001,#3002,#3003,#3004));
#625=EDGE_LOOP('',(#3005));
#626=EDGE_LOOP('',(#3006,#3007,#3008,#3009));
#627=EDGE_LOOP('',(#3010,#3011,#3012,#3013,#3014));
#628=EDGE_LOOP('',(#3015,#3016,#3017,#3018));
#629=EDGE_LOOP('',(#3019,#3020,#3021,#3022));
#630=EDGE_LOOP('',(#3023,#3024,#3025,#3026,#3027));
#631=EDGE_LOOP('',(#3028,#3029,#3030,#3031));
#632=EDGE_LOOP('',(#3032,#3033,#3034,#3035,#3036,#3037));
#633=EDGE_LOOP('',(#3038));
#634=EDGE_LOOP('',(#3039,#3040,#3041,#3042));
#635=EDGE_LOOP('',(#3043,#3044,#3045,#3046,#3047,#3048));
#636=EDGE_LOOP('',(#3049));
#637=EDGE_LOOP('',(#3050,#3051,#3052,#3053));
#638=EDGE_LOOP('',(#3054,#3055,#3056,#3057,#3058));
#639=EDGE_LOOP('',(#3059,#3060,#3061,#3062));
#640=EDGE_LOOP('',(#3063,#3064,#3065,#3066));
#641=EDGE_LOOP('',(#3067,#3068,#3069,#3070,#3071));
#642=EDGE_LOOP('',(#3072,#3073,#3074,#3075));
#643=EDGE_LOOP('',(#3076,#3077,#3078,#3079,#3080,#3081));
#644=EDGE_LOOP('',(#3082));
#645=EDGE_LOOP('',(#3083));
#646=EDGE_LOOP('',(#3084));
#647=EDGE_LOOP('',(#3085,#3086,#3087,#3088));
#648=EDGE_LOOP('',(#3089,#3090,#3091,#3092));
#649=EDGE_LOOP('',(#3093,#3094,#3095,#3096));
#650=EDGE_LOOP('',(#3097,#3098));
#651=EDGE_LOOP('',(#3099,#3100));
#652=EDGE_LOOP('',(#3101,#3102,#3103,#3104));
#653=EDGE_LOOP('',(#3105,#3106,#3107,#3108));
#654=EDGE_LOOP('',(#3109,#3110,#3111,#3112));
#655=EDGE_LOOP('',(#3113,#3114,#3115,#3116));
#656=EDGE_LOOP('',(#3117,#3118,#3119,#3120));
#657=EDGE_LOOP('',(#3121,#3122,#3123,#3124));
#658=EDGE_LOOP('',(#3125,#3126,#3127,#3128));
#659=EDGE_LOOP('',(#3129,#3130,#3131,#3132,#3133,#3134,#3135,#3136));
#660=EDGE_LOOP('',(#3137,#3138));
#661=EDGE_LOOP('',(#3139,#3140));
#662=EDGE_LOOP('',(#3141,#3142));
#663=EDGE_LOOP('',(#3143,#3144));
#664=EDGE_LOOP('',(#3145,#3146));
#665=EDGE_LOOP('',(#3147));
#666=EDGE_LOOP('',(#3148,#3149,#3150,#3151));
#667=EDGE_LOOP('',(#3152,#3153,#3154,#3155));
#668=EDGE_LOOP('',(#3156,#3157,#3158,#3159));
#669=EDGE_LOOP('',(#3160,#3161,#3162,#3163));
#670=EDGE_LOOP('',(#3164,#3165,#3166,#3167));
#671=EDGE_LOOP('',(#3168,#3169,#3170,#3171));
#672=EDGE_LOOP('',(#3172,#3173,#3174,#3175));
#673=EDGE_LOOP('',(#3176,#3177,#3178,#3179));
#674=EDGE_LOOP('',(#3180,#3181,#3182,#3183));
#675=EDGE_LOOP('',(#3184,#3185,#3186,#3187));
#676=EDGE_LOOP('',(#3188,#3189,#3190,#3191));
#677=EDGE_LOOP('',(#3192,#3193,#3194,#3195));
#678=EDGE_LOOP('',(#3196,#3197,#3198,#3199));
#679=EDGE_LOOP('',(#3200,#3201,#3202,#3203));
#680=EDGE_LOOP('',(#3204,#3205,#3206,#3207));
#681=EDGE_LOOP('',(#3208,#3209,#3210,#3211));
#682=EDGE_LOOP('',(#3212,#3213));
#683=EDGE_LOOP('',(#3214,#3215,#3216,#3217));
#684=EDGE_LOOP('',(#3218));
#685=EDGE_LOOP('',(#3219));
#686=EDGE_LOOP('',(#3220,#3221,#3222,#3223));
#687=EDGE_LOOP('',(#3224,#3225,#3226,#3227));
#688=EDGE_LOOP('',(#3228,#3229,#3230,#3231));
#689=EDGE_LOOP('',(#3232,#3233,#3234,#3235));
#690=CIRCLE('',#3416,23.4999998547137);
#691=CIRCLE('',#3417,23.4999998547137);
#692=CIRCLE('',#3419,2.6);
#693=CIRCLE('',#3420,2.6);
#694=CIRCLE('',#3422,4.);
#695=CIRCLE('',#3424,4.);
#696=CIRCLE('',#3425,4.);
#697=CIRCLE('',#3426,4.);
#698=CIRCLE('',#3427,4.);
#699=CIRCLE('',#3428,4.);
#700=CIRCLE('',#3429,4.);
#701=CIRCLE('',#3430,4.);
#702=CIRCLE('',#3434,23.4999998547137);
#703=CIRCLE('',#3435,22.4999998770654);
#704=CIRCLE('',#3436,22.4999998770654);
#705=CIRCLE('',#3437,22.4999998770654);
#706=CIRCLE('',#3438,22.4999998770654);
#707=CIRCLE('',#3439,22.4999998770654);
#708=CIRCLE('',#3602,30.6334820267467);
#709=CIRCLE('',#3603,22.4999998770654);
#710=CIRCLE('',#3604,22.4999998770654);
#711=CIRCLE('',#3605,22.4999998770654);
#712=CIRCLE('',#3606,22.4999998770654);
#713=CIRCLE('',#3607,22.4999998770654);
#714=CIRCLE('',#3616,23.4999998547137);
#715=CIRCLE('',#3618,30.4999999590218);
#716=CIRCLE('',#3620,3.5599482669727);
#717=CIRCLE('',#3621,30.4999996982515);
#718=CIRCLE('',#3623,31.4999996758998);
#719=CIRCLE('',#3625,4.07171986573029);
#720=LINE('',#4469,#1126);
#721=LINE('',#4471,#1127);
#722=LINE('',#4473,#1128);
#723=LINE('',#4477,#1129);
#724=LINE('',#4479,#1130);
#725=LINE('',#4481,#1131);
#726=LINE('',#4485,#1132);
#727=LINE('',#4488,#1133);
#728=LINE('',#4491,#1134);
#729=LINE('',#4494,#1135);
#730=LINE('',#4497,#1136);
#731=LINE('',#4500,#1137);
#732=LINE('',#4503,#1138);
#733=LINE('',#4506,#1139);
#734=LINE('',#4509,#1140);
#735=LINE('',#4514,#1141);
#736=LINE('',#4522,#1142);
#737=LINE('',#4526,#1143);
#738=LINE('',#4530,#1144);
#739=LINE('',#4534,#1145);
#740=LINE('',#4538,#1146);
#741=LINE('',#4542,#1147);
#742=LINE('',#4545,#1148);
#743=LINE('',#4549,#1149);
#744=LINE('',#4551,#1150);
#745=LINE('',#4552,#1151);
#746=LINE('',#4555,#1152);
#747=LINE('',#4557,#1153);
#748=LINE('',#4558,#1154);
#749=LINE('',#4563,#1155);
#750=LINE('',#4566,#1156);
#751=LINE('',#4568,#1157);
#752=LINE('',#4571,#1158);
#753=LINE('',#4574,#1159);
#754=LINE('',#4578,#1160);
#755=LINE('',#4582,#1161);
#756=LINE('',#4583,#1162);
#757=LINE('',#4585,#1163);
#758=LINE('',#4587,#1164);
#759=LINE('',#4589,#1165);
#760=LINE('',#4590,#1166);
#761=LINE('',#4593,#1167);
#762=LINE('',#4595,#1168);
#763=LINE('',#4597,#1169);
#764=LINE('',#4599,#1170);
#765=LINE('',#4600,#1171);
#766=LINE('',#4623,#1172);
#767=LINE('',#4626,#1173);
#768=LINE('',#4628,#1174);
#769=LINE('',#4629,#1175);
#770=LINE('',#4632,#1176);
#771=LINE('',#4633,#1177);
#772=LINE('',#4636,#1178);
#773=LINE('',#4638,#1179);
#774=LINE('',#4639,#1180);
#775=LINE('',#4642,#1181);
#776=LINE('',#4643,#1182);
#777=LINE('',#4645,#1183);
#778=LINE('',#4647,#1184);
#779=LINE('',#4649,#1185);
#780=LINE('',#4651,#1186);
#781=LINE('',#4653,#1187);
#782=LINE('',#4654,#1188);
#783=LINE('',#4657,#1189);
#784=LINE('',#4659,#1190);
#785=LINE('',#4661,#1191);
#786=LINE('',#4663,#1192);
#787=LINE('',#4664,#1193);
#788=LINE('',#4687,#1194);
#789=LINE('',#4690,#1195);
#790=LINE('',#4692,#1196);
#791=LINE('',#4693,#1197);
#792=LINE('',#4696,#1198);
#793=LINE('',#4697,#1199);
#794=LINE('',#4700,#1200);
#795=LINE('',#4702,#1201);
#796=LINE('',#4703,#1202);
#797=LINE('',#4706,#1203);
#798=LINE('',#4707,#1204);
#799=LINE('',#4709,#1205);
#800=LINE('',#4711,#1206);
#801=LINE('',#4715,#1207);
#802=LINE('',#4717,#1208);
#803=LINE('',#4719,#1209);
#804=LINE('',#4720,#1210);
#805=LINE('',#4723,#1211);
#806=LINE('',#4725,#1212);
#807=LINE('',#4727,#1213);
#808=LINE('',#4729,#1214);
#809=LINE('',#4730,#1215);
#810=LINE('',#4753,#1216);
#811=LINE('',#4756,#1217);
#812=LINE('',#4758,#1218);
#813=LINE('',#4759,#1219);
#814=LINE('',#4762,#1220);
#815=LINE('',#4763,#1221);
#816=LINE('',#4766,#1222);
#817=LINE('',#4768,#1223);
#818=LINE('',#4769,#1224);
#819=LINE('',#4772,#1225);
#820=LINE('',#4773,#1226);
#821=LINE('',#4775,#1227);
#822=LINE('',#4777,#1228);
#823=LINE('',#4779,#1229);
#824=LINE('',#4781,#1230);
#825=LINE('',#4783,#1231);
#826=LINE('',#4784,#1232);
#827=LINE('',#4787,#1233);
#828=LINE('',#4789,#1234);
#829=LINE('',#4791,#1235);
#830=LINE('',#4793,#1236);
#831=LINE('',#4794,#1237);
#832=LINE('',#4817,#1238);
#833=LINE('',#4820,#1239);
#834=LINE('',#4822,#1240);
#835=LINE('',#4823,#1241);
#836=LINE('',#4826,#1242);
#837=LINE('',#4827,#1243);
#838=LINE('',#4830,#1244);
#839=LINE('',#4832,#1245);
#840=LINE('',#4833,#1246);
#841=LINE('',#4836,#1247);
#842=LINE('',#4837,#1248);
#843=LINE('',#4839,#1249);
#844=LINE('',#4841,#1250);
#845=LINE('',#4843,#1251);
#846=LINE('',#4845,#1252);
#847=LINE('',#4847,#1253);
#848=LINE('',#4848,#1254);
#849=LINE('',#4851,#1255);
#850=LINE('',#4853,#1256);
#851=LINE('',#4855,#1257);
#852=LINE('',#4857,#1258);
#853=LINE('',#4858,#1259);
#854=LINE('',#4881,#1260);
#855=LINE('',#4884,#1261);
#856=LINE('',#4886,#1262);
#857=LINE('',#4887,#1263);
#858=LINE('',#4890,#1264);
#859=LINE('',#4891,#1265);
#860=LINE('',#4894,#1266);
#861=LINE('',#4896,#1267);
#862=LINE('',#4897,#1268);
#863=LINE('',#4900,#1269);
#864=LINE('',#4901,#1270);
#865=LINE('',#4903,#1271);
#866=LINE('',#4905,#1272);
#867=LINE('',#4907,#1273);
#868=LINE('',#4909,#1274);
#869=LINE('',#4911,#1275);
#870=LINE('',#4912,#1276);
#871=LINE('',#4915,#1277);
#872=LINE('',#4917,#1278);
#873=LINE('',#4919,#1279);
#874=LINE('',#4921,#1280);
#875=LINE('',#4922,#1281);
#876=LINE('',#4945,#1282);
#877=LINE('',#4948,#1283);
#878=LINE('',#4950,#1284);
#879=LINE('',#4951,#1285);
#880=LINE('',#4954,#1286);
#881=LINE('',#4955,#1287);
#882=LINE('',#4958,#1288);
#883=LINE('',#4960,#1289);
#884=LINE('',#4961,#1290);
#885=LINE('',#4964,#1291);
#886=LINE('',#4965,#1292);
#887=LINE('',#4967,#1293);
#888=LINE('',#4969,#1294);
#889=LINE('',#4971,#1295);
#890=LINE('',#4973,#1296);
#891=LINE('',#4975,#1297);
#892=LINE('',#4976,#1298);
#893=LINE('',#4979,#1299);
#894=LINE('',#4981,#1300);
#895=LINE('',#4983,#1301);
#896=LINE('',#4985,#1302);
#897=LINE('',#4986,#1303);
#898=LINE('',#5009,#1304);
#899=LINE('',#5012,#1305);
#900=LINE('',#5014,#1306);
#901=LINE('',#5015,#1307);
#902=LINE('',#5018,#1308);
#903=LINE('',#5019,#1309);
#904=LINE('',#5022,#1310);
#905=LINE('',#5024,#1311);
#906=LINE('',#5025,#1312);
#907=LINE('',#5028,#1313);
#908=LINE('',#5029,#1314);
#909=LINE('',#5031,#1315);
#910=LINE('',#5033,#1316);
#911=LINE('',#5035,#1317);
#912=LINE('',#5037,#1318);
#913=LINE('',#5039,#1319);
#914=LINE('',#5040,#1320);
#915=LINE('',#5043,#1321);
#916=LINE('',#5045,#1322);
#917=LINE('',#5047,#1323);
#918=LINE('',#5049,#1324);
#919=LINE('',#5050,#1325);
#920=LINE('',#5073,#1326);
#921=LINE('',#5076,#1327);
#922=LINE('',#5078,#1328);
#923=LINE('',#5079,#1329);
#924=LINE('',#5082,#1330);
#925=LINE('',#5083,#1331);
#926=LINE('',#5086,#1332);
#927=LINE('',#5088,#1333);
#928=LINE('',#5089,#1334);
#929=LINE('',#5092,#1335);
#930=LINE('',#5093,#1336);
#931=LINE('',#5095,#1337);
#932=LINE('',#5097,#1338);
#933=LINE('',#5099,#1339);
#934=LINE('',#5101,#1340);
#935=LINE('',#5103,#1341);
#936=LINE('',#5104,#1342);
#937=LINE('',#5107,#1343);
#938=LINE('',#5109,#1344);
#939=LINE('',#5111,#1345);
#940=LINE('',#5113,#1346);
#941=LINE('',#5114,#1347);
#942=LINE('',#5137,#1348);
#943=LINE('',#5140,#1349);
#944=LINE('',#5142,#1350);
#945=LINE('',#5143,#1351);
#946=LINE('',#5146,#1352);
#947=LINE('',#5147,#1353);
#948=LINE('',#5150,#1354);
#949=LINE('',#5152,#1355);
#950=LINE('',#5153,#1356);
#951=LINE('',#5156,#1357);
#952=LINE('',#5157,#1358);
#953=LINE('',#5159,#1359);
#954=LINE('',#5161,#1360);
#955=LINE('',#5163,#1361);
#956=LINE('',#5165,#1362);
#957=LINE('',#5167,#1363);
#958=LINE('',#5168,#1364);
#959=LINE('',#5171,#1365);
#960=LINE('',#5173,#1366);
#961=LINE('',#5175,#1367);
#962=LINE('',#5177,#1368);
#963=LINE('',#5178,#1369);
#964=LINE('',#5201,#1370);
#965=LINE('',#5204,#1371);
#966=LINE('',#5206,#1372);
#967=LINE('',#5207,#1373);
#968=LINE('',#5210,#1374);
#969=LINE('',#5211,#1375);
#970=LINE('',#5214,#1376);
#971=LINE('',#5216,#1377);
#972=LINE('',#5217,#1378);
#973=LINE('',#5220,#1379);
#974=LINE('',#5221,#1380);
#975=LINE('',#5223,#1381);
#976=LINE('',#5225,#1382);
#977=LINE('',#5229,#1383);
#978=LINE('',#5231,#1384);
#979=LINE('',#5233,#1385);
#980=LINE('',#5234,#1386);
#981=LINE('',#5237,#1387);
#982=LINE('',#5239,#1388);
#983=LINE('',#5241,#1389);
#984=LINE('',#5243,#1390);
#985=LINE('',#5244,#1391);
#986=LINE('',#5267,#1392);
#987=LINE('',#5270,#1393);
#988=LINE('',#5272,#1394);
#989=LINE('',#5273,#1395);
#990=LINE('',#5276,#1396);
#991=LINE('',#5277,#1397);
#992=LINE('',#5280,#1398);
#993=LINE('',#5282,#1399);
#994=LINE('',#5283,#1400);
#995=LINE('',#5286,#1401);
#996=LINE('',#5287,#1402);
#997=LINE('',#5289,#1403);
#998=LINE('',#5291,#1404);
#999=LINE('',#5295,#1405);
#1000=LINE('',#5297,#1406);
#1001=LINE('',#5299,#1407);
#1002=LINE('',#5300,#1408);
#1003=LINE('',#5303,#1409);
#1004=LINE('',#5305,#1410);
#1005=LINE('',#5307,#1411);
#1006=LINE('',#5309,#1412);
#1007=LINE('',#5310,#1413);
#1008=LINE('',#5333,#1414);
#1009=LINE('',#5336,#1415);
#1010=LINE('',#5338,#1416);
#1011=LINE('',#5339,#1417);
#1012=LINE('',#5342,#1418);
#1013=LINE('',#5343,#1419);
#1014=LINE('',#5346,#1420);
#1015=LINE('',#5348,#1421);
#1016=LINE('',#5349,#1422);
#1017=LINE('',#5352,#1423);
#1018=LINE('',#5353,#1424);
#1019=LINE('',#5355,#1425);
#1020=LINE('',#5357,#1426);
#1021=LINE('',#5359,#1427);
#1022=LINE('',#5361,#1428);
#1023=LINE('',#5363,#1429);
#1024=LINE('',#5364,#1430);
#1025=LINE('',#5367,#1431);
#1026=LINE('',#5369,#1432);
#1027=LINE('',#5371,#1433);
#1028=LINE('',#5373,#1434);
#1029=LINE('',#5374,#1435);
#1030=LINE('',#5397,#1436);
#1031=LINE('',#5400,#1437);
#1032=LINE('',#5402,#1438);
#1033=LINE('',#5403,#1439);
#1034=LINE('',#5406,#1440);
#1035=LINE('',#5407,#1441);
#1036=LINE('',#5410,#1442);
#1037=LINE('',#5412,#1443);
#1038=LINE('',#5413,#1444);
#1039=LINE('',#5416,#1445);
#1040=LINE('',#5417,#1446);
#1041=LINE('',#5419,#1447);
#1042=LINE('',#5421,#1448);
#1043=LINE('',#5425,#1449);
#1044=LINE('',#5427,#1450);
#1045=LINE('',#5429,#1451);
#1046=LINE('',#5430,#1452);
#1047=LINE('',#5433,#1453);
#1048=LINE('',#5435,#1454);
#1049=LINE('',#5437,#1455);
#1050=LINE('',#5439,#1456);
#1051=LINE('',#5440,#1457);
#1052=LINE('',#5463,#1458);
#1053=LINE('',#5466,#1459);
#1054=LINE('',#5468,#1460);
#1055=LINE('',#5469,#1461);
#1056=LINE('',#5472,#1462);
#1057=LINE('',#5473,#1463);
#1058=LINE('',#5476,#1464);
#1059=LINE('',#5478,#1465);
#1060=LINE('',#5479,#1466);
#1061=LINE('',#5482,#1467);
#1062=LINE('',#5483,#1468);
#1063=LINE('',#5485,#1469);
#1064=LINE('',#5487,#1470);
#1065=LINE('',#5491,#1471);
#1066=LINE('',#5493,#1472);
#1067=LINE('',#5495,#1473);
#1068=LINE('',#5496,#1474);
#1069=LINE('',#5499,#1475);
#1070=LINE('',#5501,#1476);
#1071=LINE('',#5503,#1477);
#1072=LINE('',#5505,#1478);
#1073=LINE('',#5506,#1479);
#1074=LINE('',#5529,#1480);
#1075=LINE('',#5532,#1481);
#1076=LINE('',#5534,#1482);
#1077=LINE('',#5535,#1483);
#1078=LINE('',#5538,#1484);
#1079=LINE('',#5539,#1485);
#1080=LINE('',#5542,#1486);
#1081=LINE('',#5544,#1487);
#1082=LINE('',#5545,#1488);
#1083=LINE('',#5548,#1489);
#1084=LINE('',#5549,#1490);
#1085=LINE('',#5551,#1491);
#1086=LINE('',#5553,#1492);
#1087=LINE('',#5555,#1493);
#1088=LINE('',#5557,#1494);
#1089=LINE('',#5559,#1495);
#1090=LINE('',#5560,#1496);
#1091=LINE('',#5563,#1497);
#1092=LINE('',#5565,#1498);
#1093=LINE('',#5567,#1499);
#1094=LINE('',#5569,#1500);
#1095=LINE('',#5570,#1501);
#1096=LINE('',#5593,#1502);
#1097=LINE('',#5596,#1503);
#1098=LINE('',#5598,#1504);
#1099=LINE('',#5599,#1505);
#1100=LINE('',#5602,#1506);
#1101=LINE('',#5603,#1507);
#1102=LINE('',#5606,#1508);
#1103=LINE('',#5608,#1509);
#1104=LINE('',#5609,#1510);
#1105=LINE('',#5612,#1511);
#1106=LINE('',#5613,#1512);
#1107=LINE('',#5615,#1513);
#1108=LINE('',#5617,#1514);
#1109=LINE('',#5622,#1515);
#1110=LINE('',#5625,#1516);
#1111=LINE('',#5628,#1517);
#1112=LINE('',#5633,#1518);
#1113=LINE('',#5637,#1519);
#1114=LINE('',#5639,#1520);
#1115=LINE('',#5641,#1521);
#1116=LINE('',#5642,#1522);
#1117=LINE('',#5644,#1523);
#1118=LINE('',#5646,#1524);
#1119=LINE('',#5648,#1525);
#1120=LINE('',#5649,#1526);
#1121=LINE('',#5654,#1527);
#1122=LINE('',#5655,#1528);
#1123=LINE('',#5656,#1529);
#1124=LINE('',#5657,#1530);
#1125=LINE('',#5658,#1531);
#1126=VECTOR('',#3633,23.4999998547137);
#1127=VECTOR('',#3634,10.);
#1128=VECTOR('',#3635,23.4999998547137);
#1129=VECTOR('',#3638,23.4999998547137);
#1130=VECTOR('',#3639,10.);
#1131=VECTOR('',#3640,23.4999998547137);
#1132=VECTOR('',#3643,10.);
#1133=VECTOR('',#3644,10.);
#1134=VECTOR('',#3645,10.);
#1135=VECTOR('',#3646,10.);
#1136=VECTOR('',#3647,10.);
#1137=VECTOR('',#3648,10.);
#1138=VECTOR('',#3649,10.);
#1139=VECTOR('',#3650,10.);
#1140=VECTOR('',#3651,10.);
#1141=VECTOR('',#3656,2.6);
#1142=VECTOR('',#3665,10.);
#1143=VECTOR('',#3668,10.);
#1144=VECTOR('',#3671,10.);
#1145=VECTOR('',#3674,10.);
#1146=VECTOR('',#3677,10.);
#1147=VECTOR('',#3680,10.);
#1148=VECTOR('',#3683,4.);
#1149=VECTOR('',#3688,10.);
#1150=VECTOR('',#3689,10.);
#1151=VECTOR('',#3690,10.);
#1152=VECTOR('',#3693,10.);
#1153=VECTOR('',#3694,10.);
#1154=VECTOR('',#3695,10.);
#1155=VECTOR('',#3702,10.);
#1156=VECTOR('',#3705,10.);
#1157=VECTOR('',#3706,10.);
#1158=VECTOR('',#3709,10.);
#1159=VECTOR('',#3710,10.);
#1160=VECTOR('',#3713,10.);
#1161=VECTOR('',#3718,10.);
#1162=VECTOR('',#3719,10.);
#1163=VECTOR('',#3722,10.);
#1164=VECTOR('',#3723,10.);
#1165=VECTOR('',#3724,10.);
#1166=VECTOR('',#3725,10.);
#1167=VECTOR('',#3728,10.);
#1168=VECTOR('',#3729,10.);
#1169=VECTOR('',#3730,10.);
#1170=VECTOR('',#3731,10.);
#1171=VECTOR('',#3732,10.);
#1172=VECTOR('',#3737,1.74942444829784);
#1173=VECTOR('',#3740,10.);
#1174=VECTOR('',#3741,10.);
#1175=VECTOR('',#3742,10.);
#1176=VECTOR('',#3745,10.);
#1177=VECTOR('',#3746,10.);
#1178=VECTOR('',#3749,10.);
#1179=VECTOR('',#3750,10.);
#1180=VECTOR('',#3751,10.);
#1181=VECTOR('',#3754,10.);
#1182=VECTOR('',#3755,10.);
#1183=VECTOR('',#3758,10.);
#1184=VECTOR('',#3761,10.);
#1185=VECTOR('',#3764,10.);
#1186=VECTOR('',#3765,10.);
#1187=VECTOR('',#3766,10.);
#1188=VECTOR('',#3767,10.);
#1189=VECTOR('',#3770,10.);
#1190=VECTOR('',#3771,10.);
#1191=VECTOR('',#3772,10.);
#1192=VECTOR('',#3773,10.);
#1193=VECTOR('',#3774,10.);
#1194=VECTOR('',#3779,1.74942444829784);
#1195=VECTOR('',#3782,10.);
#1196=VECTOR('',#3783,10.);
#1197=VECTOR('',#3784,10.);
#1198=VECTOR('',#3787,10.);
#1199=VECTOR('',#3788,10.);
#1200=VECTOR('',#3791,10.);
#1201=VECTOR('',#3792,10.);
#1202=VECTOR('',#3793,10.);
#1203=VECTOR('',#3796,10.);
#1204=VECTOR('',#3797,10.);
#1205=VECTOR('',#3800,10.);
#1206=VECTOR('',#3803,10.);
#1207=VECTOR('',#3806,10.);
#1208=VECTOR('',#3807,10.);
#1209=VECTOR('',#3808,10.);
#1210=VECTOR('',#3809,10.);
#1211=VECTOR('',#3812,10.);
#1212=VECTOR('',#3813,10.);
#1213=VECTOR('',#3814,10.);
#1214=VECTOR('',#3815,10.);
#1215=VECTOR('',#3816,10.);
#1216=VECTOR('',#3821,1.74942444829784);
#1217=VECTOR('',#3824,10.);
#1218=VECTOR('',#3825,10.);
#1219=VECTOR('',#3826,10.);
#1220=VECTOR('',#3829,10.);
#1221=VECTOR('',#3830,10.);
#1222=VECTOR('',#3833,10.);
#1223=VECTOR('',#3834,10.);
#1224=VECTOR('',#3835,10.);
#1225=VECTOR('',#3838,10.);
#1226=VECTOR('',#3839,10.);
#1227=VECTOR('',#3842,10.);
#1228=VECTOR('',#3845,10.);
#1229=VECTOR('',#3848,10.);
#1230=VECTOR('',#3849,10.);
#1231=VECTOR('',#3850,10.);
#1232=VECTOR('',#3851,10.);
#1233=VECTOR('',#3854,10.);
#1234=VECTOR('',#3855,10.);
#1235=VECTOR('',#3856,10.);
#1236=VECTOR('',#3857,10.);
#1237=VECTOR('',#3858,10.);
#1238=VECTOR('',#3863,1.74942444829784);
#1239=VECTOR('',#3866,10.);
#1240=VECTOR('',#3867,10.);
#1241=VECTOR('',#3868,10.);
#1242=VECTOR('',#3871,10.);
#1243=VECTOR('',#3872,10.);
#1244=VECTOR('',#3875,10.);
#1245=VECTOR('',#3876,10.);
#1246=VECTOR('',#3877,10.);
#1247=VECTOR('',#3880,10.);
#1248=VECTOR('',#3881,10.);
#1249=VECTOR('',#3884,10.);
#1250=VECTOR('',#3887,10.);
#1251=VECTOR('',#3890,10.);
#1252=VECTOR('',#3891,10.);
#1253=VECTOR('',#3892,10.);
#1254=VECTOR('',#3893,10.);
#1255=VECTOR('',#3896,10.);
#1256=VECTOR('',#3897,10.);
#1257=VECTOR('',#3898,10.);
#1258=VECTOR('',#3899,10.);
#1259=VECTOR('',#3900,10.);
#1260=VECTOR('',#3905,1.74942444829784);
#1261=VECTOR('',#3908,10.);
#1262=VECTOR('',#3909,10.);
#1263=VECTOR('',#3910,10.);
#1264=VECTOR('',#3913,10.);
#1265=VECTOR('',#3914,10.);
#1266=VECTOR('',#3917,10.);
#1267=VECTOR('',#3918,10.);
#1268=VECTOR('',#3919,10.);
#1269=VECTOR('',#3922,10.);
#1270=VECTOR('',#3923,10.);
#1271=VECTOR('',#3926,10.);
#1272=VECTOR('',#3929,10.);
#1273=VECTOR('',#3932,10.);
#1274=VECTOR('',#3933,10.);
#1275=VECTOR('',#3934,10.);
#1276=VECTOR('',#3935,10.);
#1277=VECTOR('',#3938,10.);
#1278=VECTOR('',#3939,10.);
#1279=VECTOR('',#3940,10.);
#1280=VECTOR('',#3941,10.);
#1281=VECTOR('',#3942,10.);
#1282=VECTOR('',#3947,1.74942444829784);
#1283=VECTOR('',#3950,10.);
#1284=VECTOR('',#3951,10.);
#1285=VECTOR('',#3952,10.);
#1286=VECTOR('',#3955,10.);
#1287=VECTOR('',#3956,10.);
#1288=VECTOR('',#3959,10.);
#1289=VECTOR('',#3960,10.);
#1290=VECTOR('',#3961,10.);
#1291=VECTOR('',#3964,10.);
#1292=VECTOR('',#3965,10.);
#1293=VECTOR('',#3968,10.);
#1294=VECTOR('',#3971,10.);
#1295=VECTOR('',#3974,10.);
#1296=VECTOR('',#3975,10.);
#1297=VECTOR('',#3976,10.);
#1298=VECTOR('',#3977,10.);
#1299=VECTOR('',#3980,10.);
#1300=VECTOR('',#3981,10.);
#1301=VECTOR('',#3982,10.);
#1302=VECTOR('',#3983,10.);
#1303=VECTOR('',#3984,10.);
#1304=VECTOR('',#3989,1.74942444829784);
#1305=VECTOR('',#3992,10.);
#1306=VECTOR('',#3993,10.);
#1307=VECTOR('',#3994,10.);
#1308=VECTOR('',#3997,10.);
#1309=VECTOR('',#3998,10.);
#1310=VECTOR('',#4001,10.);
#1311=VECTOR('',#4002,10.);
#1312=VECTOR('',#4003,10.);
#1313=VECTOR('',#4006,10.);
#1314=VECTOR('',#4007,10.);
#1315=VECTOR('',#4010,10.);
#1316=VECTOR('',#4013,10.);
#1317=VECTOR('',#4016,10.);
#1318=VECTOR('',#4017,10.);
#1319=VECTOR('',#4018,10.);
#1320=VECTOR('',#4019,10.);
#1321=VECTOR('',#4022,10.);
#1322=VECTOR('',#4023,10.);
#1323=VECTOR('',#4024,10.);
#1324=VECTOR('',#4025,10.);
#1325=VECTOR('',#4026,10.);
#1326=VECTOR('',#4031,1.74942444829784);
#1327=VECTOR('',#4034,10.);
#1328=VECTOR('',#4035,10.);
#1329=VECTOR('',#4036,10.);
#1330=VECTOR('',#4039,10.);
#1331=VECTOR('',#4040,10.);
#1332=VECTOR('',#4043,10.);
#1333=VECTOR('',#4044,10.);
#1334=VECTOR('',#4045,10.);
#1335=VECTOR('',#4048,10.);
#1336=VECTOR('',#4049,10.);
#1337=VECTOR('',#4052,10.);
#1338=VECTOR('',#4055,10.);
#1339=VECTOR('',#4058,10.);
#1340=VECTOR('',#4059,10.);
#1341=VECTOR('',#4060,10.);
#1342=VECTOR('',#4061,10.);
#1343=VECTOR('',#4064,10.);
#1344=VECTOR('',#4065,10.);
#1345=VECTOR('',#4066,10.);
#1346=VECTOR('',#4067,10.);
#1347=VECTOR('',#4068,10.);
#1348=VECTOR('',#4073,1.74942444829784);
#1349=VECTOR('',#4076,10.);
#1350=VECTOR('',#4077,10.);
#1351=VECTOR('',#4078,10.);
#1352=VECTOR('',#4081,10.);
#1353=VECTOR('',#4082,10.);
#1354=VECTOR('',#4085,10.);
#1355=VECTOR('',#4086,10.);
#1356=VECTOR('',#4087,10.);
#1357=VECTOR('',#4090,10.);
#1358=VECTOR('',#4091,10.);
#1359=VECTOR('',#4094,10.);
#1360=VECTOR('',#4097,10.);
#1361=VECTOR('',#4100,10.);
#1362=VECTOR('',#4101,10.);
#1363=VECTOR('',#4102,10.);
#1364=VECTOR('',#4103,10.);
#1365=VECTOR('',#4106,10.);
#1366=VECTOR('',#4107,10.);
#1367=VECTOR('',#4108,10.);
#1368=VECTOR('',#4109,10.);
#1369=VECTOR('',#4110,10.);
#1370=VECTOR('',#4115,1.74942444829784);
#1371=VECTOR('',#4118,10.);
#1372=VECTOR('',#4119,10.);
#1373=VECTOR('',#4120,10.);
#1374=VECTOR('',#4123,10.);
#1375=VECTOR('',#4124,10.);
#1376=VECTOR('',#4127,10.);
#1377=VECTOR('',#4128,10.);
#1378=VECTOR('',#4129,10.);
#1379=VECTOR('',#4132,10.);
#1380=VECTOR('',#4133,10.);
#1381=VECTOR('',#4136,10.);
#1382=VECTOR('',#4139,10.);
#1383=VECTOR('',#4142,10.);
#1384=VECTOR('',#4143,10.);
#1385=VECTOR('',#4144,10.);
#1386=VECTOR('',#4145,10.);
#1387=VECTOR('',#4148,10.);
#1388=VECTOR('',#4149,10.);
#1389=VECTOR('',#4150,10.);
#1390=VECTOR('',#4151,10.);
#1391=VECTOR('',#4152,10.);
#1392=VECTOR('',#4157,1.74942444829784);
#1393=VECTOR('',#4160,10.);
#1394=VECTOR('',#4161,10.);
#1395=VECTOR('',#4162,10.);
#1396=VECTOR('',#4165,10.);
#1397=VECTOR('',#4166,10.);
#1398=VECTOR('',#4169,10.);
#1399=VECTOR('',#4170,10.);
#1400=VECTOR('',#4171,10.);
#1401=VECTOR('',#4174,10.);
#1402=VECTOR('',#4175,10.);
#1403=VECTOR('',#4178,10.);
#1404=VECTOR('',#4181,10.);
#1405=VECTOR('',#4184,10.);
#1406=VECTOR('',#4185,10.);
#1407=VECTOR('',#4186,10.);
#1408=VECTOR('',#4187,10.);
#1409=VECTOR('',#4190,10.);
#1410=VECTOR('',#4191,10.);
#1411=VECTOR('',#4192,10.);
#1412=VECTOR('',#4193,10.);
#1413=VECTOR('',#4194,10.);
#1414=VECTOR('',#4199,1.74942444829784);
#1415=VECTOR('',#4202,10.);
#1416=VECTOR('',#4203,10.);
#1417=VECTOR('',#4204,10.);
#1418=VECTOR('',#4207,10.);
#1419=VECTOR('',#4208,10.);
#1420=VECTOR('',#4211,10.);
#1421=VECTOR('',#4212,10.);
#1422=VECTOR('',#4213,10.);
#1423=VECTOR('',#4216,10.);
#1424=VECTOR('',#4217,10.);
#1425=VECTOR('',#4220,10.);
#1426=VECTOR('',#4223,10.);
#1427=VECTOR('',#4226,10.);
#1428=VECTOR('',#4227,10.);
#1429=VECTOR('',#4228,10.);
#1430=VECTOR('',#4229,10.);
#1431=VECTOR('',#4232,10.);
#1432=VECTOR('',#4233,10.);
#1433=VECTOR('',#4234,10.);
#1434=VECTOR('',#4235,10.);
#1435=VECTOR('',#4236,10.);
#1436=VECTOR('',#4241,1.74942444829784);
#1437=VECTOR('',#4244,10.);
#1438=VECTOR('',#4245,10.);
#1439=VECTOR('',#4246,10.);
#1440=VECTOR('',#4249,10.);
#1441=VECTOR('',#4250,10.);
#1442=VECTOR('',#4253,10.);
#1443=VECTOR('',#4254,10.);
#1444=VECTOR('',#4255,10.);
#1445=VECTOR('',#4258,10.);
#1446=VECTOR('',#4259,10.);
#1447=VECTOR('',#4262,10.);
#1448=VECTOR('',#4265,10.);
#1449=VECTOR('',#4268,10.);
#1450=VECTOR('',#4269,10.);
#1451=VECTOR('',#4270,10.);
#1452=VECTOR('',#4271,10.);
#1453=VECTOR('',#4274,10.);
#1454=VECTOR('',#4275,10.);
#1455=VECTOR('',#4276,10.);
#1456=VECTOR('',#4277,10.);
#1457=VECTOR('',#4278,10.);
#1458=VECTOR('',#4283,1.74942444829784);
#1459=VECTOR('',#4286,10.);
#1460=VECTOR('',#4287,10.);
#1461=VECTOR('',#4288,10.);
#1462=VECTOR('',#4291,10.);
#1463=VECTOR('',#4292,10.);
#1464=VECTOR('',#4295,10.);
#1465=VECTOR('',#4296,10.);
#1466=VECTOR('',#4297,10.);
#1467=VECTOR('',#4300,10.);
#1468=VECTOR('',#4301,10.);
#1469=VECTOR('',#4304,10.);
#1470=VECTOR('',#4307,10.);
#1471=VECTOR('',#4310,10.);
#1472=VECTOR('',#4311,10.);
#1473=VECTOR('',#4312,10.);
#1474=VECTOR('',#4313,10.);
#1475=VECTOR('',#4316,10.);
#1476=VECTOR('',#4317,10.);
#1477=VECTOR('',#4318,10.);
#1478=VECTOR('',#4319,10.);
#1479=VECTOR('',#4320,10.);
#1480=VECTOR('',#4325,1.74942444829784);
#1481=VECTOR('',#4328,10.);
#1482=VECTOR('',#4329,10.);
#1483=VECTOR('',#4330,10.);
#1484=VECTOR('',#4333,10.);
#1485=VECTOR('',#4334,10.);
#1486=VECTOR('',#4337,10.);
#1487=VECTOR('',#4338,10.);
#1488=VECTOR('',#4339,10.);
#1489=VECTOR('',#4342,10.);
#1490=VECTOR('',#4343,10.);
#1491=VECTOR('',#4346,10.);
#1492=VECTOR('',#4349,10.);
#1493=VECTOR('',#4352,10.);
#1494=VECTOR('',#4353,10.);
#1495=VECTOR('',#4354,10.);
#1496=VECTOR('',#4355,10.);
#1497=VECTOR('',#4358,10.);
#1498=VECTOR('',#4359,10.);
#1499=VECTOR('',#4360,10.);
#1500=VECTOR('',#4361,10.);
#1501=VECTOR('',#4362,10.);
#1502=VECTOR('',#4367,1.74942444829784);
#1503=VECTOR('',#4370,10.);
#1504=VECTOR('',#4371,10.);
#1505=VECTOR('',#4372,10.);
#1506=VECTOR('',#4375,10.);
#1507=VECTOR('',#4376,10.);
#1508=VECTOR('',#4379,10.);
#1509=VECTOR('',#4380,10.);
#1510=VECTOR('',#4381,10.);
#1511=VECTOR('',#4384,10.);
#1512=VECTOR('',#4385,10.);
#1513=VECTOR('',#4388,10.);
#1514=VECTOR('',#4391,10.);
#1515=VECTOR('',#4396,10.);
#1516=VECTOR('',#4399,10.);
#1517=VECTOR('',#4402,10.);
#1518=VECTOR('',#4407,10.);
#1519=VECTOR('',#4410,10.);
#1520=VECTOR('',#4413,10.);
#1521=VECTOR('',#4416,10.);
#1522=VECTOR('',#4417,10.);
#1523=VECTOR('',#4420,10.);
#1524=VECTOR('',#4423,10.);
#1525=VECTOR('',#4426,10.);
#1526=VECTOR('',#4427,10.);
#1527=VECTOR('',#4436,10.);
#1528=VECTOR('',#4437,10.);
#1529=VECTOR('',#4438,10.);
#1530=VECTOR('',#4439,10.);
#1531=VECTOR('',#4440,10.);
#1532=VERTEX_POINT('',#4467);
#1533=VERTEX_POINT('',#4468);
#1534=VERTEX_POINT('',#4470);
#1535=VERTEX_POINT('',#4472);
#1536=VERTEX_POINT('',#4474);
#1537=VERTEX_POINT('',#4476);
#1538=VERTEX_POINT('',#4478);
#1539=VERTEX_POINT('',#4480);
#1540=VERTEX_POINT('',#4483);
#1541=VERTEX_POINT('',#4484);
#1542=VERTEX_POINT('',#4486);
#1543=VERTEX_POINT('',#4487);
#1544=VERTEX_POINT('',#4489);
#1545=VERTEX_POINT('',#4490);
#1546=VERTEX_POINT('',#4492);
#1547=VERTEX_POINT('',#4493);
#1548=VERTEX_POINT('',#4495);
#1549=VERTEX_POINT('',#4496);
#1550=VERTEX_POINT('',#4498);
#1551=VERTEX_POINT('',#4499);
#1552=VERTEX_POINT('',#4501);
#1553=VERTEX_POINT('',#4502);
#1554=VERTEX_POINT('',#4504);
#1555=VERTEX_POINT('',#4505);
#1556=VERTEX_POINT('',#4507);
#1557=VERTEX_POINT('',#4508);
#1558=VERTEX_POINT('',#4511);
#1559=VERTEX_POINT('',#4513);
#1560=VERTEX_POINT('',#4517);
#1561=VERTEX_POINT('',#4520);
#1562=VERTEX_POINT('',#4521);
#1563=VERTEX_POINT('',#4523);
#1564=VERTEX_POINT('',#4525);
#1565=VERTEX_POINT('',#4527);
#1566=VERTEX_POINT('',#4529);
#1567=VERTEX_POINT('',#4531);
#1568=VERTEX_POINT('',#4533);
#1569=VERTEX_POINT('',#4535);
#1570=VERTEX_POINT('',#4537);
#1571=VERTEX_POINT('',#4539);
#1572=VERTEX_POINT('',#4541);
#1573=VERTEX_POINT('',#4543);
#1574=VERTEX_POINT('',#4548);
#1575=VERTEX_POINT('',#4550);
#1576=VERTEX_POINT('',#4554);
#1577=VERTEX_POINT('',#4556);
#1578=VERTEX_POINT('',#4561);
#1579=VERTEX_POINT('',#4564);
#1580=VERTEX_POINT('',#4567);
#1581=VERTEX_POINT('',#4569);
#1582=VERTEX_POINT('',#4572);
#1583=VERTEX_POINT('',#4573);
#1584=VERTEX_POINT('',#4576);
#1585=VERTEX_POINT('',#4577);
#1586=VERTEX_POINT('',#4581);
#1587=VERTEX_POINT('',#4586);
#1588=VERTEX_POINT('',#4588);
#1589=VERTEX_POINT('',#4592);
#1590=VERTEX_POINT('',#4594);
#1591=VERTEX_POINT('',#4596);
#1592=VERTEX_POINT('',#4598);
#1593=VERTEX_POINT('',#4601);
#1594=VERTEX_POINT('',#4621);
#1595=VERTEX_POINT('',#4625);
#1596=VERTEX_POINT('',#4627);
#1597=VERTEX_POINT('',#4631);
#1598=VERTEX_POINT('',#4635);
#1599=VERTEX_POINT('',#4637);
#1600=VERTEX_POINT('',#4641);
#1601=VERTEX_POINT('',#4650);
#1602=VERTEX_POINT('',#4652);
#1603=VERTEX_POINT('',#4656);
#1604=VERTEX_POINT('',#4658);
#1605=VERTEX_POINT('',#4660);
#1606=VERTEX_POINT('',#4662);
#1607=VERTEX_POINT('',#4665);
#1608=VERTEX_POINT('',#4685);
#1609=VERTEX_POINT('',#4689);
#1610=VERTEX_POINT('',#4691);
#1611=VERTEX_POINT('',#4695);
#1612=VERTEX_POINT('',#4699);
#1613=VERTEX_POINT('',#4701);
#1614=VERTEX_POINT('',#4705);
#1615=VERTEX_POINT('',#4713);
#1616=VERTEX_POINT('',#4714);
#1617=VERTEX_POINT('',#4716);
#1618=VERTEX_POINT('',#4718);
#1619=VERTEX_POINT('',#4722);
#1620=VERTEX_POINT('',#4724);
#1621=VERTEX_POINT('',#4726);
#1622=VERTEX_POINT('',#4728);
#1623=VERTEX_POINT('',#4731);
#1624=VERTEX_POINT('',#4751);
#1625=VERTEX_POINT('',#4755);
#1626=VERTEX_POINT('',#4757);
#1627=VERTEX_POINT('',#4761);
#1628=VERTEX_POINT('',#4765);
#1629=VERTEX_POINT('',#4767);
#1630=VERTEX_POINT('',#4771);
#1631=VERTEX_POINT('',#4780);
#1632=VERTEX_POINT('',#4782);
#1633=VERTEX_POINT('',#4786);
#1634=VERTEX_POINT('',#4788);
#1635=VERTEX_POINT('',#4790);
#1636=VERTEX_POINT('',#4792);
#1637=VERTEX_POINT('',#4795);
#1638=VERTEX_POINT('',#4815);
#1639=VERTEX_POINT('',#4819);
#1640=VERTEX_POINT('',#4821);
#1641=VERTEX_POINT('',#4825);
#1642=VERTEX_POINT('',#4829);
#1643=VERTEX_POINT('',#4831);
#1644=VERTEX_POINT('',#4835);
#1645=VERTEX_POINT('',#4844);
#1646=VERTEX_POINT('',#4846);
#1647=VERTEX_POINT('',#4850);
#1648=VERTEX_POINT('',#4852);
#1649=VERTEX_POINT('',#4854);
#1650=VERTEX_POINT('',#4856);
#1651=VERTEX_POINT('',#4859);
#1652=VERTEX_POINT('',#4879);
#1653=VERTEX_POINT('',#4883);
#1654=VERTEX_POINT('',#4885);
#1655=VERTEX_POINT('',#4889);
#1656=VERTEX_POINT('',#4893);
#1657=VERTEX_POINT('',#4895);
#1658=VERTEX_POINT('',#4899);
#1659=VERTEX_POINT('',#4908);
#1660=VERTEX_POINT('',#4910);
#1661=VERTEX_POINT('',#4914);
#1662=VERTEX_POINT('',#4916);
#1663=VERTEX_POINT('',#4918);
#1664=VERTEX_POINT('',#4920);
#1665=VERTEX_POINT('',#4923);
#1666=VERTEX_POINT('',#4943);
#1667=VERTEX_POINT('',#4947);
#1668=VERTEX_POINT('',#4949);
#1669=VERTEX_POINT('',#4953);
#1670=VERTEX_POINT('',#4957);
#1671=VERTEX_POINT('',#4959);
#1672=VERTEX_POINT('',#4963);
#1673=VERTEX_POINT('',#4972);
#1674=VERTEX_POINT('',#4974);
#1675=VERTEX_POINT('',#4978);
#1676=VERTEX_POINT('',#4980);
#1677=VERTEX_POINT('',#4982);
#1678=VERTEX_POINT('',#4984);
#1679=VERTEX_POINT('',#4987);
#1680=VERTEX_POINT('',#5007);
#1681=VERTEX_POINT('',#5011);
#1682=VERTEX_POINT('',#5013);
#1683=VERTEX_POINT('',#5017);
#1684=VERTEX_POINT('',#5021);
#1685=VERTEX_POINT('',#5023);
#1686=VERTEX_POINT('',#5027);
#1687=VERTEX_POINT('',#5036);
#1688=VERTEX_POINT('',#5038);
#1689=VERTEX_POINT('',#5042);
#1690=VERTEX_POINT('',#5044);
#1691=VERTEX_POINT('',#5046);
#1692=VERTEX_POINT('',#5048);
#1693=VERTEX_POINT('',#5051);
#1694=VERTEX_POINT('',#5071);
#1695=VERTEX_POINT('',#5075);
#1696=VERTEX_POINT('',#5077);
#1697=VERTEX_POINT('',#5081);
#1698=VERTEX_POINT('',#5085);
#1699=VERTEX_POINT('',#5087);
#1700=VERTEX_POINT('',#5091);
#1701=VERTEX_POINT('',#5100);
#1702=VERTEX_POINT('',#5102);
#1703=VERTEX_POINT('',#5106);
#1704=VERTEX_POINT('',#5108);
#1705=VERTEX_POINT('',#5110);
#1706=VERTEX_POINT('',#5112);
#1707=VERTEX_POINT('',#5115);
#1708=VERTEX_POINT('',#5135);
#1709=VERTEX_POINT('',#5139);
#1710=VERTEX_POINT('',#5141);
#1711=VERTEX_POINT('',#5145);
#1712=VERTEX_POINT('',#5149);
#1713=VERTEX_POINT('',#5151);
#1714=VERTEX_POINT('',#5155);
#1715=VERTEX_POINT('',#5164);
#1716=VERTEX_POINT('',#5166);
#1717=VERTEX_POINT('',#5170);
#1718=VERTEX_POINT('',#5172);
#1719=VERTEX_POINT('',#5174);
#1720=VERTEX_POINT('',#5176);
#1721=VERTEX_POINT('',#5179);
#1722=VERTEX_POINT('',#5199);
#1723=VERTEX_POINT('',#5203);
#1724=VERTEX_POINT('',#5205);
#1725=VERTEX_POINT('',#5209);
#1726=VERTEX_POINT('',#5213);
#1727=VERTEX_POINT('',#5215);
#1728=VERTEX_POINT('',#5219);
#1729=VERTEX_POINT('',#5227);
#1730=VERTEX_POINT('',#5228);
#1731=VERTEX_POINT('',#5230);
#1732=VERTEX_POINT('',#5232);
#1733=VERTEX_POINT('',#5236);
#1734=VERTEX_POINT('',#5238);
#1735=VERTEX_POINT('',#5240);
#1736=VERTEX_POINT('',#5242);
#1737=VERTEX_POINT('',#5245);
#1738=VERTEX_POINT('',#5265);
#1739=VERTEX_POINT('',#5269);
#1740=VERTEX_POINT('',#5271);
#1741=VERTEX_POINT('',#5275);
#1742=VERTEX_POINT('',#5279);
#1743=VERTEX_POINT('',#5281);
#1744=VERTEX_POINT('',#5285);
#1745=VERTEX_POINT('',#5293);
#1746=VERTEX_POINT('',#5294);
#1747=VERTEX_POINT('',#5296);
#1748=VERTEX_POINT('',#5298);
#1749=VERTEX_POINT('',#5302);
#1750=VERTEX_POINT('',#5304);
#1751=VERTEX_POINT('',#5306);
#1752=VERTEX_POINT('',#5308);
#1753=VERTEX_POINT('',#5311);
#1754=VERTEX_POINT('',#5331);
#1755=VERTEX_POINT('',#5335);
#1756=VERTEX_POINT('',#5337);
#1757=VERTEX_POINT('',#5341);
#1758=VERTEX_POINT('',#5345);
#1759=VERTEX_POINT('',#5347);
#1760=VERTEX_POINT('',#5351);
#1761=VERTEX_POINT('',#5360);
#1762=VERTEX_POINT('',#5362);
#1763=VERTEX_POINT('',#5366);
#1764=VERTEX_POINT('',#5368);
#1765=VERTEX_POINT('',#5370);
#1766=VERTEX_POINT('',#5372);
#1767=VERTEX_POINT('',#5375);
#1768=VERTEX_POINT('',#5395);
#1769=VERTEX_POINT('',#5399);
#1770=VERTEX_POINT('',#5401);
#1771=VERTEX_POINT('',#5405);
#1772=VERTEX_POINT('',#5409);
#1773=VERTEX_POINT('',#5411);
#1774=VERTEX_POINT('',#5415);
#1775=VERTEX_POINT('',#5423);
#1776=VERTEX_POINT('',#5424);
#1777=VERTEX_POINT('',#5426);
#1778=VERTEX_POINT('',#5428);
#1779=VERTEX_POINT('',#5432);
#1780=VERTEX_POINT('',#5434);
#1781=VERTEX_POINT('',#5436);
#1782=VERTEX_POINT('',#5438);
#1783=VERTEX_POINT('',#5441);
#1784=VERTEX_POINT('',#5461);
#1785=VERTEX_POINT('',#5465);
#1786=VERTEX_POINT('',#5467);
#1787=VERTEX_POINT('',#5471);
#1788=VERTEX_POINT('',#5475);
#1789=VERTEX_POINT('',#5477);
#1790=VERTEX_POINT('',#5481);
#1791=VERTEX_POINT('',#5489);
#1792=VERTEX_POINT('',#5490);
#1793=VERTEX_POINT('',#5492);
#1794=VERTEX_POINT('',#5494);
#1795=VERTEX_POINT('',#5498);
#1796=VERTEX_POINT('',#5500);
#1797=VERTEX_POINT('',#5502);
#1798=VERTEX_POINT('',#5504);
#1799=VERTEX_POINT('',#5507);
#1800=VERTEX_POINT('',#5527);
#1801=VERTEX_POINT('',#5531);
#1802=VERTEX_POINT('',#5533);
#1803=VERTEX_POINT('',#5537);
#1804=VERTEX_POINT('',#5541);
#1805=VERTEX_POINT('',#5543);
#1806=VERTEX_POINT('',#5547);
#1807=VERTEX_POINT('',#5556);
#1808=VERTEX_POINT('',#5558);
#1809=VERTEX_POINT('',#5562);
#1810=VERTEX_POINT('',#5564);
#1811=VERTEX_POINT('',#5566);
#1812=VERTEX_POINT('',#5568);
#1813=VERTEX_POINT('',#5571);
#1814=VERTEX_POINT('',#5591);
#1815=VERTEX_POINT('',#5595);
#1816=VERTEX_POINT('',#5597);
#1817=VERTEX_POINT('',#5601);
#1818=VERTEX_POINT('',#5605);
#1819=VERTEX_POINT('',#5607);
#1820=VERTEX_POINT('',#5611);
#1821=VERTEX_POINT('',#5619);
#1822=VERTEX_POINT('',#5621);
#1823=VERTEX_POINT('',#5624);
#1824=VERTEX_POINT('',#5627);
#1825=VERTEX_POINT('',#5630);
#1826=VERTEX_POINT('',#5631);
#1827=VERTEX_POINT('',#5634);
#1828=VERTEX_POINT('',#5635);
#1829=VERTEX_POINT('',#5660);
#1830=VERTEX_POINT('',#5663);
#1831=VERTEX_POINT('',#5667);
#1832=EDGE_CURVE('',#1532,#1533,#720,.T.);
#1833=EDGE_CURVE('',#1534,#1532,#721,.T.);
#1834=EDGE_CURVE('',#1535,#1534,#722,.T.);
#1835=EDGE_CURVE('',#1535,#1536,#690,.T.);
#1836=EDGE_CURVE('',#1537,#1536,#723,.T.);
#1837=EDGE_CURVE('',#1537,#1538,#724,.T.);
#1838=EDGE_CURVE('',#1539,#1538,#725,.T.);
#1839=EDGE_CURVE('',#1533,#1539,#691,.T.);
#1840=EDGE_CURVE('',#1540,#1541,#726,.T.);
#1841=EDGE_CURVE('',#1542,#1543,#727,.T.);
#1842=EDGE_CURVE('',#1544,#1545,#728,.T.);
#1843=EDGE_CURVE('',#1546,#1547,#729,.T.);
#1844=EDGE_CURVE('',#1548,#1549,#730,.T.);
#1845=EDGE_CURVE('',#1550,#1551,#731,.T.);
#1846=EDGE_CURVE('',#1552,#1553,#732,.T.);
#1847=EDGE_CURVE('',#1554,#1555,#733,.T.);
#1848=EDGE_CURVE('',#1556,#1557,#734,.T.);
#1849=EDGE_CURVE('',#1558,#1558,#692,.T.);
#1850=EDGE_CURVE('',#1558,#1559,#735,.T.);
#1851=EDGE_CURVE('',#1559,#1559,#693,.T.);
#1852=EDGE_CURVE('',#1560,#1560,#694,.T.);
#1853=EDGE_CURVE('',#1561,#1562,#736,.T.);
#1854=EDGE_CURVE('',#1563,#1561,#695,.T.);
#1855=EDGE_CURVE('',#1564,#1563,#737,.T.);
#1856=EDGE_CURVE('',#1565,#1564,#696,.T.);
#1857=EDGE_CURVE('',#1566,#1565,#738,.T.);
#1858=EDGE_CURVE('',#1567,#1566,#697,.T.);
#1859=EDGE_CURVE('',#1568,#1567,#739,.T.);
#1860=EDGE_CURVE('',#1569,#1568,#698,.T.);
#1861=EDGE_CURVE('',#1570,#1569,#740,.T.);
#1862=EDGE_CURVE('',#1571,#1570,#699,.T.);
#1863=EDGE_CURVE('',#1572,#1571,#741,.T.);
#1864=EDGE_CURVE('',#1573,#1572,#700,.T.);
#1865=EDGE_CURVE('',#1573,#1560,#742,.T.);
#1866=EDGE_CURVE('',#1562,#1573,#701,.T.);
#1867=EDGE_CURVE('',#1563,#1574,#743,.T.);
#1868=EDGE_CURVE('',#1575,#1574,#744,.T.);
#1869=EDGE_CURVE('',#1564,#1575,#745,.T.);
#1870=EDGE_CURVE('',#1571,#1576,#746,.T.);
#1871=EDGE_CURVE('',#1577,#1576,#747,.T.);
#1872=EDGE_CURVE('',#1572,#1577,#748,.T.);
#1873=EDGE_CURVE('',#1536,#1535,#702,.T.);
#1874=EDGE_CURVE('',#1575,#1578,#703,.T.);
#1875=EDGE_CURVE('',#1562,#1578,#749,.T.);
#1876=EDGE_CURVE('',#1577,#1579,#704,.T.);
#1877=EDGE_CURVE('',#1569,#1579,#750,.T.);
#1878=EDGE_CURVE('',#1568,#1580,#751,.T.);
#1879=EDGE_CURVE('',#1580,#1581,#705,.T.);
#1880=EDGE_CURVE('',#1565,#1581,#752,.T.);
#1881=EDGE_CURVE('',#1582,#1583,#753,.T.);
#1882=EDGE_CURVE('',#1582,#1583,#706,.T.);
#1883=EDGE_CURVE('',#1584,#1585,#754,.T.);
#1884=EDGE_CURVE('',#1584,#1585,#707,.T.);
#1885=EDGE_CURVE('',#1567,#1586,#755,.T.);
#1886=EDGE_CURVE('',#1580,#1586,#756,.T.);
#1887=EDGE_CURVE('',#1534,#1532,#757,.T.);
#1888=EDGE_CURVE('',#1534,#1587,#758,.T.);
#1889=EDGE_CURVE('',#1588,#1587,#759,.T.);
#1890=EDGE_CURVE('',#1588,#1532,#760,.T.);
#1891=EDGE_CURVE('',#1587,#1589,#761,.T.);
#1892=EDGE_CURVE('',#1589,#1590,#762,.T.);
#1893=EDGE_CURVE('',#1591,#1590,#763,.T.);
#1894=EDGE_CURVE('',#1591,#1592,#764,.T.);
#1895=EDGE_CURVE('',#1592,#1588,#765,.T.);
#1896=EDGE_CURVE('',#1593,#1593,#33,.T.);
#1897=EDGE_CURVE('',#1594,#1594,#34,.T.);
#1898=EDGE_CURVE('',#1594,#1593,#766,.T.);
#1899=EDGE_CURVE('',#1595,#1534,#767,.T.);
#1900=EDGE_CURVE('',#1596,#1595,#768,.T.);
#1901=EDGE_CURVE('',#1589,#1596,#769,.T.);
#1902=EDGE_CURVE('',#1597,#1596,#770,.T.);
#1903=EDGE_CURVE('',#1590,#1597,#771,.T.);
#1904=EDGE_CURVE('',#1598,#1591,#772,.T.);
#1905=EDGE_CURVE('',#1599,#1598,#773,.T.);
#1906=EDGE_CURVE('',#1592,#1599,#774,.T.);
#1907=EDGE_CURVE('',#1600,#1599,#775,.T.);
#1908=EDGE_CURVE('',#1532,#1600,#776,.T.);
#1909=EDGE_CURVE('',#1595,#1600,#777,.T.);
#1910=EDGE_CURVE('',#1597,#1598,#778,.T.);
#1911=EDGE_CURVE('',#1556,#1557,#779,.T.);
#1912=EDGE_CURVE('',#1556,#1601,#780,.T.);
#1913=EDGE_CURVE('',#1602,#1601,#781,.T.);
#1914=EDGE_CURVE('',#1602,#1557,#782,.T.);
#1915=EDGE_CURVE('',#1601,#1603,#783,.T.);
#1916=EDGE_CURVE('',#1603,#1604,#784,.T.);
#1917=EDGE_CURVE('',#1605,#1604,#785,.T.);
#1918=EDGE_CURVE('',#1605,#1606,#786,.T.);
#1919=EDGE_CURVE('',#1606,#1602,#787,.T.);
#1920=EDGE_CURVE('',#1607,#1607,#35,.T.);
#1921=EDGE_CURVE('',#1608,#1608,#36,.T.);
#1922=EDGE_CURVE('',#1608,#1607,#788,.T.);
#1923=EDGE_CURVE('',#1609,#1556,#789,.T.);
#1924=EDGE_CURVE('',#1610,#1609,#790,.T.);
#1925=EDGE_CURVE('',#1603,#1610,#791,.T.);
#1926=EDGE_CURVE('',#1611,#1610,#792,.T.);
#1927=EDGE_CURVE('',#1604,#1611,#793,.T.);
#1928=EDGE_CURVE('',#1612,#1605,#794,.T.);
#1929=EDGE_CURVE('',#1613,#1612,#795,.T.);
#1930=EDGE_CURVE('',#1606,#1613,#796,.T.);
#1931=EDGE_CURVE('',#1614,#1613,#797,.T.);
#1932=EDGE_CURVE('',#1557,#1614,#798,.T.);
#1933=EDGE_CURVE('',#1609,#1614,#799,.T.);
#1934=EDGE_CURVE('',#1611,#1612,#800,.T.);
#1935=EDGE_CURVE('',#1615,#1616,#801,.T.);
#1936=EDGE_CURVE('',#1615,#1617,#802,.T.);
#1937=EDGE_CURVE('',#1618,#1617,#803,.T.);
#1938=EDGE_CURVE('',#1618,#1616,#804,.T.);
#1939=EDGE_CURVE('',#1617,#1619,#805,.T.);
#1940=EDGE_CURVE('',#1619,#1620,#806,.T.);
#1941=EDGE_CURVE('',#1621,#1620,#807,.T.);
#1942=EDGE_CURVE('',#1621,#1622,#808,.T.);
#1943=EDGE_CURVE('',#1622,#1618,#809,.T.);
#1944=EDGE_CURVE('',#1623,#1623,#37,.T.);
#1945=EDGE_CURVE('',#1624,#1624,#38,.T.);
#1946=EDGE_CURVE('',#1624,#1623,#810,.T.);
#1947=EDGE_CURVE('',#1625,#1615,#811,.T.);
#1948=EDGE_CURVE('',#1626,#1625,#812,.T.);
#1949=EDGE_CURVE('',#1619,#1626,#813,.T.);
#1950=EDGE_CURVE('',#1627,#1626,#814,.T.);
#1951=EDGE_CURVE('',#1620,#1627,#815,.T.);
#1952=EDGE_CURVE('',#1628,#1621,#816,.T.);
#1953=EDGE_CURVE('',#1629,#1628,#817,.T.);
#1954=EDGE_CURVE('',#1622,#1629,#818,.T.);
#1955=EDGE_CURVE('',#1630,#1629,#819,.T.);
#1956=EDGE_CURVE('',#1616,#1630,#820,.T.);
#1957=EDGE_CURVE('',#1625,#1630,#821,.T.);
#1958=EDGE_CURVE('',#1627,#1628,#822,.T.);
#1959=EDGE_CURVE('',#1554,#1555,#823,.T.);
#1960=EDGE_CURVE('',#1554,#1631,#824,.T.);
#1961=EDGE_CURVE('',#1632,#1631,#825,.T.);
#1962=EDGE_CURVE('',#1632,#1555,#826,.T.);
#1963=EDGE_CURVE('',#1631,#1633,#827,.T.);
#1964=EDGE_CURVE('',#1633,#1634,#828,.T.);
#1965=EDGE_CURVE('',#1635,#1634,#829,.T.);
#1966=EDGE_CURVE('',#1635,#1636,#830,.T.);
#1967=EDGE_CURVE('',#1636,#1632,#831,.T.);
#1968=EDGE_CURVE('',#1637,#1637,#39,.T.);
#1969=EDGE_CURVE('',#1638,#1638,#40,.T.);
#1970=EDGE_CURVE('',#1638,#1637,#832,.T.);
#1971=EDGE_CURVE('',#1639,#1554,#833,.T.);
#1972=EDGE_CURVE('',#1640,#1639,#834,.T.);
#1973=EDGE_CURVE('',#1633,#1640,#835,.T.);
#1974=EDGE_CURVE('',#1641,#1640,#836,.T.);
#1975=EDGE_CURVE('',#1634,#1641,#837,.T.);
#1976=EDGE_CURVE('',#1642,#1635,#838,.T.);
#1977=EDGE_CURVE('',#1643,#1642,#839,.T.);
#1978=EDGE_CURVE('',#1636,#1643,#840,.T.);
#1979=EDGE_CURVE('',#1644,#1643,#841,.T.);
#1980=EDGE_CURVE('',#1555,#1644,#842,.T.);
#1981=EDGE_CURVE('',#1639,#1644,#843,.T.);
#1982=EDGE_CURVE('',#1641,#1642,#844,.T.);
#1983=EDGE_CURVE('',#1552,#1553,#845,.T.);
#1984=EDGE_CURVE('',#1552,#1645,#846,.T.);
#1985=EDGE_CURVE('',#1646,#1645,#847,.T.);
#1986=EDGE_CURVE('',#1646,#1553,#848,.T.);
#1987=EDGE_CURVE('',#1645,#1647,#849,.T.);
#1988=EDGE_CURVE('',#1647,#1648,#850,.T.);
#1989=EDGE_CURVE('',#1649,#1648,#851,.T.);
#1990=EDGE_CURVE('',#1649,#1650,#852,.T.);
#1991=EDGE_CURVE('',#1650,#1646,#853,.T.);
#1992=EDGE_CURVE('',#1651,#1651,#41,.T.);
#1993=EDGE_CURVE('',#1652,#1652,#42,.T.);
#1994=EDGE_CURVE('',#1652,#1651,#854,.T.);
#1995=EDGE_CURVE('',#1653,#1552,#855,.T.);
#1996=EDGE_CURVE('',#1654,#1653,#856,.T.);
#1997=EDGE_CURVE('',#1647,#1654,#857,.T.);
#1998=EDGE_CURVE('',#1655,#1654,#858,.T.);
#1999=EDGE_CURVE('',#1648,#1655,#859,.T.);
#2000=EDGE_CURVE('',#1656,#1649,#860,.T.);
#2001=EDGE_CURVE('',#1657,#1656,#861,.T.);
#2002=EDGE_CURVE('',#1650,#1657,#862,.T.);
#2003=EDGE_CURVE('',#1658,#1657,#863,.T.);
#2004=EDGE_CURVE('',#1553,#1658,#864,.T.);
#2005=EDGE_CURVE('',#1653,#1658,#865,.T.);
#2006=EDGE_CURVE('',#1655,#1656,#866,.T.);
#2007=EDGE_CURVE('',#1550,#1551,#867,.T.);
#2008=EDGE_CURVE('',#1550,#1659,#868,.T.);
#2009=EDGE_CURVE('',#1660,#1659,#869,.T.);
#2010=EDGE_CURVE('',#1660,#1551,#870,.T.);
#2011=EDGE_CURVE('',#1659,#1661,#871,.T.);
#2012=EDGE_CURVE('',#1661,#1662,#872,.T.);
#2013=EDGE_CURVE('',#1663,#1662,#873,.T.);
#2014=EDGE_CURVE('',#1663,#1664,#874,.T.);
#2015=EDGE_CURVE('',#1664,#1660,#875,.T.);
#2016=EDGE_CURVE('',#1665,#1665,#43,.T.);
#2017=EDGE_CURVE('',#1666,#1666,#44,.T.);
#2018=EDGE_CURVE('',#1666,#1665,#876,.T.);
#2019=EDGE_CURVE('',#1667,#1550,#877,.T.);
#2020=EDGE_CURVE('',#1668,#1667,#878,.T.);
#2021=EDGE_CURVE('',#1661,#1668,#879,.T.);
#2022=EDGE_CURVE('',#1669,#1668,#880,.T.);
#2023=EDGE_CURVE('',#1662,#1669,#881,.T.);
#2024=EDGE_CURVE('',#1670,#1663,#882,.T.);
#2025=EDGE_CURVE('',#1671,#1670,#883,.T.);
#2026=EDGE_CURVE('',#1664,#1671,#884,.T.);
#2027=EDGE_CURVE('',#1672,#1671,#885,.T.);
#2028=EDGE_CURVE('',#1551,#1672,#886,.T.);
#2029=EDGE_CURVE('',#1667,#1672,#887,.T.);
#2030=EDGE_CURVE('',#1669,#1670,#888,.T.);
#2031=EDGE_CURVE('',#1548,#1549,#889,.T.);
#2032=EDGE_CURVE('',#1548,#1673,#890,.T.);
#2033=EDGE_CURVE('',#1674,#1673,#891,.T.);
#2034=EDGE_CURVE('',#1674,#1549,#892,.T.);
#2035=EDGE_CURVE('',#1673,#1675,#893,.T.);
#2036=EDGE_CURVE('',#1675,#1676,#894,.T.);
#2037=EDGE_CURVE('',#1677,#1676,#895,.T.);
#2038=EDGE_CURVE('',#1677,#1678,#896,.T.);
#2039=EDGE_CURVE('',#1678,#1674,#897,.T.);
#2040=EDGE_CURVE('',#1679,#1679,#45,.T.);
#2041=EDGE_CURVE('',#1680,#1680,#46,.T.);
#2042=EDGE_CURVE('',#1680,#1679,#898,.T.);
#2043=EDGE_CURVE('',#1681,#1548,#899,.T.);
#2044=EDGE_CURVE('',#1682,#1681,#900,.T.);
#2045=EDGE_CURVE('',#1675,#1682,#901,.T.);
#2046=EDGE_CURVE('',#1683,#1682,#902,.T.);
#2047=EDGE_CURVE('',#1676,#1683,#903,.T.);
#2048=EDGE_CURVE('',#1684,#1677,#904,.T.);
#2049=EDGE_CURVE('',#1685,#1684,#905,.T.);
#2050=EDGE_CURVE('',#1678,#1685,#906,.T.);
#2051=EDGE_CURVE('',#1686,#1685,#907,.T.);
#2052=EDGE_CURVE('',#1549,#1686,#908,.T.);
#2053=EDGE_CURVE('',#1681,#1686,#909,.T.);
#2054=EDGE_CURVE('',#1683,#1684,#910,.T.);
#2055=EDGE_CURVE('',#1546,#1547,#911,.T.);
#2056=EDGE_CURVE('',#1546,#1687,#912,.T.);
#2057=EDGE_CURVE('',#1688,#1687,#913,.T.);
#2058=EDGE_CURVE('',#1688,#1547,#914,.T.);
#2059=EDGE_CURVE('',#1687,#1689,#915,.T.);
#2060=EDGE_CURVE('',#1689,#1690,#916,.T.);
#2061=EDGE_CURVE('',#1691,#1690,#917,.T.);
#2062=EDGE_CURVE('',#1691,#1692,#918,.T.);
#2063=EDGE_CURVE('',#1692,#1688,#919,.T.);
#2064=EDGE_CURVE('',#1693,#1693,#47,.T.);
#2065=EDGE_CURVE('',#1694,#1694,#48,.T.);
#2066=EDGE_CURVE('',#1694,#1693,#920,.T.);
#2067=EDGE_CURVE('',#1695,#1546,#921,.T.);
#2068=EDGE_CURVE('',#1696,#1695,#922,.T.);
#2069=EDGE_CURVE('',#1689,#1696,#923,.T.);
#2070=EDGE_CURVE('',#1697,#1696,#924,.T.);
#2071=EDGE_CURVE('',#1690,#1697,#925,.T.);
#2072=EDGE_CURVE('',#1698,#1691,#926,.T.);
#2073=EDGE_CURVE('',#1699,#1698,#927,.T.);
#2074=EDGE_CURVE('',#1692,#1699,#928,.T.);
#2075=EDGE_CURVE('',#1700,#1699,#929,.T.);
#2076=EDGE_CURVE('',#1547,#1700,#930,.T.);
#2077=EDGE_CURVE('',#1695,#1700,#931,.T.);
#2078=EDGE_CURVE('',#1697,#1698,#932,.T.);
#2079=EDGE_CURVE('',#1544,#1545,#933,.T.);
#2080=EDGE_CURVE('',#1544,#1701,#934,.T.);
#2081=EDGE_CURVE('',#1702,#1701,#935,.T.);
#2082=EDGE_CURVE('',#1702,#1545,#936,.T.);
#2083=EDGE_CURVE('',#1701,#1703,#937,.T.);
#2084=EDGE_CURVE('',#1703,#1704,#938,.T.);
#2085=EDGE_CURVE('',#1705,#1704,#939,.T.);
#2086=EDGE_CURVE('',#1705,#1706,#940,.T.);
#2087=EDGE_CURVE('',#1706,#1702,#941,.T.);
#2088=EDGE_CURVE('',#1707,#1707,#49,.T.);
#2089=EDGE_CURVE('',#1708,#1708,#50,.T.);
#2090=EDGE_CURVE('',#1708,#1707,#942,.T.);
#2091=EDGE_CURVE('',#1709,#1544,#943,.T.);
#2092=EDGE_CURVE('',#1710,#1709,#944,.T.);
#2093=EDGE_CURVE('',#1703,#1710,#945,.T.);
#2094=EDGE_CURVE('',#1711,#1710,#946,.T.);
#2095=EDGE_CURVE('',#1704,#1711,#947,.T.);
#2096=EDGE_CURVE('',#1712,#1705,#948,.T.);
#2097=EDGE_CURVE('',#1713,#1712,#949,.T.);
#2098=EDGE_CURVE('',#1706,#1713,#950,.T.);
#2099=EDGE_CURVE('',#1714,#1713,#951,.T.);
#2100=EDGE_CURVE('',#1545,#1714,#952,.T.);
#2101=EDGE_CURVE('',#1709,#1714,#953,.T.);
#2102=EDGE_CURVE('',#1711,#1712,#954,.T.);
#2103=EDGE_CURVE('',#1537,#1538,#955,.T.);
#2104=EDGE_CURVE('',#1537,#1715,#956,.T.);
#2105=EDGE_CURVE('',#1716,#1715,#957,.T.);
#2106=EDGE_CURVE('',#1716,#1538,#958,.T.);
#2107=EDGE_CURVE('',#1715,#1717,#959,.T.);
#2108=EDGE_CURVE('',#1717,#1718,#960,.T.);
#2109=EDGE_CURVE('',#1719,#1718,#961,.T.);
#2110=EDGE_CURVE('',#1719,#1720,#962,.T.);
#2111=EDGE_CURVE('',#1720,#1716,#963,.T.);
#2112=EDGE_CURVE('',#1721,#1721,#51,.T.);
#2113=EDGE_CURVE('',#1722,#1722,#52,.T.);
#2114=EDGE_CURVE('',#1722,#1721,#964,.T.);
#2115=EDGE_CURVE('',#1723,#1537,#965,.T.);
#2116=EDGE_CURVE('',#1724,#1723,#966,.T.);
#2117=EDGE_CURVE('',#1717,#1724,#967,.T.);
#2118=EDGE_CURVE('',#1725,#1724,#968,.T.);
#2119=EDGE_CURVE('',#1718,#1725,#969,.T.);
#2120=EDGE_CURVE('',#1726,#1719,#970,.T.);
#2121=EDGE_CURVE('',#1727,#1726,#971,.T.);
#2122=EDGE_CURVE('',#1720,#1727,#972,.T.);
#2123=EDGE_CURVE('',#1728,#1727,#973,.T.);
#2124=EDGE_CURVE('',#1538,#1728,#974,.T.);
#2125=EDGE_CURVE('',#1723,#1728,#975,.T.);
#2126=EDGE_CURVE('',#1725,#1726,#976,.T.);
#2127=EDGE_CURVE('',#1729,#1730,#977,.T.);
#2128=EDGE_CURVE('',#1729,#1731,#978,.T.);
#2129=EDGE_CURVE('',#1732,#1731,#979,.T.);
#2130=EDGE_CURVE('',#1732,#1730,#980,.T.);
#2131=EDGE_CURVE('',#1731,#1733,#981,.T.);
#2132=EDGE_CURVE('',#1733,#1734,#982,.T.);
#2133=EDGE_CURVE('',#1735,#1734,#983,.T.);
#2134=EDGE_CURVE('',#1735,#1736,#984,.T.);
#2135=EDGE_CURVE('',#1736,#1732,#985,.T.);
#2136=EDGE_CURVE('',#1737,#1737,#53,.T.);
#2137=EDGE_CURVE('',#1738,#1738,#54,.T.);
#2138=EDGE_CURVE('',#1738,#1737,#986,.T.);
#2139=EDGE_CURVE('',#1739,#1729,#987,.T.);
#2140=EDGE_CURVE('',#1740,#1739,#988,.T.);
#2141=EDGE_CURVE('',#1733,#1740,#989,.T.);
#2142=EDGE_CURVE('',#1741,#1740,#990,.T.);
#2143=EDGE_CURVE('',#1734,#1741,#991,.T.);
#2144=EDGE_CURVE('',#1742,#1735,#992,.T.);
#2145=EDGE_CURVE('',#1743,#1742,#993,.T.);
#2146=EDGE_CURVE('',#1736,#1743,#994,.T.);
#2147=EDGE_CURVE('',#1744,#1743,#995,.T.);
#2148=EDGE_CURVE('',#1730,#1744,#996,.T.);
#2149=EDGE_CURVE('',#1739,#1744,#997,.T.);
#2150=EDGE_CURVE('',#1741,#1742,#998,.T.);
#2151=EDGE_CURVE('',#1745,#1746,#999,.T.);
#2152=EDGE_CURVE('',#1745,#1747,#1000,.T.);
#2153=EDGE_CURVE('',#1748,#1747,#1001,.T.);
#2154=EDGE_CURVE('',#1748,#1746,#1002,.T.);
#2155=EDGE_CURVE('',#1747,#1749,#1003,.T.);
#2156=EDGE_CURVE('',#1749,#1750,#1004,.T.);
#2157=EDGE_CURVE('',#1751,#1750,#1005,.T.);
#2158=EDGE_CURVE('',#1751,#1752,#1006,.T.);
#2159=EDGE_CURVE('',#1752,#1748,#1007,.T.);
#2160=EDGE_CURVE('',#1753,#1753,#55,.T.);
#2161=EDGE_CURVE('',#1754,#1754,#56,.T.);
#2162=EDGE_CURVE('',#1754,#1753,#1008,.T.);
#2163=EDGE_CURVE('',#1755,#1745,#1009,.T.);
#2164=EDGE_CURVE('',#1756,#1755,#1010,.T.);
#2165=EDGE_CURVE('',#1749,#1756,#1011,.T.);
#2166=EDGE_CURVE('',#1757,#1756,#1012,.T.);
#2167=EDGE_CURVE('',#1750,#1757,#1013,.T.);
#2168=EDGE_CURVE('',#1758,#1751,#1014,.T.);
#2169=EDGE_CURVE('',#1759,#1758,#1015,.T.);
#2170=EDGE_CURVE('',#1752,#1759,#1016,.T.);
#2171=EDGE_CURVE('',#1760,#1759,#1017,.T.);
#2172=EDGE_CURVE('',#1746,#1760,#1018,.T.);
#2173=EDGE_CURVE('',#1755,#1760,#1019,.T.);
#2174=EDGE_CURVE('',#1757,#1758,#1020,.T.);
#2175=EDGE_CURVE('',#1542,#1543,#1021,.T.);
#2176=EDGE_CURVE('',#1542,#1761,#1022,.T.);
#2177=EDGE_CURVE('',#1762,#1761,#1023,.T.);
#2178=EDGE_CURVE('',#1762,#1543,#1024,.T.);
#2179=EDGE_CURVE('',#1761,#1763,#1025,.T.);
#2180=EDGE_CURVE('',#1763,#1764,#1026,.T.);
#2181=EDGE_CURVE('',#1765,#1764,#1027,.T.);
#2182=EDGE_CURVE('',#1765,#1766,#1028,.T.);
#2183=EDGE_CURVE('',#1766,#1762,#1029,.T.);
#2184=EDGE_CURVE('',#1767,#1767,#57,.T.);
#2185=EDGE_CURVE('',#1768,#1768,#58,.T.);
#2186=EDGE_CURVE('',#1768,#1767,#1030,.T.);
#2187=EDGE_CURVE('',#1769,#1542,#1031,.T.);
#2188=EDGE_CURVE('',#1770,#1769,#1032,.T.);
#2189=EDGE_CURVE('',#1763,#1770,#1033,.T.);
#2190=EDGE_CURVE('',#1771,#1770,#1034,.T.);
#2191=EDGE_CURVE('',#1764,#1771,#1035,.T.);
#2192=EDGE_CURVE('',#1772,#1765,#1036,.T.);
#2193=EDGE_CURVE('',#1773,#1772,#1037,.T.);
#2194=EDGE_CURVE('',#1766,#1773,#1038,.T.);
#2195=EDGE_CURVE('',#1774,#1773,#1039,.T.);
#2196=EDGE_CURVE('',#1543,#1774,#1040,.T.);
#2197=EDGE_CURVE('',#1769,#1774,#1041,.T.);
#2198=EDGE_CURVE('',#1771,#1772,#1042,.T.);
#2199=EDGE_CURVE('',#1775,#1776,#1043,.T.);
#2200=EDGE_CURVE('',#1775,#1777,#1044,.T.);
#2201=EDGE_CURVE('',#1778,#1777,#1045,.T.);
#2202=EDGE_CURVE('',#1778,#1776,#1046,.T.);
#2203=EDGE_CURVE('',#1777,#1779,#1047,.T.);
#2204=EDGE_CURVE('',#1779,#1780,#1048,.T.);
#2205=EDGE_CURVE('',#1781,#1780,#1049,.T.);
#2206=EDGE_CURVE('',#1781,#1782,#1050,.T.);
#2207=EDGE_CURVE('',#1782,#1778,#1051,.T.);
#2208=EDGE_CURVE('',#1783,#1783,#59,.T.);
#2209=EDGE_CURVE('',#1784,#1784,#60,.T.);
#2210=EDGE_CURVE('',#1784,#1783,#1052,.T.);
#2211=EDGE_CURVE('',#1785,#1775,#1053,.T.);
#2212=EDGE_CURVE('',#1786,#1785,#1054,.T.);
#2213=EDGE_CURVE('',#1779,#1786,#1055,.T.);
#2214=EDGE_CURVE('',#1787,#1786,#1056,.T.);
#2215=EDGE_CURVE('',#1780,#1787,#1057,.T.);
#2216=EDGE_CURVE('',#1788,#1781,#1058,.T.);
#2217=EDGE_CURVE('',#1789,#1788,#1059,.T.);
#2218=EDGE_CURVE('',#1782,#1789,#1060,.T.);
#2219=EDGE_CURVE('',#1790,#1789,#1061,.T.);
#2220=EDGE_CURVE('',#1776,#1790,#1062,.T.);
#2221=EDGE_CURVE('',#1785,#1790,#1063,.T.);
#2222=EDGE_CURVE('',#1787,#1788,#1064,.T.);
#2223=EDGE_CURVE('',#1791,#1792,#1065,.T.);
#2224=EDGE_CURVE('',#1791,#1793,#1066,.T.);
#2225=EDGE_CURVE('',#1794,#1793,#1067,.T.);
#2226=EDGE_CURVE('',#1794,#1792,#1068,.T.);
#2227=EDGE_CURVE('',#1793,#1795,#1069,.T.);
#2228=EDGE_CURVE('',#1795,#1796,#1070,.T.);
#2229=EDGE_CURVE('',#1797,#1796,#1071,.T.);
#2230=EDGE_CURVE('',#1797,#1798,#1072,.T.);
#2231=EDGE_CURVE('',#1798,#1794,#1073,.T.);
#2232=EDGE_CURVE('',#1799,#1799,#61,.T.);
#2233=EDGE_CURVE('',#1800,#1800,#62,.T.);
#2234=EDGE_CURVE('',#1800,#1799,#1074,.T.);
#2235=EDGE_CURVE('',#1801,#1791,#1075,.T.);
#2236=EDGE_CURVE('',#1802,#1801,#1076,.T.);
#2237=EDGE_CURVE('',#1795,#1802,#1077,.T.);
#2238=EDGE_CURVE('',#1803,#1802,#1078,.T.);
#2239=EDGE_CURVE('',#1796,#1803,#1079,.T.);
#2240=EDGE_CURVE('',#1804,#1797,#1080,.T.);
#2241=EDGE_CURVE('',#1805,#1804,#1081,.T.);
#2242=EDGE_CURVE('',#1798,#1805,#1082,.T.);
#2243=EDGE_CURVE('',#1806,#1805,#1083,.T.);
#2244=EDGE_CURVE('',#1792,#1806,#1084,.T.);
#2245=EDGE_CURVE('',#1801,#1806,#1085,.T.);
#2246=EDGE_CURVE('',#1803,#1804,#1086,.T.);
#2247=EDGE_CURVE('',#1540,#1541,#1087,.T.);
#2248=EDGE_CURVE('',#1540,#1807,#1088,.T.);
#2249=EDGE_CURVE('',#1808,#1807,#1089,.T.);
#2250=EDGE_CURVE('',#1808,#1541,#1090,.T.);
#2251=EDGE_CURVE('',#1807,#1809,#1091,.T.);
#2252=EDGE_CURVE('',#1809,#1810,#1092,.T.);
#2253=EDGE_CURVE('',#1811,#1810,#1093,.T.);
#2254=EDGE_CURVE('',#1811,#1812,#1094,.T.);
#2255=EDGE_CURVE('',#1812,#1808,#1095,.T.);
#2256=EDGE_CURVE('',#1813,#1813,#63,.T.);
#2257=EDGE_CURVE('',#1814,#1814,#64,.T.);
#2258=EDGE_CURVE('',#1814,#1813,#1096,.T.);
#2259=EDGE_CURVE('',#1815,#1540,#1097,.T.);
#2260=EDGE_CURVE('',#1816,#1815,#1098,.T.);
#2261=EDGE_CURVE('',#1809,#1816,#1099,.T.);
#2262=EDGE_CURVE('',#1817,#1816,#1100,.T.);
#2263=EDGE_CURVE('',#1810,#1817,#1101,.T.);
#2264=EDGE_CURVE('',#1818,#1811,#1102,.T.);
#2265=EDGE_CURVE('',#1819,#1818,#1103,.T.);
#2266=EDGE_CURVE('',#1812,#1819,#1104,.T.);
#2267=EDGE_CURVE('',#1820,#1819,#1105,.T.);
#2268=EDGE_CURVE('',#1541,#1820,#1106,.T.);
#2269=EDGE_CURVE('',#1815,#1820,#1107,.T.);
#2270=EDGE_CURVE('',#1817,#1818,#1108,.T.);
#2271=EDGE_CURVE('',#1821,#1821,#708,.T.);
#2272=EDGE_CURVE('',#1561,#1822,#1109,.T.);
#2273=EDGE_CURVE('',#1574,#1822,#709,.T.);
#2274=EDGE_CURVE('',#1566,#1823,#1110,.T.);
#2275=EDGE_CURVE('',#1586,#1823,#710,.T.);
#2276=EDGE_CURVE('',#1570,#1824,#1111,.T.);
#2277=EDGE_CURVE('',#1576,#1824,#711,.T.);
#2278=EDGE_CURVE('',#1825,#1826,#712,.T.);
#2279=EDGE_CURVE('',#1826,#1825,#1112,.T.);
#2280=EDGE_CURVE('',#1827,#1828,#713,.T.);
#2281=EDGE_CURVE('',#1828,#1827,#1113,.T.);
#2282=EDGE_CURVE('',#1824,#1579,#1114,.T.);
#2283=EDGE_CURVE('',#1828,#1583,#1115,.T.);
#2284=EDGE_CURVE('',#1582,#1827,#1116,.T.);
#2285=EDGE_CURVE('',#1822,#1578,#1117,.T.);
#2286=EDGE_CURVE('',#1823,#1581,#1118,.T.);
#2287=EDGE_CURVE('',#1826,#1585,#1119,.T.);
#2288=EDGE_CURVE('',#1584,#1825,#1120,.T.);
#2289=EDGE_CURVE('',#1539,#1533,#714,.T.);
#2290=EDGE_CURVE('',#1615,#1616,#1121,.T.);
#2291=EDGE_CURVE('',#1729,#1730,#1122,.T.);
#2292=EDGE_CURVE('',#1745,#1746,#1123,.T.);
#2293=EDGE_CURVE('',#1775,#1776,#1124,.T.);
#2294=EDGE_CURVE('',#1791,#1792,#1125,.T.);
#2295=EDGE_CURVE('',#1829,#1829,#715,.T.);
#2296=EDGE_CURVE('',#1829,#1830,#716,.T.);
#2297=EDGE_CURVE('',#1830,#1830,#717,.T.);
#2298=EDGE_CURVE('',#1831,#1831,#718,.T.);
#2299=EDGE_CURVE('',#1821,#1831,#719,.T.);
#2300=ORIENTED_EDGE('',*,*,#1832,.F.);
#2301=ORIENTED_EDGE('',*,*,#1833,.F.);
#2302=ORIENTED_EDGE('',*,*,#1834,.F.);
#2303=ORIENTED_EDGE('',*,*,#1835,.T.);
#2304=ORIENTED_EDGE('',*,*,#1836,.F.);
#2305=ORIENTED_EDGE('',*,*,#1837,.T.);
#2306=ORIENTED_EDGE('',*,*,#1838,.F.);
#2307=ORIENTED_EDGE('',*,*,#1839,.F.);
#2308=ORIENTED_EDGE('',*,*,#1840,.T.);
#2309=ORIENTED_EDGE('',*,*,#1840,.F.);
#2310=ORIENTED_EDGE('',*,*,#1841,.T.);
#2311=ORIENTED_EDGE('',*,*,#1841,.F.);
#2312=ORIENTED_EDGE('',*,*,#1842,.T.);
#2313=ORIENTED_EDGE('',*,*,#1842,.F.);
#2314=ORIENTED_EDGE('',*,*,#1843,.T.);
#2315=ORIENTED_EDGE('',*,*,#1843,.F.);
#2316=ORIENTED_EDGE('',*,*,#1844,.T.);
#2317=ORIENTED_EDGE('',*,*,#1844,.F.);
#2318=ORIENTED_EDGE('',*,*,#1845,.T.);
#2319=ORIENTED_EDGE('',*,*,#1845,.F.);
#2320=ORIENTED_EDGE('',*,*,#1846,.T.);
#2321=ORIENTED_EDGE('',*,*,#1846,.F.);
#2322=ORIENTED_EDGE('',*,*,#1847,.T.);
#2323=ORIENTED_EDGE('',*,*,#1847,.F.);
#2324=ORIENTED_EDGE('',*,*,#1848,.T.);
#2325=ORIENTED_EDGE('',*,*,#1848,.F.);
#2326=ORIENTED_EDGE('',*,*,#1849,.F.);
#2327=ORIENTED_EDGE('',*,*,#1850,.T.);
#2328=ORIENTED_EDGE('',*,*,#1851,.F.);
#2329=ORIENTED_EDGE('',*,*,#1850,.F.);
#2330=ORIENTED_EDGE('',*,*,#1852,.T.);
#2331=ORIENTED_EDGE('',*,*,#1849,.T.);
#2332=ORIENTED_EDGE('',*,*,#1853,.F.);
#2333=ORIENTED_EDGE('',*,*,#1854,.F.);
#2334=ORIENTED_EDGE('',*,*,#1855,.F.);
#2335=ORIENTED_EDGE('',*,*,#1856,.F.);
#2336=ORIENTED_EDGE('',*,*,#1857,.F.);
#2337=ORIENTED_EDGE('',*,*,#1858,.F.);
#2338=ORIENTED_EDGE('',*,*,#1859,.F.);
#2339=ORIENTED_EDGE('',*,*,#1860,.F.);
#2340=ORIENTED_EDGE('',*,*,#1861,.F.);
#2341=ORIENTED_EDGE('',*,*,#1862,.F.);
#2342=ORIENTED_EDGE('',*,*,#1863,.F.);
#2343=ORIENTED_EDGE('',*,*,#1864,.F.);
#2344=ORIENTED_EDGE('',*,*,#1865,.T.);
#2345=ORIENTED_EDGE('',*,*,#1852,.F.);
#2346=ORIENTED_EDGE('',*,*,#1865,.F.);
#2347=ORIENTED_EDGE('',*,*,#1866,.F.);
#2348=ORIENTED_EDGE('',*,*,#1855,.T.);
#2349=ORIENTED_EDGE('',*,*,#1867,.T.);
#2350=ORIENTED_EDGE('',*,*,#1868,.F.);
#2351=ORIENTED_EDGE('',*,*,#1869,.F.);
#2352=ORIENTED_EDGE('',*,*,#1863,.T.);
#2353=ORIENTED_EDGE('',*,*,#1870,.T.);
#2354=ORIENTED_EDGE('',*,*,#1871,.F.);
#2355=ORIENTED_EDGE('',*,*,#1872,.F.);
#2356=ORIENTED_EDGE('',*,*,#1873,.F.);
#2357=ORIENTED_EDGE('',*,*,#1835,.F.);
#2358=ORIENTED_EDGE('',*,*,#1856,.T.);
#2359=ORIENTED_EDGE('',*,*,#1869,.T.);
#2360=ORIENTED_EDGE('',*,*,#1874,.T.);
#2361=ORIENTED_EDGE('',*,*,#1875,.F.);
#2362=ORIENTED_EDGE('',*,*,#1866,.T.);
#2363=ORIENTED_EDGE('',*,*,#1864,.T.);
#2364=ORIENTED_EDGE('',*,*,#1872,.T.);
#2365=ORIENTED_EDGE('',*,*,#1876,.T.);
#2366=ORIENTED_EDGE('',*,*,#1877,.F.);
#2367=ORIENTED_EDGE('',*,*,#1860,.T.);
#2368=ORIENTED_EDGE('',*,*,#1878,.T.);
#2369=ORIENTED_EDGE('',*,*,#1879,.T.);
#2370=ORIENTED_EDGE('',*,*,#1880,.F.);
#2371=ORIENTED_EDGE('',*,*,#1881,.F.);
#2372=ORIENTED_EDGE('',*,*,#1882,.T.);
#2373=ORIENTED_EDGE('',*,*,#1883,.F.);
#2374=ORIENTED_EDGE('',*,*,#1884,.T.);
#2375=ORIENTED_EDGE('',*,*,#1859,.T.);
#2376=ORIENTED_EDGE('',*,*,#1885,.T.);
#2377=ORIENTED_EDGE('',*,*,#1886,.F.);
#2378=ORIENTED_EDGE('',*,*,#1878,.F.);
#2379=ORIENTED_EDGE('',*,*,#1887,.F.);
#2380=ORIENTED_EDGE('',*,*,#1888,.T.);
#2381=ORIENTED_EDGE('',*,*,#1889,.F.);
#2382=ORIENTED_EDGE('',*,*,#1890,.T.);
#2383=ORIENTED_EDGE('',*,*,#1889,.T.);
#2384=ORIENTED_EDGE('',*,*,#1891,.T.);
#2385=ORIENTED_EDGE('',*,*,#1892,.T.);
#2386=ORIENTED_EDGE('',*,*,#1893,.F.);
#2387=ORIENTED_EDGE('',*,*,#1894,.T.);
#2388=ORIENTED_EDGE('',*,*,#1895,.T.);
#2389=ORIENTED_EDGE('',*,*,#1896,.T.);
#2390=ORIENTED_EDGE('',*,*,#1897,.F.);
#2391=ORIENTED_EDGE('',*,*,#1898,.T.);
#2392=ORIENTED_EDGE('',*,*,#1896,.F.);
#2393=ORIENTED_EDGE('',*,*,#1898,.F.);
#2394=ORIENTED_EDGE('',*,*,#1899,.F.);
#2395=ORIENTED_EDGE('',*,*,#1900,.F.);
#2396=ORIENTED_EDGE('',*,*,#1901,.F.);
#2397=ORIENTED_EDGE('',*,*,#1891,.F.);
#2398=ORIENTED_EDGE('',*,*,#1888,.F.);
#2399=ORIENTED_EDGE('',*,*,#1901,.T.);
#2400=ORIENTED_EDGE('',*,*,#1902,.F.);
#2401=ORIENTED_EDGE('',*,*,#1903,.F.);
#2402=ORIENTED_EDGE('',*,*,#1892,.F.);
#2403=ORIENTED_EDGE('',*,*,#1904,.F.);
#2404=ORIENTED_EDGE('',*,*,#1905,.F.);
#2405=ORIENTED_EDGE('',*,*,#1906,.F.);
#2406=ORIENTED_EDGE('',*,*,#1894,.F.);
#2407=ORIENTED_EDGE('',*,*,#1906,.T.);
#2408=ORIENTED_EDGE('',*,*,#1907,.F.);
#2409=ORIENTED_EDGE('',*,*,#1908,.F.);
#2410=ORIENTED_EDGE('',*,*,#1890,.F.);
#2411=ORIENTED_EDGE('',*,*,#1895,.F.);
#2412=ORIENTED_EDGE('',*,*,#1887,.T.);
#2413=ORIENTED_EDGE('',*,*,#1908,.T.);
#2414=ORIENTED_EDGE('',*,*,#1909,.F.);
#2415=ORIENTED_EDGE('',*,*,#1899,.T.);
#2416=ORIENTED_EDGE('',*,*,#1909,.T.);
#2417=ORIENTED_EDGE('',*,*,#1907,.T.);
#2418=ORIENTED_EDGE('',*,*,#1905,.T.);
#2419=ORIENTED_EDGE('',*,*,#1910,.F.);
#2420=ORIENTED_EDGE('',*,*,#1902,.T.);
#2421=ORIENTED_EDGE('',*,*,#1900,.T.);
#2422=ORIENTED_EDGE('',*,*,#1897,.T.);
#2423=ORIENTED_EDGE('',*,*,#1911,.F.);
#2424=ORIENTED_EDGE('',*,*,#1912,.T.);
#2425=ORIENTED_EDGE('',*,*,#1913,.F.);
#2426=ORIENTED_EDGE('',*,*,#1914,.T.);
#2427=ORIENTED_EDGE('',*,*,#1913,.T.);
#2428=ORIENTED_EDGE('',*,*,#1915,.T.);
#2429=ORIENTED_EDGE('',*,*,#1916,.T.);
#2430=ORIENTED_EDGE('',*,*,#1917,.F.);
#2431=ORIENTED_EDGE('',*,*,#1918,.T.);
#2432=ORIENTED_EDGE('',*,*,#1919,.T.);
#2433=ORIENTED_EDGE('',*,*,#1920,.T.);
#2434=ORIENTED_EDGE('',*,*,#1921,.F.);
#2435=ORIENTED_EDGE('',*,*,#1922,.T.);
#2436=ORIENTED_EDGE('',*,*,#1920,.F.);
#2437=ORIENTED_EDGE('',*,*,#1922,.F.);
#2438=ORIENTED_EDGE('',*,*,#1923,.F.);
#2439=ORIENTED_EDGE('',*,*,#1924,.F.);
#2440=ORIENTED_EDGE('',*,*,#1925,.F.);
#2441=ORIENTED_EDGE('',*,*,#1915,.F.);
#2442=ORIENTED_EDGE('',*,*,#1912,.F.);
#2443=ORIENTED_EDGE('',*,*,#1925,.T.);
#2444=ORIENTED_EDGE('',*,*,#1926,.F.);
#2445=ORIENTED_EDGE('',*,*,#1927,.F.);
#2446=ORIENTED_EDGE('',*,*,#1916,.F.);
#2447=ORIENTED_EDGE('',*,*,#1928,.F.);
#2448=ORIENTED_EDGE('',*,*,#1929,.F.);
#2449=ORIENTED_EDGE('',*,*,#1930,.F.);
#2450=ORIENTED_EDGE('',*,*,#1918,.F.);
#2451=ORIENTED_EDGE('',*,*,#1930,.T.);
#2452=ORIENTED_EDGE('',*,*,#1931,.F.);
#2453=ORIENTED_EDGE('',*,*,#1932,.F.);
#2454=ORIENTED_EDGE('',*,*,#1914,.F.);
#2455=ORIENTED_EDGE('',*,*,#1919,.F.);
#2456=ORIENTED_EDGE('',*,*,#1911,.T.);
#2457=ORIENTED_EDGE('',*,*,#1932,.T.);
#2458=ORIENTED_EDGE('',*,*,#1933,.F.);
#2459=ORIENTED_EDGE('',*,*,#1923,.T.);
#2460=ORIENTED_EDGE('',*,*,#1933,.T.);
#2461=ORIENTED_EDGE('',*,*,#1931,.T.);
#2462=ORIENTED_EDGE('',*,*,#1929,.T.);
#2463=ORIENTED_EDGE('',*,*,#1934,.F.);
#2464=ORIENTED_EDGE('',*,*,#1926,.T.);
#2465=ORIENTED_EDGE('',*,*,#1924,.T.);
#2466=ORIENTED_EDGE('',*,*,#1921,.T.);
#2467=ORIENTED_EDGE('',*,*,#1935,.F.);
#2468=ORIENTED_EDGE('',*,*,#1936,.T.);
#2469=ORIENTED_EDGE('',*,*,#1937,.F.);
#2470=ORIENTED_EDGE('',*,*,#1938,.T.);
#2471=ORIENTED_EDGE('',*,*,#1937,.T.);
#2472=ORIENTED_EDGE('',*,*,#1939,.T.);
#2473=ORIENTED_EDGE('',*,*,#1940,.T.);
#2474=ORIENTED_EDGE('',*,*,#1941,.F.);
#2475=ORIENTED_EDGE('',*,*,#1942,.T.);
#2476=ORIENTED_EDGE('',*,*,#1943,.T.);
#2477=ORIENTED_EDGE('',*,*,#1944,.T.);
#2478=ORIENTED_EDGE('',*,*,#1945,.F.);
#2479=ORIENTED_EDGE('',*,*,#1946,.T.);
#2480=ORIENTED_EDGE('',*,*,#1944,.F.);
#2481=ORIENTED_EDGE('',*,*,#1946,.F.);
#2482=ORIENTED_EDGE('',*,*,#1947,.F.);
#2483=ORIENTED_EDGE('',*,*,#1948,.F.);
#2484=ORIENTED_EDGE('',*,*,#1949,.F.);
#2485=ORIENTED_EDGE('',*,*,#1939,.F.);
#2486=ORIENTED_EDGE('',*,*,#1936,.F.);
#2487=ORIENTED_EDGE('',*,*,#1949,.T.);
#2488=ORIENTED_EDGE('',*,*,#1950,.F.);
#2489=ORIENTED_EDGE('',*,*,#1951,.F.);
#2490=ORIENTED_EDGE('',*,*,#1940,.F.);
#2491=ORIENTED_EDGE('',*,*,#1952,.F.);
#2492=ORIENTED_EDGE('',*,*,#1953,.F.);
#2493=ORIENTED_EDGE('',*,*,#1954,.F.);
#2494=ORIENTED_EDGE('',*,*,#1942,.F.);
#2495=ORIENTED_EDGE('',*,*,#1954,.T.);
#2496=ORIENTED_EDGE('',*,*,#1955,.F.);
#2497=ORIENTED_EDGE('',*,*,#1956,.F.);
#2498=ORIENTED_EDGE('',*,*,#1938,.F.);
#2499=ORIENTED_EDGE('',*,*,#1943,.F.);
#2500=ORIENTED_EDGE('',*,*,#1935,.T.);
#2501=ORIENTED_EDGE('',*,*,#1956,.T.);
#2502=ORIENTED_EDGE('',*,*,#1957,.F.);
#2503=ORIENTED_EDGE('',*,*,#1947,.T.);
#2504=ORIENTED_EDGE('',*,*,#1957,.T.);
#2505=ORIENTED_EDGE('',*,*,#1955,.T.);
#2506=ORIENTED_EDGE('',*,*,#1953,.T.);
#2507=ORIENTED_EDGE('',*,*,#1958,.F.);
#2508=ORIENTED_EDGE('',*,*,#1950,.T.);
#2509=ORIENTED_EDGE('',*,*,#1948,.T.);
#2510=ORIENTED_EDGE('',*,*,#1945,.T.);
#2511=ORIENTED_EDGE('',*,*,#1959,.F.);
#2512=ORIENTED_EDGE('',*,*,#1960,.T.);
#2513=ORIENTED_EDGE('',*,*,#1961,.F.);
#2514=ORIENTED_EDGE('',*,*,#1962,.T.);
#2515=ORIENTED_EDGE('',*,*,#1961,.T.);
#2516=ORIENTED_EDGE('',*,*,#1963,.T.);
#2517=ORIENTED_EDGE('',*,*,#1964,.T.);
#2518=ORIENTED_EDGE('',*,*,#1965,.F.);
#2519=ORIENTED_EDGE('',*,*,#1966,.T.);
#2520=ORIENTED_EDGE('',*,*,#1967,.T.);
#2521=ORIENTED_EDGE('',*,*,#1968,.T.);
#2522=ORIENTED_EDGE('',*,*,#1969,.F.);
#2523=ORIENTED_EDGE('',*,*,#1970,.T.);
#2524=ORIENTED_EDGE('',*,*,#1968,.F.);
#2525=ORIENTED_EDGE('',*,*,#1970,.F.);
#2526=ORIENTED_EDGE('',*,*,#1971,.F.);
#2527=ORIENTED_EDGE('',*,*,#1972,.F.);
#2528=ORIENTED_EDGE('',*,*,#1973,.F.);
#2529=ORIENTED_EDGE('',*,*,#1963,.F.);
#2530=ORIENTED_EDGE('',*,*,#1960,.F.);
#2531=ORIENTED_EDGE('',*,*,#1973,.T.);
#2532=ORIENTED_EDGE('',*,*,#1974,.F.);
#2533=ORIENTED_EDGE('',*,*,#1975,.F.);
#2534=ORIENTED_EDGE('',*,*,#1964,.F.);
#2535=ORIENTED_EDGE('',*,*,#1976,.F.);
#2536=ORIENTED_EDGE('',*,*,#1977,.F.);
#2537=ORIENTED_EDGE('',*,*,#1978,.F.);
#2538=ORIENTED_EDGE('',*,*,#1966,.F.);
#2539=ORIENTED_EDGE('',*,*,#1978,.T.);
#2540=ORIENTED_EDGE('',*,*,#1979,.F.);
#2541=ORIENTED_EDGE('',*,*,#1980,.F.);
#2542=ORIENTED_EDGE('',*,*,#1962,.F.);
#2543=ORIENTED_EDGE('',*,*,#1967,.F.);
#2544=ORIENTED_EDGE('',*,*,#1959,.T.);
#2545=ORIENTED_EDGE('',*,*,#1980,.T.);
#2546=ORIENTED_EDGE('',*,*,#1981,.F.);
#2547=ORIENTED_EDGE('',*,*,#1971,.T.);
#2548=ORIENTED_EDGE('',*,*,#1981,.T.);
#2549=ORIENTED_EDGE('',*,*,#1979,.T.);
#2550=ORIENTED_EDGE('',*,*,#1977,.T.);
#2551=ORIENTED_EDGE('',*,*,#1982,.F.);
#2552=ORIENTED_EDGE('',*,*,#1974,.T.);
#2553=ORIENTED_EDGE('',*,*,#1972,.T.);
#2554=ORIENTED_EDGE('',*,*,#1969,.T.);
#2555=ORIENTED_EDGE('',*,*,#1983,.F.);
#2556=ORIENTED_EDGE('',*,*,#1984,.T.);
#2557=ORIENTED_EDGE('',*,*,#1985,.F.);
#2558=ORIENTED_EDGE('',*,*,#1986,.T.);
#2559=ORIENTED_EDGE('',*,*,#1985,.T.);
#2560=ORIENTED_EDGE('',*,*,#1987,.T.);
#2561=ORIENTED_EDGE('',*,*,#1988,.T.);
#2562=ORIENTED_EDGE('',*,*,#1989,.F.);
#2563=ORIENTED_EDGE('',*,*,#1990,.T.);
#2564=ORIENTED_EDGE('',*,*,#1991,.T.);
#2565=ORIENTED_EDGE('',*,*,#1992,.T.);
#2566=ORIENTED_EDGE('',*,*,#1993,.F.);
#2567=ORIENTED_EDGE('',*,*,#1994,.T.);
#2568=ORIENTED_EDGE('',*,*,#1992,.F.);
#2569=ORIENTED_EDGE('',*,*,#1994,.F.);
#2570=ORIENTED_EDGE('',*,*,#1995,.F.);
#2571=ORIENTED_EDGE('',*,*,#1996,.F.);
#2572=ORIENTED_EDGE('',*,*,#1997,.F.);
#2573=ORIENTED_EDGE('',*,*,#1987,.F.);
#2574=ORIENTED_EDGE('',*,*,#1984,.F.);
#2575=ORIENTED_EDGE('',*,*,#1997,.T.);
#2576=ORIENTED_EDGE('',*,*,#1998,.F.);
#2577=ORIENTED_EDGE('',*,*,#1999,.F.);
#2578=ORIENTED_EDGE('',*,*,#1988,.F.);
#2579=ORIENTED_EDGE('',*,*,#2000,.F.);
#2580=ORIENTED_EDGE('',*,*,#2001,.F.);
#2581=ORIENTED_EDGE('',*,*,#2002,.F.);
#2582=ORIENTED_EDGE('',*,*,#1990,.F.);
#2583=ORIENTED_EDGE('',*,*,#2002,.T.);
#2584=ORIENTED_EDGE('',*,*,#2003,.F.);
#2585=ORIENTED_EDGE('',*,*,#2004,.F.);
#2586=ORIENTED_EDGE('',*,*,#1986,.F.);
#2587=ORIENTED_EDGE('',*,*,#1991,.F.);
#2588=ORIENTED_EDGE('',*,*,#1983,.T.);
#2589=ORIENTED_EDGE('',*,*,#2004,.T.);
#2590=ORIENTED_EDGE('',*,*,#2005,.F.);
#2591=ORIENTED_EDGE('',*,*,#1995,.T.);
#2592=ORIENTED_EDGE('',*,*,#2005,.T.);
#2593=ORIENTED_EDGE('',*,*,#2003,.T.);
#2594=ORIENTED_EDGE('',*,*,#2001,.T.);
#2595=ORIENTED_EDGE('',*,*,#2006,.F.);
#2596=ORIENTED_EDGE('',*,*,#1998,.T.);
#2597=ORIENTED_EDGE('',*,*,#1996,.T.);
#2598=ORIENTED_EDGE('',*,*,#1993,.T.);
#2599=ORIENTED_EDGE('',*,*,#2007,.F.);
#2600=ORIENTED_EDGE('',*,*,#2008,.T.);
#2601=ORIENTED_EDGE('',*,*,#2009,.F.);
#2602=ORIENTED_EDGE('',*,*,#2010,.T.);
#2603=ORIENTED_EDGE('',*,*,#2009,.T.);
#2604=ORIENTED_EDGE('',*,*,#2011,.T.);
#2605=ORIENTED_EDGE('',*,*,#2012,.T.);
#2606=ORIENTED_EDGE('',*,*,#2013,.F.);
#2607=ORIENTED_EDGE('',*,*,#2014,.T.);
#2608=ORIENTED_EDGE('',*,*,#2015,.T.);
#2609=ORIENTED_EDGE('',*,*,#2016,.T.);
#2610=ORIENTED_EDGE('',*,*,#2017,.F.);
#2611=ORIENTED_EDGE('',*,*,#2018,.T.);
#2612=ORIENTED_EDGE('',*,*,#2016,.F.);
#2613=ORIENTED_EDGE('',*,*,#2018,.F.);
#2614=ORIENTED_EDGE('',*,*,#2019,.F.);
#2615=ORIENTED_EDGE('',*,*,#2020,.F.);
#2616=ORIENTED_EDGE('',*,*,#2021,.F.);
#2617=ORIENTED_EDGE('',*,*,#2011,.F.);
#2618=ORIENTED_EDGE('',*,*,#2008,.F.);
#2619=ORIENTED_EDGE('',*,*,#2021,.T.);
#2620=ORIENTED_EDGE('',*,*,#2022,.F.);
#2621=ORIENTED_EDGE('',*,*,#2023,.F.);
#2622=ORIENTED_EDGE('',*,*,#2012,.F.);
#2623=ORIENTED_EDGE('',*,*,#2024,.F.);
#2624=ORIENTED_EDGE('',*,*,#2025,.F.);
#2625=ORIENTED_EDGE('',*,*,#2026,.F.);
#2626=ORIENTED_EDGE('',*,*,#2014,.F.);
#2627=ORIENTED_EDGE('',*,*,#2026,.T.);
#2628=ORIENTED_EDGE('',*,*,#2027,.F.);
#2629=ORIENTED_EDGE('',*,*,#2028,.F.);
#2630=ORIENTED_EDGE('',*,*,#2010,.F.);
#2631=ORIENTED_EDGE('',*,*,#2015,.F.);
#2632=ORIENTED_EDGE('',*,*,#2007,.T.);
#2633=ORIENTED_EDGE('',*,*,#2028,.T.);
#2634=ORIENTED_EDGE('',*,*,#2029,.F.);
#2635=ORIENTED_EDGE('',*,*,#2019,.T.);
#2636=ORIENTED_EDGE('',*,*,#2029,.T.);
#2637=ORIENTED_EDGE('',*,*,#2027,.T.);
#2638=ORIENTED_EDGE('',*,*,#2025,.T.);
#2639=ORIENTED_EDGE('',*,*,#2030,.F.);
#2640=ORIENTED_EDGE('',*,*,#2022,.T.);
#2641=ORIENTED_EDGE('',*,*,#2020,.T.);
#2642=ORIENTED_EDGE('',*,*,#2017,.T.);
#2643=ORIENTED_EDGE('',*,*,#2031,.F.);
#2644=ORIENTED_EDGE('',*,*,#2032,.T.);
#2645=ORIENTED_EDGE('',*,*,#2033,.F.);
#2646=ORIENTED_EDGE('',*,*,#2034,.T.);
#2647=ORIENTED_EDGE('',*,*,#2033,.T.);
#2648=ORIENTED_EDGE('',*,*,#2035,.T.);
#2649=ORIENTED_EDGE('',*,*,#2036,.T.);
#2650=ORIENTED_EDGE('',*,*,#2037,.F.);
#2651=ORIENTED_EDGE('',*,*,#2038,.T.);
#2652=ORIENTED_EDGE('',*,*,#2039,.T.);
#2653=ORIENTED_EDGE('',*,*,#2040,.T.);
#2654=ORIENTED_EDGE('',*,*,#2041,.F.);
#2655=ORIENTED_EDGE('',*,*,#2042,.T.);
#2656=ORIENTED_EDGE('',*,*,#2040,.F.);
#2657=ORIENTED_EDGE('',*,*,#2042,.F.);
#2658=ORIENTED_EDGE('',*,*,#2043,.F.);
#2659=ORIENTED_EDGE('',*,*,#2044,.F.);
#2660=ORIENTED_EDGE('',*,*,#2045,.F.);
#2661=ORIENTED_EDGE('',*,*,#2035,.F.);
#2662=ORIENTED_EDGE('',*,*,#2032,.F.);
#2663=ORIENTED_EDGE('',*,*,#2045,.T.);
#2664=ORIENTED_EDGE('',*,*,#2046,.F.);
#2665=ORIENTED_EDGE('',*,*,#2047,.F.);
#2666=ORIENTED_EDGE('',*,*,#2036,.F.);
#2667=ORIENTED_EDGE('',*,*,#2048,.F.);
#2668=ORIENTED_EDGE('',*,*,#2049,.F.);
#2669=ORIENTED_EDGE('',*,*,#2050,.F.);
#2670=ORIENTED_EDGE('',*,*,#2038,.F.);
#2671=ORIENTED_EDGE('',*,*,#2050,.T.);
#2672=ORIENTED_EDGE('',*,*,#2051,.F.);
#2673=ORIENTED_EDGE('',*,*,#2052,.F.);
#2674=ORIENTED_EDGE('',*,*,#2034,.F.);
#2675=ORIENTED_EDGE('',*,*,#2039,.F.);
#2676=ORIENTED_EDGE('',*,*,#2031,.T.);
#2677=ORIENTED_EDGE('',*,*,#2052,.T.);
#2678=ORIENTED_EDGE('',*,*,#2053,.F.);
#2679=ORIENTED_EDGE('',*,*,#2043,.T.);
#2680=ORIENTED_EDGE('',*,*,#2053,.T.);
#2681=ORIENTED_EDGE('',*,*,#2051,.T.);
#2682=ORIENTED_EDGE('',*,*,#2049,.T.);
#2683=ORIENTED_EDGE('',*,*,#2054,.F.);
#2684=ORIENTED_EDGE('',*,*,#2046,.T.);
#2685=ORIENTED_EDGE('',*,*,#2044,.T.);
#2686=ORIENTED_EDGE('',*,*,#2041,.T.);
#2687=ORIENTED_EDGE('',*,*,#2055,.F.);
#2688=ORIENTED_EDGE('',*,*,#2056,.T.);
#2689=ORIENTED_EDGE('',*,*,#2057,.F.);
#2690=ORIENTED_EDGE('',*,*,#2058,.T.);
#2691=ORIENTED_EDGE('',*,*,#2057,.T.);
#2692=ORIENTED_EDGE('',*,*,#2059,.T.);
#2693=ORIENTED_EDGE('',*,*,#2060,.T.);
#2694=ORIENTED_EDGE('',*,*,#2061,.F.);
#2695=ORIENTED_EDGE('',*,*,#2062,.T.);
#2696=ORIENTED_EDGE('',*,*,#2063,.T.);
#2697=ORIENTED_EDGE('',*,*,#2064,.T.);
#2698=ORIENTED_EDGE('',*,*,#2065,.F.);
#2699=ORIENTED_EDGE('',*,*,#2066,.T.);
#2700=ORIENTED_EDGE('',*,*,#2064,.F.);
#2701=ORIENTED_EDGE('',*,*,#2066,.F.);
#2702=ORIENTED_EDGE('',*,*,#2067,.F.);
#2703=ORIENTED_EDGE('',*,*,#2068,.F.);
#2704=ORIENTED_EDGE('',*,*,#2069,.F.);
#2705=ORIENTED_EDGE('',*,*,#2059,.F.);
#2706=ORIENTED_EDGE('',*,*,#2056,.F.);
#2707=ORIENTED_EDGE('',*,*,#2069,.T.);
#2708=ORIENTED_EDGE('',*,*,#2070,.F.);
#2709=ORIENTED_EDGE('',*,*,#2071,.F.);
#2710=ORIENTED_EDGE('',*,*,#2060,.F.);
#2711=ORIENTED_EDGE('',*,*,#2072,.F.);
#2712=ORIENTED_EDGE('',*,*,#2073,.F.);
#2713=ORIENTED_EDGE('',*,*,#2074,.F.);
#2714=ORIENTED_EDGE('',*,*,#2062,.F.);
#2715=ORIENTED_EDGE('',*,*,#2074,.T.);
#2716=ORIENTED_EDGE('',*,*,#2075,.F.);
#2717=ORIENTED_EDGE('',*,*,#2076,.F.);
#2718=ORIENTED_EDGE('',*,*,#2058,.F.);
#2719=ORIENTED_EDGE('',*,*,#2063,.F.);
#2720=ORIENTED_EDGE('',*,*,#2055,.T.);
#2721=ORIENTED_EDGE('',*,*,#2076,.T.);
#2722=ORIENTED_EDGE('',*,*,#2077,.F.);
#2723=ORIENTED_EDGE('',*,*,#2067,.T.);
#2724=ORIENTED_EDGE('',*,*,#2077,.T.);
#2725=ORIENTED_EDGE('',*,*,#2075,.T.);
#2726=ORIENTED_EDGE('',*,*,#2073,.T.);
#2727=ORIENTED_EDGE('',*,*,#2078,.F.);
#2728=ORIENTED_EDGE('',*,*,#2070,.T.);
#2729=ORIENTED_EDGE('',*,*,#2068,.T.);
#2730=ORIENTED_EDGE('',*,*,#2065,.T.);
#2731=ORIENTED_EDGE('',*,*,#2079,.F.);
#2732=ORIENTED_EDGE('',*,*,#2080,.T.);
#2733=ORIENTED_EDGE('',*,*,#2081,.F.);
#2734=ORIENTED_EDGE('',*,*,#2082,.T.);
#2735=ORIENTED_EDGE('',*,*,#2081,.T.);
#2736=ORIENTED_EDGE('',*,*,#2083,.T.);
#2737=ORIENTED_EDGE('',*,*,#2084,.T.);
#2738=ORIENTED_EDGE('',*,*,#2085,.F.);
#2739=ORIENTED_EDGE('',*,*,#2086,.T.);
#2740=ORIENTED_EDGE('',*,*,#2087,.T.);
#2741=ORIENTED_EDGE('',*,*,#2088,.T.);
#2742=ORIENTED_EDGE('',*,*,#2089,.F.);
#2743=ORIENTED_EDGE('',*,*,#2090,.T.);
#2744=ORIENTED_EDGE('',*,*,#2088,.F.);
#2745=ORIENTED_EDGE('',*,*,#2090,.F.);
#2746=ORIENTED_EDGE('',*,*,#2091,.F.);
#2747=ORIENTED_EDGE('',*,*,#2092,.F.);
#2748=ORIENTED_EDGE('',*,*,#2093,.F.);
#2749=ORIENTED_EDGE('',*,*,#2083,.F.);
#2750=ORIENTED_EDGE('',*,*,#2080,.F.);
#2751=ORIENTED_EDGE('',*,*,#2093,.T.);
#2752=ORIENTED_EDGE('',*,*,#2094,.F.);
#2753=ORIENTED_EDGE('',*,*,#2095,.F.);
#2754=ORIENTED_EDGE('',*,*,#2084,.F.);
#2755=ORIENTED_EDGE('',*,*,#2096,.F.);
#2756=ORIENTED_EDGE('',*,*,#2097,.F.);
#2757=ORIENTED_EDGE('',*,*,#2098,.F.);
#2758=ORIENTED_EDGE('',*,*,#2086,.F.);
#2759=ORIENTED_EDGE('',*,*,#2098,.T.);
#2760=ORIENTED_EDGE('',*,*,#2099,.F.);
#2761=ORIENTED_EDGE('',*,*,#2100,.F.);
#2762=ORIENTED_EDGE('',*,*,#2082,.F.);
#2763=ORIENTED_EDGE('',*,*,#2087,.F.);
#2764=ORIENTED_EDGE('',*,*,#2079,.T.);
#2765=ORIENTED_EDGE('',*,*,#2100,.T.);
#2766=ORIENTED_EDGE('',*,*,#2101,.F.);
#2767=ORIENTED_EDGE('',*,*,#2091,.T.);
#2768=ORIENTED_EDGE('',*,*,#2101,.T.);
#2769=ORIENTED_EDGE('',*,*,#2099,.T.);
#2770=ORIENTED_EDGE('',*,*,#2097,.T.);
#2771=ORIENTED_EDGE('',*,*,#2102,.F.);
#2772=ORIENTED_EDGE('',*,*,#2094,.T.);
#2773=ORIENTED_EDGE('',*,*,#2092,.T.);
#2774=ORIENTED_EDGE('',*,*,#2089,.T.);
#2775=ORIENTED_EDGE('',*,*,#2103,.F.);
#2776=ORIENTED_EDGE('',*,*,#2104,.T.);
#2777=ORIENTED_EDGE('',*,*,#2105,.F.);
#2778=ORIENTED_EDGE('',*,*,#2106,.T.);
#2779=ORIENTED_EDGE('',*,*,#2105,.T.);
#2780=ORIENTED_EDGE('',*,*,#2107,.T.);
#2781=ORIENTED_EDGE('',*,*,#2108,.T.);
#2782=ORIENTED_EDGE('',*,*,#2109,.F.);
#2783=ORIENTED_EDGE('',*,*,#2110,.T.);
#2784=ORIENTED_EDGE('',*,*,#2111,.T.);
#2785=ORIENTED_EDGE('',*,*,#2112,.T.);
#2786=ORIENTED_EDGE('',*,*,#2113,.F.);
#2787=ORIENTED_EDGE('',*,*,#2114,.T.);
#2788=ORIENTED_EDGE('',*,*,#2112,.F.);
#2789=ORIENTED_EDGE('',*,*,#2114,.F.);
#2790=ORIENTED_EDGE('',*,*,#2115,.F.);
#2791=ORIENTED_EDGE('',*,*,#2116,.F.);
#2792=ORIENTED_EDGE('',*,*,#2117,.F.);
#2793=ORIENTED_EDGE('',*,*,#2107,.F.);
#2794=ORIENTED_EDGE('',*,*,#2104,.F.);
#2795=ORIENTED_EDGE('',*,*,#2117,.T.);
#2796=ORIENTED_EDGE('',*,*,#2118,.F.);
#2797=ORIENTED_EDGE('',*,*,#2119,.F.);
#2798=ORIENTED_EDGE('',*,*,#2108,.F.);
#2799=ORIENTED_EDGE('',*,*,#2120,.F.);
#2800=ORIENTED_EDGE('',*,*,#2121,.F.);
#2801=ORIENTED_EDGE('',*,*,#2122,.F.);
#2802=ORIENTED_EDGE('',*,*,#2110,.F.);
#2803=ORIENTED_EDGE('',*,*,#2122,.T.);
#2804=ORIENTED_EDGE('',*,*,#2123,.F.);
#2805=ORIENTED_EDGE('',*,*,#2124,.F.);
#2806=ORIENTED_EDGE('',*,*,#2106,.F.);
#2807=ORIENTED_EDGE('',*,*,#2111,.F.);
#2808=ORIENTED_EDGE('',*,*,#2103,.T.);
#2809=ORIENTED_EDGE('',*,*,#2124,.T.);
#2810=ORIENTED_EDGE('',*,*,#2125,.F.);
#2811=ORIENTED_EDGE('',*,*,#2115,.T.);
#2812=ORIENTED_EDGE('',*,*,#2125,.T.);
#2813=ORIENTED_EDGE('',*,*,#2123,.T.);
#2814=ORIENTED_EDGE('',*,*,#2121,.T.);
#2815=ORIENTED_EDGE('',*,*,#2126,.F.);
#2816=ORIENTED_EDGE('',*,*,#2118,.T.);
#2817=ORIENTED_EDGE('',*,*,#2116,.T.);
#2818=ORIENTED_EDGE('',*,*,#2113,.T.);
#2819=ORIENTED_EDGE('',*,*,#2127,.F.);
#2820=ORIENTED_EDGE('',*,*,#2128,.T.);
#2821=ORIENTED_EDGE('',*,*,#2129,.F.);
#2822=ORIENTED_EDGE('',*,*,#2130,.T.);
#2823=ORIENTED_EDGE('',*,*,#2129,.T.);
#2824=ORIENTED_EDGE('',*,*,#2131,.T.);
#2825=ORIENTED_EDGE('',*,*,#2132,.T.);
#2826=ORIENTED_EDGE('',*,*,#2133,.F.);
#2827=ORIENTED_EDGE('',*,*,#2134,.T.);
#2828=ORIENTED_EDGE('',*,*,#2135,.T.);
#2829=ORIENTED_EDGE('',*,*,#2136,.T.);
#2830=ORIENTED_EDGE('',*,*,#2137,.F.);
#2831=ORIENTED_EDGE('',*,*,#2138,.T.);
#2832=ORIENTED_EDGE('',*,*,#2136,.F.);
#2833=ORIENTED_EDGE('',*,*,#2138,.F.);
#2834=ORIENTED_EDGE('',*,*,#2139,.F.);
#2835=ORIENTED_EDGE('',*,*,#2140,.F.);
#2836=ORIENTED_EDGE('',*,*,#2141,.F.);
#2837=ORIENTED_EDGE('',*,*,#2131,.F.);
#2838=ORIENTED_EDGE('',*,*,#2128,.F.);
#2839=ORIENTED_EDGE('',*,*,#2141,.T.);
#2840=ORIENTED_EDGE('',*,*,#2142,.F.);
#2841=ORIENTED_EDGE('',*,*,#2143,.F.);
#2842=ORIENTED_EDGE('',*,*,#2132,.F.);
#2843=ORIENTED_EDGE('',*,*,#2144,.F.);
#2844=ORIENTED_EDGE('',*,*,#2145,.F.);
#2845=ORIENTED_EDGE('',*,*,#2146,.F.);
#2846=ORIENTED_EDGE('',*,*,#2134,.F.);
#2847=ORIENTED_EDGE('',*,*,#2146,.T.);
#2848=ORIENTED_EDGE('',*,*,#2147,.F.);
#2849=ORIENTED_EDGE('',*,*,#2148,.F.);
#2850=ORIENTED_EDGE('',*,*,#2130,.F.);
#2851=ORIENTED_EDGE('',*,*,#2135,.F.);
#2852=ORIENTED_EDGE('',*,*,#2127,.T.);
#2853=ORIENTED_EDGE('',*,*,#2148,.T.);
#2854=ORIENTED_EDGE('',*,*,#2149,.F.);
#2855=ORIENTED_EDGE('',*,*,#2139,.T.);
#2856=ORIENTED_EDGE('',*,*,#2149,.T.);
#2857=ORIENTED_EDGE('',*,*,#2147,.T.);
#2858=ORIENTED_EDGE('',*,*,#2145,.T.);
#2859=ORIENTED_EDGE('',*,*,#2150,.F.);
#2860=ORIENTED_EDGE('',*,*,#2142,.T.);
#2861=ORIENTED_EDGE('',*,*,#2140,.T.);
#2862=ORIENTED_EDGE('',*,*,#2137,.T.);
#2863=ORIENTED_EDGE('',*,*,#2151,.F.);
#2864=ORIENTED_EDGE('',*,*,#2152,.T.);
#2865=ORIENTED_EDGE('',*,*,#2153,.F.);
#2866=ORIENTED_EDGE('',*,*,#2154,.T.);
#2867=ORIENTED_EDGE('',*,*,#2153,.T.);
#2868=ORIENTED_EDGE('',*,*,#2155,.T.);
#2869=ORIENTED_EDGE('',*,*,#2156,.T.);
#2870=ORIENTED_EDGE('',*,*,#2157,.F.);
#2871=ORIENTED_EDGE('',*,*,#2158,.T.);
#2872=ORIENTED_EDGE('',*,*,#2159,.T.);
#2873=ORIENTED_EDGE('',*,*,#2160,.T.);
#2874=ORIENTED_EDGE('',*,*,#2161,.F.);
#2875=ORIENTED_EDGE('',*,*,#2162,.T.);
#2876=ORIENTED_EDGE('',*,*,#2160,.F.);
#2877=ORIENTED_EDGE('',*,*,#2162,.F.);
#2878=ORIENTED_EDGE('',*,*,#2163,.F.);
#2879=ORIENTED_EDGE('',*,*,#2164,.F.);
#2880=ORIENTED_EDGE('',*,*,#2165,.F.);
#2881=ORIENTED_EDGE('',*,*,#2155,.F.);
#2882=ORIENTED_EDGE('',*,*,#2152,.F.);
#2883=ORIENTED_EDGE('',*,*,#2165,.T.);
#2884=ORIENTED_EDGE('',*,*,#2166,.F.);
#2885=ORIENTED_EDGE('',*,*,#2167,.F.);
#2886=ORIENTED_EDGE('',*,*,#2156,.F.);
#2887=ORIENTED_EDGE('',*,*,#2168,.F.);
#2888=ORIENTED_EDGE('',*,*,#2169,.F.);
#2889=ORIENTED_EDGE('',*,*,#2170,.F.);
#2890=ORIENTED_EDGE('',*,*,#2158,.F.);
#2891=ORIENTED_EDGE('',*,*,#2170,.T.);
#2892=ORIENTED_EDGE('',*,*,#2171,.F.);
#2893=ORIENTED_EDGE('',*,*,#2172,.F.);
#2894=ORIENTED_EDGE('',*,*,#2154,.F.);
#2895=ORIENTED_EDGE('',*,*,#2159,.F.);
#2896=ORIENTED_EDGE('',*,*,#2151,.T.);
#2897=ORIENTED_EDGE('',*,*,#2172,.T.);
#2898=ORIENTED_EDGE('',*,*,#2173,.F.);
#2899=ORIENTED_EDGE('',*,*,#2163,.T.);
#2900=ORIENTED_EDGE('',*,*,#2173,.T.);
#2901=ORIENTED_EDGE('',*,*,#2171,.T.);
#2902=ORIENTED_EDGE('',*,*,#2169,.T.);
#2903=ORIENTED_EDGE('',*,*,#2174,.F.);
#2904=ORIENTED_EDGE('',*,*,#2166,.T.);
#2905=ORIENTED_EDGE('',*,*,#2164,.T.);
#2906=ORIENTED_EDGE('',*,*,#2161,.T.);
#2907=ORIENTED_EDGE('',*,*,#2175,.F.);
#2908=ORIENTED_EDGE('',*,*,#2176,.T.);
#2909=ORIENTED_EDGE('',*,*,#2177,.F.);
#2910=ORIENTED_EDGE('',*,*,#2178,.T.);
#2911=ORIENTED_EDGE('',*,*,#2177,.T.);
#2912=ORIENTED_EDGE('',*,*,#2179,.T.);
#2913=ORIENTED_EDGE('',*,*,#2180,.T.);
#2914=ORIENTED_EDGE('',*,*,#2181,.F.);
#2915=ORIENTED_EDGE('',*,*,#2182,.T.);
#2916=ORIENTED_EDGE('',*,*,#2183,.T.);
#2917=ORIENTED_EDGE('',*,*,#2184,.T.);
#2918=ORIENTED_EDGE('',*,*,#2185,.F.);
#2919=ORIENTED_EDGE('',*,*,#2186,.T.);
#2920=ORIENTED_EDGE('',*,*,#2184,.F.);
#2921=ORIENTED_EDGE('',*,*,#2186,.F.);
#2922=ORIENTED_EDGE('',*,*,#2187,.F.);
#2923=ORIENTED_EDGE('',*,*,#2188,.F.);
#2924=ORIENTED_EDGE('',*,*,#2189,.F.);
#2925=ORIENTED_EDGE('',*,*,#2179,.F.);
#2926=ORIENTED_EDGE('',*,*,#2176,.F.);
#2927=ORIENTED_EDGE('',*,*,#2189,.T.);
#2928=ORIENTED_EDGE('',*,*,#2190,.F.);
#2929=ORIENTED_EDGE('',*,*,#2191,.F.);
#2930=ORIENTED_EDGE('',*,*,#2180,.F.);
#2931=ORIENTED_EDGE('',*,*,#2192,.F.);
#2932=ORIENTED_EDGE('',*,*,#2193,.F.);
#2933=ORIENTED_EDGE('',*,*,#2194,.F.);
#2934=ORIENTED_EDGE('',*,*,#2182,.F.);
#2935=ORIENTED_EDGE('',*,*,#2194,.T.);
#2936=ORIENTED_EDGE('',*,*,#2195,.F.);
#2937=ORIENTED_EDGE('',*,*,#2196,.F.);
#2938=ORIENTED_EDGE('',*,*,#2178,.F.);
#2939=ORIENTED_EDGE('',*,*,#2183,.F.);
#2940=ORIENTED_EDGE('',*,*,#2175,.T.);
#2941=ORIENTED_EDGE('',*,*,#2196,.T.);
#2942=ORIENTED_EDGE('',*,*,#2197,.F.);
#2943=ORIENTED_EDGE('',*,*,#2187,.T.);
#2944=ORIENTED_EDGE('',*,*,#2197,.T.);
#2945=ORIENTED_EDGE('',*,*,#2195,.T.);
#2946=ORIENTED_EDGE('',*,*,#2193,.T.);
#2947=ORIENTED_EDGE('',*,*,#2198,.F.);
#2948=ORIENTED_EDGE('',*,*,#2190,.T.);
#2949=ORIENTED_EDGE('',*,*,#2188,.T.);
#2950=ORIENTED_EDGE('',*,*,#2185,.T.);
#2951=ORIENTED_EDGE('',*,*,#2199,.F.);
#2952=ORIENTED_EDGE('',*,*,#2200,.T.);
#2953=ORIENTED_EDGE('',*,*,#2201,.F.);
#2954=ORIENTED_EDGE('',*,*,#2202,.T.);
#2955=ORIENTED_EDGE('',*,*,#2201,.T.);
#2956=ORIENTED_EDGE('',*,*,#2203,.T.);
#2957=ORIENTED_EDGE('',*,*,#2204,.T.);
#2958=ORIENTED_EDGE('',*,*,#2205,.F.);
#2959=ORIENTED_EDGE('',*,*,#2206,.T.);
#2960=ORIENTED_EDGE('',*,*,#2207,.T.);
#2961=ORIENTED_EDGE('',*,*,#2208,.T.);
#2962=ORIENTED_EDGE('',*,*,#2209,.F.);
#2963=ORIENTED_EDGE('',*,*,#2210,.T.);
#2964=ORIENTED_EDGE('',*,*,#2208,.F.);
#2965=ORIENTED_EDGE('',*,*,#2210,.F.);
#2966=ORIENTED_EDGE('',*,*,#2211,.F.);
#2967=ORIENTED_EDGE('',*,*,#2212,.F.);
#2968=ORIENTED_EDGE('',*,*,#2213,.F.);
#2969=ORIENTED_EDGE('',*,*,#2203,.F.);
#2970=ORIENTED_EDGE('',*,*,#2200,.F.);
#2971=ORIENTED_EDGE('',*,*,#2213,.T.);
#2972=ORIENTED_EDGE('',*,*,#2214,.F.);
#2973=ORIENTED_EDGE('',*,*,#2215,.F.);
#2974=ORIENTED_EDGE('',*,*,#2204,.F.);
#2975=ORIENTED_EDGE('',*,*,#2216,.F.);
#2976=ORIENTED_EDGE('',*,*,#2217,.F.);
#2977=ORIENTED_EDGE('',*,*,#2218,.F.);
#2978=ORIENTED_EDGE('',*,*,#2206,.F.);
#2979=ORIENTED_EDGE('',*,*,#2218,.T.);
#2980=ORIENTED_EDGE('',*,*,#2219,.F.);
#2981=ORIENTED_EDGE('',*,*,#2220,.F.);
#2982=ORIENTED_EDGE('',*,*,#2202,.F.);
#2983=ORIENTED_EDGE('',*,*,#2207,.F.);
#2984=ORIENTED_EDGE('',*,*,#2199,.T.);
#2985=ORIENTED_EDGE('',*,*,#2220,.T.);
#2986=ORIENTED_EDGE('',*,*,#2221,.F.);
#2987=ORIENTED_EDGE('',*,*,#2211,.T.);
#2988=ORIENTED_EDGE('',*,*,#2221,.T.);
#2989=ORIENTED_EDGE('',*,*,#2219,.T.);
#2990=ORIENTED_EDGE('',*,*,#2217,.T.);
#2991=ORIENTED_EDGE('',*,*,#2222,.F.);
#2992=ORIENTED_EDGE('',*,*,#2214,.T.);
#2993=ORIENTED_EDGE('',*,*,#2212,.T.);
#2994=ORIENTED_EDGE('',*,*,#2209,.T.);
#2995=ORIENTED_EDGE('',*,*,#2223,.F.);
#2996=ORIENTED_EDGE('',*,*,#2224,.T.);
#2997=ORIENTED_EDGE('',*,*,#2225,.F.);
#2998=ORIENTED_EDGE('',*,*,#2226,.T.);
#2999=ORIENTED_EDGE('',*,*,#2225,.T.);
#3000=ORIENTED_EDGE('',*,*,#2227,.T.);
#3001=ORIENTED_EDGE('',*,*,#2228,.T.);
#3002=ORIENTED_EDGE('',*,*,#2229,.F.);
#3003=ORIENTED_EDGE('',*,*,#2230,.T.);
#3004=ORIENTED_EDGE('',*,*,#2231,.T.);
#3005=ORIENTED_EDGE('',*,*,#2232,.T.);
#3006=ORIENTED_EDGE('',*,*,#2233,.F.);
#3007=ORIENTED_EDGE('',*,*,#2234,.T.);
#3008=ORIENTED_EDGE('',*,*,#2232,.F.);
#3009=ORIENTED_EDGE('',*,*,#2234,.F.);
#3010=ORIENTED_EDGE('',*,*,#2235,.F.);
#3011=ORIENTED_EDGE('',*,*,#2236,.F.);
#3012=ORIENTED_EDGE('',*,*,#2237,.F.);
#3013=ORIENTED_EDGE('',*,*,#2227,.F.);
#3014=ORIENTED_EDGE('',*,*,#2224,.F.);
#3015=ORIENTED_EDGE('',*,*,#2237,.T.);
#3016=ORIENTED_EDGE('',*,*,#2238,.F.);
#3017=ORIENTED_EDGE('',*,*,#2239,.F.);
#3018=ORIENTED_EDGE('',*,*,#2228,.F.);
#3019=ORIENTED_EDGE('',*,*,#2240,.F.);
#3020=ORIENTED_EDGE('',*,*,#2241,.F.);
#3021=ORIENTED_EDGE('',*,*,#2242,.F.);
#3022=ORIENTED_EDGE('',*,*,#2230,.F.);
#3023=ORIENTED_EDGE('',*,*,#2242,.T.);
#3024=ORIENTED_EDGE('',*,*,#2243,.F.);
#3025=ORIENTED_EDGE('',*,*,#2244,.F.);
#3026=ORIENTED_EDGE('',*,*,#2226,.F.);
#3027=ORIENTED_EDGE('',*,*,#2231,.F.);
#3028=ORIENTED_EDGE('',*,*,#2223,.T.);
#3029=ORIENTED_EDGE('',*,*,#2244,.T.);
#3030=ORIENTED_EDGE('',*,*,#2245,.F.);
#3031=ORIENTED_EDGE('',*,*,#2235,.T.);
#3032=ORIENTED_EDGE('',*,*,#2245,.T.);
#3033=ORIENTED_EDGE('',*,*,#2243,.T.);
#3034=ORIENTED_EDGE('',*,*,#2241,.T.);
#3035=ORIENTED_EDGE('',*,*,#2246,.F.);
#3036=ORIENTED_EDGE('',*,*,#2238,.T.);
#3037=ORIENTED_EDGE('',*,*,#2236,.T.);
#3038=ORIENTED_EDGE('',*,*,#2233,.T.);
#3039=ORIENTED_EDGE('',*,*,#2247,.F.);
#3040=ORIENTED_EDGE('',*,*,#2248,.T.);
#3041=ORIENTED_EDGE('',*,*,#2249,.F.);
#3042=ORIENTED_EDGE('',*,*,#2250,.T.);
#3043=ORIENTED_EDGE('',*,*,#2249,.T.);
#3044=ORIENTED_EDGE('',*,*,#2251,.T.);
#3045=ORIENTED_EDGE('',*,*,#2252,.T.);
#3046=ORIENTED_EDGE('',*,*,#2253,.F.);
#3047=ORIENTED_EDGE('',*,*,#2254,.T.);
#3048=ORIENTED_EDGE('',*,*,#2255,.T.);
#3049=ORIENTED_EDGE('',*,*,#2256,.T.);
#3050=ORIENTED_EDGE('',*,*,#2257,.F.);
#3051=ORIENTED_EDGE('',*,*,#2258,.T.);
#3052=ORIENTED_EDGE('',*,*,#2256,.F.);
#3053=ORIENTED_EDGE('',*,*,#2258,.F.);
#3054=ORIENTED_EDGE('',*,*,#2259,.F.);
#3055=ORIENTED_EDGE('',*,*,#2260,.F.);
#3056=ORIENTED_EDGE('',*,*,#2261,.F.);
#3057=ORIENTED_EDGE('',*,*,#2251,.F.);
#3058=ORIENTED_EDGE('',*,*,#2248,.F.);
#3059=ORIENTED_EDGE('',*,*,#2261,.T.);
#3060=ORIENTED_EDGE('',*,*,#2262,.F.);
#3061=ORIENTED_EDGE('',*,*,#2263,.F.);
#3062=ORIENTED_EDGE('',*,*,#2252,.F.);
#3063=ORIENTED_EDGE('',*,*,#2264,.F.);
#3064=ORIENTED_EDGE('',*,*,#2265,.F.);
#3065=ORIENTED_EDGE('',*,*,#2266,.F.);
#3066=ORIENTED_EDGE('',*,*,#2254,.F.);
#3067=ORIENTED_EDGE('',*,*,#2266,.T.);
#3068=ORIENTED_EDGE('',*,*,#2267,.F.);
#3069=ORIENTED_EDGE('',*,*,#2268,.F.);
#3070=ORIENTED_EDGE('',*,*,#2250,.F.);
#3071=ORIENTED_EDGE('',*,*,#2255,.F.);
#3072=ORIENTED_EDGE('',*,*,#2247,.T.);
#3073=ORIENTED_EDGE('',*,*,#2268,.T.);
#3074=ORIENTED_EDGE('',*,*,#2269,.F.);
#3075=ORIENTED_EDGE('',*,*,#2259,.T.);
#3076=ORIENTED_EDGE('',*,*,#2269,.T.);
#3077=ORIENTED_EDGE('',*,*,#2267,.T.);
#3078=ORIENTED_EDGE('',*,*,#2265,.T.);
#3079=ORIENTED_EDGE('',*,*,#2270,.F.);
#3080=ORIENTED_EDGE('',*,*,#2262,.T.);
#3081=ORIENTED_EDGE('',*,*,#2260,.T.);
#3082=ORIENTED_EDGE('',*,*,#2257,.T.);
#3083=ORIENTED_EDGE('',*,*,#2271,.T.);
#3084=ORIENTED_EDGE('',*,*,#1851,.T.);
#3085=ORIENTED_EDGE('',*,*,#2272,.T.);
#3086=ORIENTED_EDGE('',*,*,#2273,.F.);
#3087=ORIENTED_EDGE('',*,*,#1867,.F.);
#3088=ORIENTED_EDGE('',*,*,#1854,.T.);
#3089=ORIENTED_EDGE('',*,*,#2274,.T.);
#3090=ORIENTED_EDGE('',*,*,#2275,.F.);
#3091=ORIENTED_EDGE('',*,*,#1885,.F.);
#3092=ORIENTED_EDGE('',*,*,#1858,.T.);
#3093=ORIENTED_EDGE('',*,*,#1862,.T.);
#3094=ORIENTED_EDGE('',*,*,#2276,.T.);
#3095=ORIENTED_EDGE('',*,*,#2277,.F.);
#3096=ORIENTED_EDGE('',*,*,#1870,.F.);
#3097=ORIENTED_EDGE('',*,*,#2278,.F.);
#3098=ORIENTED_EDGE('',*,*,#2279,.F.);
#3099=ORIENTED_EDGE('',*,*,#2280,.F.);
#3100=ORIENTED_EDGE('',*,*,#2281,.F.);
#3101=ORIENTED_EDGE('',*,*,#2282,.T.);
#3102=ORIENTED_EDGE('',*,*,#1876,.F.);
#3103=ORIENTED_EDGE('',*,*,#1871,.T.);
#3104=ORIENTED_EDGE('',*,*,#2277,.T.);
#3105=ORIENTED_EDGE('',*,*,#2283,.F.);
#3106=ORIENTED_EDGE('',*,*,#2281,.T.);
#3107=ORIENTED_EDGE('',*,*,#2284,.F.);
#3108=ORIENTED_EDGE('',*,*,#1881,.T.);
#3109=ORIENTED_EDGE('',*,*,#2285,.T.);
#3110=ORIENTED_EDGE('',*,*,#1874,.F.);
#3111=ORIENTED_EDGE('',*,*,#1868,.T.);
#3112=ORIENTED_EDGE('',*,*,#2273,.T.);
#3113=ORIENTED_EDGE('',*,*,#1886,.T.);
#3114=ORIENTED_EDGE('',*,*,#2275,.T.);
#3115=ORIENTED_EDGE('',*,*,#2286,.T.);
#3116=ORIENTED_EDGE('',*,*,#1879,.F.);
#3117=ORIENTED_EDGE('',*,*,#2287,.F.);
#3118=ORIENTED_EDGE('',*,*,#2279,.T.);
#3119=ORIENTED_EDGE('',*,*,#2288,.F.);
#3120=ORIENTED_EDGE('',*,*,#1883,.T.);
#3121=ORIENTED_EDGE('',*,*,#2283,.T.);
#3122=ORIENTED_EDGE('',*,*,#1882,.F.);
#3123=ORIENTED_EDGE('',*,*,#2284,.T.);
#3124=ORIENTED_EDGE('',*,*,#2280,.T.);
#3125=ORIENTED_EDGE('',*,*,#2287,.T.);
#3126=ORIENTED_EDGE('',*,*,#1884,.F.);
#3127=ORIENTED_EDGE('',*,*,#2288,.T.);
#3128=ORIENTED_EDGE('',*,*,#2278,.T.);
#3129=ORIENTED_EDGE('',*,*,#1832,.T.);
#3130=ORIENTED_EDGE('',*,*,#2289,.F.);
#3131=ORIENTED_EDGE('',*,*,#1838,.T.);
#3132=ORIENTED_EDGE('',*,*,#1837,.F.);
#3133=ORIENTED_EDGE('',*,*,#1836,.T.);
#3134=ORIENTED_EDGE('',*,*,#1873,.T.);
#3135=ORIENTED_EDGE('',*,*,#1834,.T.);
#3136=ORIENTED_EDGE('',*,*,#1833,.T.);
#3137=ORIENTED_EDGE('',*,*,#2290,.T.);
#3138=ORIENTED_EDGE('',*,*,#2290,.F.);
#3139=ORIENTED_EDGE('',*,*,#2291,.T.);
#3140=ORIENTED_EDGE('',*,*,#2291,.F.);
#3141=ORIENTED_EDGE('',*,*,#2292,.T.);
#3142=ORIENTED_EDGE('',*,*,#2292,.F.);
#3143=ORIENTED_EDGE('',*,*,#2293,.T.);
#3144=ORIENTED_EDGE('',*,*,#2293,.F.);
#3145=ORIENTED_EDGE('',*,*,#2294,.T.);
#3146=ORIENTED_EDGE('',*,*,#2294,.F.);
#3147=ORIENTED_EDGE('',*,*,#2295,.F.);
#3148=ORIENTED_EDGE('',*,*,#1893,.T.);
#3149=ORIENTED_EDGE('',*,*,#1903,.T.);
#3150=ORIENTED_EDGE('',*,*,#1910,.T.);
#3151=ORIENTED_EDGE('',*,*,#1904,.T.);
#3152=ORIENTED_EDGE('',*,*,#1917,.T.);
#3153=ORIENTED_EDGE('',*,*,#1927,.T.);
#3154=ORIENTED_EDGE('',*,*,#1934,.T.);
#3155=ORIENTED_EDGE('',*,*,#1928,.T.);
#3156=ORIENTED_EDGE('',*,*,#1941,.T.);
#3157=ORIENTED_EDGE('',*,*,#1951,.T.);
#3158=ORIENTED_EDGE('',*,*,#1958,.T.);
#3159=ORIENTED_EDGE('',*,*,#1952,.T.);
#3160=ORIENTED_EDGE('',*,*,#1965,.T.);
#3161=ORIENTED_EDGE('',*,*,#1975,.T.);
#3162=ORIENTED_EDGE('',*,*,#1982,.T.);
#3163=ORIENTED_EDGE('',*,*,#1976,.T.);
#3164=ORIENTED_EDGE('',*,*,#1989,.T.);
#3165=ORIENTED_EDGE('',*,*,#1999,.T.);
#3166=ORIENTED_EDGE('',*,*,#2006,.T.);
#3167=ORIENTED_EDGE('',*,*,#2000,.T.);
#3168=ORIENTED_EDGE('',*,*,#2013,.T.);
#3169=ORIENTED_EDGE('',*,*,#2023,.T.);
#3170=ORIENTED_EDGE('',*,*,#2030,.T.);
#3171=ORIENTED_EDGE('',*,*,#2024,.T.);
#3172=ORIENTED_EDGE('',*,*,#2037,.T.);
#3173=ORIENTED_EDGE('',*,*,#2047,.T.);
#3174=ORIENTED_EDGE('',*,*,#2054,.T.);
#3175=ORIENTED_EDGE('',*,*,#2048,.T.);
#3176=ORIENTED_EDGE('',*,*,#2061,.T.);
#3177=ORIENTED_EDGE('',*,*,#2071,.T.);
#3178=ORIENTED_EDGE('',*,*,#2078,.T.);
#3179=ORIENTED_EDGE('',*,*,#2072,.T.);
#3180=ORIENTED_EDGE('',*,*,#2085,.T.);
#3181=ORIENTED_EDGE('',*,*,#2095,.T.);
#3182=ORIENTED_EDGE('',*,*,#2102,.T.);
#3183=ORIENTED_EDGE('',*,*,#2096,.T.);
#3184=ORIENTED_EDGE('',*,*,#2109,.T.);
#3185=ORIENTED_EDGE('',*,*,#2119,.T.);
#3186=ORIENTED_EDGE('',*,*,#2126,.T.);
#3187=ORIENTED_EDGE('',*,*,#2120,.T.);
#3188=ORIENTED_EDGE('',*,*,#2133,.T.);
#3189=ORIENTED_EDGE('',*,*,#2143,.T.);
#3190=ORIENTED_EDGE('',*,*,#2150,.T.);
#3191=ORIENTED_EDGE('',*,*,#2144,.T.);
#3192=ORIENTED_EDGE('',*,*,#2157,.T.);
#3193=ORIENTED_EDGE('',*,*,#2167,.T.);
#3194=ORIENTED_EDGE('',*,*,#2174,.T.);
#3195=ORIENTED_EDGE('',*,*,#2168,.T.);
#3196=ORIENTED_EDGE('',*,*,#2181,.T.);
#3197=ORIENTED_EDGE('',*,*,#2191,.T.);
#3198=ORIENTED_EDGE('',*,*,#2198,.T.);
#3199=ORIENTED_EDGE('',*,*,#2192,.T.);
#3200=ORIENTED_EDGE('',*,*,#2205,.T.);
#3201=ORIENTED_EDGE('',*,*,#2215,.T.);
#3202=ORIENTED_EDGE('',*,*,#2222,.T.);
#3203=ORIENTED_EDGE('',*,*,#2216,.T.);
#3204=ORIENTED_EDGE('',*,*,#2229,.T.);
#3205=ORIENTED_EDGE('',*,*,#2239,.T.);
#3206=ORIENTED_EDGE('',*,*,#2246,.T.);
#3207=ORIENTED_EDGE('',*,*,#2240,.T.);
#3208=ORIENTED_EDGE('',*,*,#2253,.T.);
#3209=ORIENTED_EDGE('',*,*,#2263,.T.);
#3210=ORIENTED_EDGE('',*,*,#2270,.T.);
#3211=ORIENTED_EDGE('',*,*,#2264,.T.);
#3212=ORIENTED_EDGE('',*,*,#2289,.T.);
#3213=ORIENTED_EDGE('',*,*,#1839,.T.);
#3214=ORIENTED_EDGE('',*,*,#2295,.T.);
#3215=ORIENTED_EDGE('',*,*,#2296,.T.);
#3216=ORIENTED_EDGE('',*,*,#2297,.F.);
#3217=ORIENTED_EDGE('',*,*,#2296,.F.);
#3218=ORIENTED_EDGE('',*,*,#2298,.F.);
#3219=ORIENTED_EDGE('',*,*,#2297,.T.);
#3220=ORIENTED_EDGE('',*,*,#2271,.F.);
#3221=ORIENTED_EDGE('',*,*,#2299,.T.);
#3222=ORIENTED_EDGE('',*,*,#2298,.T.);
#3223=ORIENTED_EDGE('',*,*,#2299,.F.);
#3224=ORIENTED_EDGE('',*,*,#1857,.T.);
#3225=ORIENTED_EDGE('',*,*,#1880,.T.);
#3226=ORIENTED_EDGE('',*,*,#2286,.F.);
#3227=ORIENTED_EDGE('',*,*,#2274,.F.);
#3228=ORIENTED_EDGE('',*,*,#1853,.T.);
#3229=ORIENTED_EDGE('',*,*,#1875,.T.);
#3230=ORIENTED_EDGE('',*,*,#2285,.F.);
#3231=ORIENTED_EDGE('',*,*,#2272,.F.);
#3232=ORIENTED_EDGE('',*,*,#1861,.T.);
#3233=ORIENTED_EDGE('',*,*,#1877,.T.);
#3234=ORIENTED_EDGE('',*,*,#2282,.F.);
#3235=ORIENTED_EDGE('',*,*,#2276,.F.);
#3236=CYLINDRICAL_SURFACE('',#3415,23.4999998547137);
#3237=CYLINDRICAL_SURFACE('',#3418,2.6);
#3238=CYLINDRICAL_SURFACE('',#3423,4.);
#3239=CYLINDRICAL_SURFACE('',#3608,22.4999998770654);
#3240=CYLINDRICAL_SURFACE('',#3610,22.4999998770654);
#3241=CYLINDRICAL_SURFACE('',#3611,22.4999998770654);
#3242=CYLINDRICAL_SURFACE('',#3613,22.4999998770654);
#3243=CYLINDRICAL_SURFACE('',#3614,22.4999998770654);
#3244=CYLINDRICAL_SURFACE('',#3615,23.4999998547137);
#3245=ADVANCED_FACE('',(#280,#206,#207,#208,#209,#210,#211,#212,#213,#214),
#3236,.T.);
#3246=ADVANCED_FACE('',(#281),#3237,.F.);
#3247=ADVANCED_FACE('',(#282,#215),#65,.T.);
#3248=ADVANCED_FACE('',(#283),#3238,.T.);
#3249=ADVANCED_FACE('',(#284),#66,.T.);
#3250=ADVANCED_FACE('',(#285),#67,.T.);
#3251=ADVANCED_FACE('',(#286,#216,#217,#218),#68,.T.);
#3252=ADVANCED_FACE('',(#287),#69,.T.);
#3253=ADVANCED_FACE('',(#288),#70,.T.);
#3254=ADVANCED_FACE('',(#289,#219),#71,.F.);
#3255=ADVANCED_FACE('',(#290),#17,.T.);
#3256=ADVANCED_FACE('',(#291),#72,.T.);
#3257=ADVANCED_FACE('',(#292),#73,.T.);
#3258=ADVANCED_FACE('',(#293),#74,.T.);
#3259=ADVANCED_FACE('',(#294),#75,.T.);
#3260=ADVANCED_FACE('',(#295),#76,.T.);
#3261=ADVANCED_FACE('',(#296,#220),#77,.T.);
#3262=ADVANCED_FACE('',(#297),#78,.T.);
#3263=ADVANCED_FACE('',(#298,#221),#79,.F.);
#3264=ADVANCED_FACE('',(#299),#18,.T.);
#3265=ADVANCED_FACE('',(#300),#80,.T.);
#3266=ADVANCED_FACE('',(#301),#81,.T.);
#3267=ADVANCED_FACE('',(#302),#82,.T.);
#3268=ADVANCED_FACE('',(#303),#83,.T.);
#3269=ADVANCED_FACE('',(#304),#84,.T.);
#3270=ADVANCED_FACE('',(#305,#222),#85,.T.);
#3271=ADVANCED_FACE('',(#306),#86,.T.);
#3272=ADVANCED_FACE('',(#307,#223),#87,.F.);
#3273=ADVANCED_FACE('',(#308),#19,.T.);
#3274=ADVANCED_FACE('',(#309),#88,.T.);
#3275=ADVANCED_FACE('',(#310),#89,.T.);
#3276=ADVANCED_FACE('',(#311),#90,.T.);
#3277=ADVANCED_FACE('',(#312),#91,.T.);
#3278=ADVANCED_FACE('',(#313),#92,.T.);
#3279=ADVANCED_FACE('',(#314,#224),#93,.T.);
#3280=ADVANCED_FACE('',(#315),#94,.T.);
#3281=ADVANCED_FACE('',(#316,#225),#95,.F.);
#3282=ADVANCED_FACE('',(#317),#20,.T.);
#3283=ADVANCED_FACE('',(#318),#96,.T.);
#3284=ADVANCED_FACE('',(#319),#97,.T.);
#3285=ADVANCED_FACE('',(#320),#98,.T.);
#3286=ADVANCED_FACE('',(#321),#99,.T.);
#3287=ADVANCED_FACE('',(#322),#100,.T.);
#3288=ADVANCED_FACE('',(#323,#226),#101,.T.);
#3289=ADVANCED_FACE('',(#324),#102,.T.);
#3290=ADVANCED_FACE('',(#325,#227),#103,.F.);
#3291=ADVANCED_FACE('',(#326),#21,.T.);
#3292=ADVANCED_FACE('',(#327),#104,.T.);
#3293=ADVANCED_FACE('',(#328),#105,.T.);
#3294=ADVANCED_FACE('',(#329),#106,.T.);
#3295=ADVANCED_FACE('',(#330),#107,.T.);
#3296=ADVANCED_FACE('',(#331),#108,.T.);
#3297=ADVANCED_FACE('',(#332,#228),#109,.T.);
#3298=ADVANCED_FACE('',(#333),#110,.T.);
#3299=ADVANCED_FACE('',(#334,#229),#111,.F.);
#3300=ADVANCED_FACE('',(#335),#22,.T.);
#3301=ADVANCED_FACE('',(#336),#112,.T.);
#3302=ADVANCED_FACE('',(#337),#113,.T.);
#3303=ADVANCED_FACE('',(#338),#114,.T.);
#3304=ADVANCED_FACE('',(#339),#115,.T.);
#3305=ADVANCED_FACE('',(#340),#116,.T.);
#3306=ADVANCED_FACE('',(#341,#230),#117,.T.);
#3307=ADVANCED_FACE('',(#342),#118,.T.);
#3308=ADVANCED_FACE('',(#343,#231),#119,.F.);
#3309=ADVANCED_FACE('',(#344),#23,.T.);
#3310=ADVANCED_FACE('',(#345),#120,.T.);
#3311=ADVANCED_FACE('',(#346),#121,.T.);
#3312=ADVANCED_FACE('',(#347),#122,.T.);
#3313=ADVANCED_FACE('',(#348),#123,.T.);
#3314=ADVANCED_FACE('',(#349),#124,.T.);
#3315=ADVANCED_FACE('',(#350,#232),#125,.T.);
#3316=ADVANCED_FACE('',(#351),#126,.T.);
#3317=ADVANCED_FACE('',(#352,#233),#127,.F.);
#3318=ADVANCED_FACE('',(#353),#24,.T.);
#3319=ADVANCED_FACE('',(#354),#128,.T.);
#3320=ADVANCED_FACE('',(#355),#129,.T.);
#3321=ADVANCED_FACE('',(#356),#130,.T.);
#3322=ADVANCED_FACE('',(#357),#131,.T.);
#3323=ADVANCED_FACE('',(#358),#132,.T.);
#3324=ADVANCED_FACE('',(#359,#234),#133,.T.);
#3325=ADVANCED_FACE('',(#360),#134,.T.);
#3326=ADVANCED_FACE('',(#361,#235),#135,.F.);
#3327=ADVANCED_FACE('',(#362),#25,.T.);
#3328=ADVANCED_FACE('',(#363),#136,.T.);
#3329=ADVANCED_FACE('',(#364),#137,.T.);
#3330=ADVANCED_FACE('',(#365),#138,.T.);
#3331=ADVANCED_FACE('',(#366),#139,.T.);
#3332=ADVANCED_FACE('',(#367),#140,.T.);
#3333=ADVANCED_FACE('',(#368,#236),#141,.T.);
#3334=ADVANCED_FACE('',(#369),#142,.T.);
#3335=ADVANCED_FACE('',(#370,#237),#143,.F.);
#3336=ADVANCED_FACE('',(#371),#26,.T.);
#3337=ADVANCED_FACE('',(#372),#144,.T.);
#3338=ADVANCED_FACE('',(#373),#145,.T.);
#3339=ADVANCED_FACE('',(#374),#146,.T.);
#3340=ADVANCED_FACE('',(#375),#147,.T.);
#3341=ADVANCED_FACE('',(#376),#148,.T.);
#3342=ADVANCED_FACE('',(#377,#238),#149,.T.);
#3343=ADVANCED_FACE('',(#378),#150,.T.);
#3344=ADVANCED_FACE('',(#379,#239),#151,.F.);
#3345=ADVANCED_FACE('',(#380),#27,.T.);
#3346=ADVANCED_FACE('',(#381),#152,.T.);
#3347=ADVANCED_FACE('',(#382),#153,.T.);
#3348=ADVANCED_FACE('',(#383),#154,.T.);
#3349=ADVANCED_FACE('',(#384),#155,.T.);
#3350=ADVANCED_FACE('',(#385),#156,.T.);
#3351=ADVANCED_FACE('',(#386,#240),#157,.T.);
#3352=ADVANCED_FACE('',(#387),#158,.T.);
#3353=ADVANCED_FACE('',(#388,#241),#159,.F.);
#3354=ADVANCED_FACE('',(#389),#28,.T.);
#3355=ADVANCED_FACE('',(#390),#160,.T.);
#3356=ADVANCED_FACE('',(#391),#161,.T.);
#3357=ADVANCED_FACE('',(#392),#162,.T.);
#3358=ADVANCED_FACE('',(#393),#163,.T.);
#3359=ADVANCED_FACE('',(#394),#164,.T.);
#3360=ADVANCED_FACE('',(#395,#242),#165,.T.);
#3361=ADVANCED_FACE('',(#396),#166,.T.);
#3362=ADVANCED_FACE('',(#397,#243),#167,.F.);
#3363=ADVANCED_FACE('',(#398),#29,.T.);
#3364=ADVANCED_FACE('',(#399),#168,.T.);
#3365=ADVANCED_FACE('',(#400),#169,.T.);
#3366=ADVANCED_FACE('',(#401),#170,.T.);
#3367=ADVANCED_FACE('',(#402),#171,.T.);
#3368=ADVANCED_FACE('',(#403),#172,.T.);
#3369=ADVANCED_FACE('',(#404,#244),#173,.T.);
#3370=ADVANCED_FACE('',(#405),#174,.T.);
#3371=ADVANCED_FACE('',(#406,#245),#175,.F.);
#3372=ADVANCED_FACE('',(#407),#30,.T.);
#3373=ADVANCED_FACE('',(#408),#176,.T.);
#3374=ADVANCED_FACE('',(#409),#177,.T.);
#3375=ADVANCED_FACE('',(#410),#178,.T.);
#3376=ADVANCED_FACE('',(#411),#179,.T.);
#3377=ADVANCED_FACE('',(#412),#180,.T.);
#3378=ADVANCED_FACE('',(#413,#246),#181,.T.);
#3379=ADVANCED_FACE('',(#414),#182,.T.);
#3380=ADVANCED_FACE('',(#415,#247),#183,.F.);
#3381=ADVANCED_FACE('',(#416),#31,.T.);
#3382=ADVANCED_FACE('',(#417),#184,.T.);
#3383=ADVANCED_FACE('',(#418),#185,.T.);
#3384=ADVANCED_FACE('',(#419),#186,.T.);
#3385=ADVANCED_FACE('',(#420),#187,.T.);
#3386=ADVANCED_FACE('',(#421),#188,.T.);
#3387=ADVANCED_FACE('',(#422,#248),#189,.T.);
#3388=ADVANCED_FACE('',(#423),#190,.T.);
#3389=ADVANCED_FACE('',(#424,#249),#191,.F.);
#3390=ADVANCED_FACE('',(#425),#32,.T.);
#3391=ADVANCED_FACE('',(#426),#192,.T.);
#3392=ADVANCED_FACE('',(#427),#193,.T.);
#3393=ADVANCED_FACE('',(#428),#194,.T.);
#3394=ADVANCED_FACE('',(#429),#195,.T.);
#3395=ADVANCED_FACE('',(#430),#196,.T.);
#3396=ADVANCED_FACE('',(#431,#250),#197,.T.);
#3397=ADVANCED_FACE('',(#432,#251,#252,#253,#254,#255,#256),#198,.F.);
#3398=ADVANCED_FACE('',(#433),#3239,.F.);
#3399=ADVANCED_FACE('',(#434),#199,.T.);
#3400=ADVANCED_FACE('',(#435),#3240,.F.);
#3401=ADVANCED_FACE('',(#436),#3241,.F.);
#3402=ADVANCED_FACE('',(#437),#200,.T.);
#3403=ADVANCED_FACE('',(#438),#3242,.F.);
#3404=ADVANCED_FACE('',(#439),#3243,.F.);
#3405=ADVANCED_FACE('',(#440,#257,#258,#259,#260,#261),#3244,.T.);
#3406=ADVANCED_FACE('',(#441,#262,#263,#264,#265,#266,#267,#268,#269,#270,
#271,#272,#273,#274,#275,#276,#277,#278),#201,.T.);
#3407=ADVANCED_FACE('',(#442),#15,.F.);
#3408=ADVANCED_FACE('',(#443,#279),#202,.T.);
#3409=ADVANCED_FACE('',(#444),#16,.T.);
#3410=ADVANCED_FACE('',(#445),#203,.T.);
#3411=ADVANCED_FACE('',(#446),#204,.T.);
#3412=ADVANCED_FACE('',(#447),#205,.T.);
#3413=CLOSED_SHELL('',(#3245,#3246,#3247,#3248,#3249,#3250,#3251,#3252,
#3253,#3254,#3255,#3256,#3257,#3258,#3259,#3260,#3261,#3262,#3263,#3264,
#3265,#3266,#3267,#3268,#3269,#3270,#3271,#3272,#3273,#3274,#3275,#3276,
#3277,#3278,#3279,#3280,#3281,#3282,#3283,#3284,#3285,#3286,#3287,#3288,
#3289,#3290,#3291,#3292,#3293,#3294,#3295,#3296,#3297,#3298,#3299,#3300,
#3301,#3302,#3303,#3304,#3305,#3306,#3307,#3308,#3309,#3310,#3311,#3312,
#3313,#3314,#3315,#3316,#3317,#3318,#3319,#3320,#3321,#3322,#3323,#3324,
#3325,#3326,#3327,#3328,#3329,#3330,#3331,#3332,#3333,#3334,#3335,#3336,
#3337,#3338,#3339,#3340,#3341,#3342,#3343,#3344,#3345,#3346,#3347,#3348,
#3349,#3350,#3351,#3352,#3353,#3354,#3355,#3356,#3357,#3358,#3359,#3360,
#3361,#3362,#3363,#3364,#3365,#3366,#3367,#3368,#3369,#3370,#3371,#3372,
#3373,#3374,#3375,#3376,#3377,#3378,#3379,#3380,#3381,#3382,#3383,#3384,
#3385,#3386,#3387,#3388,#3389,#3390,#3391,#3392,#3393,#3394,#3395,#3396,
#3397,#3398,#3399,#3400,#3401,#3402,#3403,#3404,#3405,#3406,#3407,#3408,
#3409,#3410,#3411,#3412));
#3414=AXIS2_PLACEMENT_3D('',#4465,#3629,#3630);
#3415=AXIS2_PLACEMENT_3D('',#4466,#3631,#3632);
#3416=AXIS2_PLACEMENT_3D('',#4475,#3636,#3637);
#3417=AXIS2_PLACEMENT_3D('',#4482,#3641,#3642);
#3418=AXIS2_PLACEMENT_3D('',#4510,#3652,#3653);
#3419=AXIS2_PLACEMENT_3D('',#4512,#3654,#3655);
#3420=AXIS2_PLACEMENT_3D('',#4515,#3657,#3658);
#3421=AXIS2_PLACEMENT_3D('',#4516,#3659,#3660);
#3422=AXIS2_PLACEMENT_3D('',#4518,#3661,#3662);
#3423=AXIS2_PLACEMENT_3D('',#4519,#3663,#3664);
#3424=AXIS2_PLACEMENT_3D('',#4524,#3666,#3667);
#3425=AXIS2_PLACEMENT_3D('',#4528,#3669,#3670);
#3426=AXIS2_PLACEMENT_3D('',#4532,#3672,#3673);
#3427=AXIS2_PLACEMENT_3D('',#4536,#3675,#3676);
#3428=AXIS2_PLACEMENT_3D('',#4540,#3678,#3679);
#3429=AXIS2_PLACEMENT_3D('',#4544,#3681,#3682);
#3430=AXIS2_PLACEMENT_3D('',#4546,#3684,#3685);
#3431=AXIS2_PLACEMENT_3D('',#4547,#3686,#3687);
#3432=AXIS2_PLACEMENT_3D('',#4553,#3691,#3692);
#3433=AXIS2_PLACEMENT_3D('',#4559,#3696,#3697);
#3434=AXIS2_PLACEMENT_3D('',#4560,#3698,#3699);
#3435=AXIS2_PLACEMENT_3D('',#4562,#3700,#3701);
#3436=AXIS2_PLACEMENT_3D('',#4565,#3703,#3704);
#3437=AXIS2_PLACEMENT_3D('',#4570,#3707,#3708);
#3438=AXIS2_PLACEMENT_3D('',#4575,#3711,#3712);
#3439=AXIS2_PLACEMENT_3D('',#4579,#3714,#3715);
#3440=AXIS2_PLACEMENT_3D('',#4580,#3716,#3717);
#3441=AXIS2_PLACEMENT_3D('',#4584,#3720,#3721);
#3442=AXIS2_PLACEMENT_3D('',#4591,#3726,#3727);
#3443=AXIS2_PLACEMENT_3D('',#4602,#3733,#3734);
#3444=AXIS2_PLACEMENT_3D('',#4622,#3735,#3736);
#3445=AXIS2_PLACEMENT_3D('',#4624,#3738,#3739);
#3446=AXIS2_PLACEMENT_3D('',#4630,#3743,#3744);
#3447=AXIS2_PLACEMENT_3D('',#4634,#3747,#3748);
#3448=AXIS2_PLACEMENT_3D('',#4640,#3752,#3753);
#3449=AXIS2_PLACEMENT_3D('',#4644,#3756,#3757);
#3450=AXIS2_PLACEMENT_3D('',#4646,#3759,#3760);
#3451=AXIS2_PLACEMENT_3D('',#4648,#3762,#3763);
#3452=AXIS2_PLACEMENT_3D('',#4655,#3768,#3769);
#3453=AXIS2_PLACEMENT_3D('',#4666,#3775,#3776);
#3454=AXIS2_PLACEMENT_3D('',#4686,#3777,#3778);
#3455=AXIS2_PLACEMENT_3D('',#4688,#3780,#3781);
#3456=AXIS2_PLACEMENT_3D('',#4694,#3785,#3786);
#3457=AXIS2_PLACEMENT_3D('',#4698,#3789,#3790);
#3458=AXIS2_PLACEMENT_3D('',#4704,#3794,#3795);
#3459=AXIS2_PLACEMENT_3D('',#4708,#3798,#3799);
#3460=AXIS2_PLACEMENT_3D('',#4710,#3801,#3802);
#3461=AXIS2_PLACEMENT_3D('',#4712,#3804,#3805);
#3462=AXIS2_PLACEMENT_3D('',#4721,#3810,#3811);
#3463=AXIS2_PLACEMENT_3D('',#4732,#3817,#3818);
#3464=AXIS2_PLACEMENT_3D('',#4752,#3819,#3820);
#3465=AXIS2_PLACEMENT_3D('',#4754,#3822,#3823);
#3466=AXIS2_PLACEMENT_3D('',#4760,#3827,#3828);
#3467=AXIS2_PLACEMENT_3D('',#4764,#3831,#3832);
#3468=AXIS2_PLACEMENT_3D('',#4770,#3836,#3837);
#3469=AXIS2_PLACEMENT_3D('',#4774,#3840,#3841);
#3470=AXIS2_PLACEMENT_3D('',#4776,#3843,#3844);
#3471=AXIS2_PLACEMENT_3D('',#4778,#3846,#3847);
#3472=AXIS2_PLACEMENT_3D('',#4785,#3852,#3853);
#3473=AXIS2_PLACEMENT_3D('',#4796,#3859,#3860);
#3474=AXIS2_PLACEMENT_3D('',#4816,#3861,#3862);
#3475=AXIS2_PLACEMENT_3D('',#4818,#3864,#3865);
#3476=AXIS2_PLACEMENT_3D('',#4824,#3869,#3870);
#3477=AXIS2_PLACEMENT_3D('',#4828,#3873,#3874);
#3478=AXIS2_PLACEMENT_3D('',#4834,#3878,#3879);
#3479=AXIS2_PLACEMENT_3D('',#4838,#3882,#3883);
#3480=AXIS2_PLACEMENT_3D('',#4840,#3885,#3886);
#3481=AXIS2_PLACEMENT_3D('',#4842,#3888,#3889);
#3482=AXIS2_PLACEMENT_3D('',#4849,#3894,#3895);
#3483=AXIS2_PLACEMENT_3D('',#4860,#3901,#3902);
#3484=AXIS2_PLACEMENT_3D('',#4880,#3903,#3904);
#3485=AXIS2_PLACEMENT_3D('',#4882,#3906,#3907);
#3486=AXIS2_PLACEMENT_3D('',#4888,#3911,#3912);
#3487=AXIS2_PLACEMENT_3D('',#4892,#3915,#3916);
#3488=AXIS2_PLACEMENT_3D('',#4898,#3920,#3921);
#3489=AXIS2_PLACEMENT_3D('',#4902,#3924,#3925);
#3490=AXIS2_PLACEMENT_3D('',#4904,#3927,#3928);
#3491=AXIS2_PLACEMENT_3D('',#4906,#3930,#3931);
#3492=AXIS2_PLACEMENT_3D('',#4913,#3936,#3937);
#3493=AXIS2_PLACEMENT_3D('',#4924,#3943,#3944);
#3494=AXIS2_PLACEMENT_3D('',#4944,#3945,#3946);
#3495=AXIS2_PLACEMENT_3D('',#4946,#3948,#3949);
#3496=AXIS2_PLACEMENT_3D('',#4952,#3953,#3954);
#3497=AXIS2_PLACEMENT_3D('',#4956,#3957,#3958);
#3498=AXIS2_PLACEMENT_3D('',#4962,#3962,#3963);
#3499=AXIS2_PLACEMENT_3D('',#4966,#3966,#3967);
#3500=AXIS2_PLACEMENT_3D('',#4968,#3969,#3970);
#3501=AXIS2_PLACEMENT_3D('',#4970,#3972,#3973);
#3502=AXIS2_PLACEMENT_3D('',#4977,#3978,#3979);
#3503=AXIS2_PLACEMENT_3D('',#4988,#3985,#3986);
#3504=AXIS2_PLACEMENT_3D('',#5008,#3987,#3988);
#3505=AXIS2_PLACEMENT_3D('',#5010,#3990,#3991);
#3506=AXIS2_PLACEMENT_3D('',#5016,#3995,#3996);
#3507=AXIS2_PLACEMENT_3D('',#5020,#3999,#4000);
#3508=AXIS2_PLACEMENT_3D('',#5026,#4004,#4005);
#3509=AXIS2_PLACEMENT_3D('',#5030,#4008,#4009);
#3510=AXIS2_PLACEMENT_3D('',#5032,#4011,#4012);
#3511=AXIS2_PLACEMENT_3D('',#5034,#4014,#4015);
#3512=AXIS2_PLACEMENT_3D('',#5041,#4020,#4021);
#3513=AXIS2_PLACEMENT_3D('',#5052,#4027,#4028);
#3514=AXIS2_PLACEMENT_3D('',#5072,#4029,#4030);
#3515=AXIS2_PLACEMENT_3D('',#5074,#4032,#4033);
#3516=AXIS2_PLACEMENT_3D('',#5080,#4037,#4038);
#3517=AXIS2_PLACEMENT_3D('',#5084,#4041,#4042);
#3518=AXIS2_PLACEMENT_3D('',#5090,#4046,#4047);
#3519=AXIS2_PLACEMENT_3D('',#5094,#4050,#4051);
#3520=AXIS2_PLACEMENT_3D('',#5096,#4053,#4054);
#3521=AXIS2_PLACEMENT_3D('',#5098,#4056,#4057);
#3522=AXIS2_PLACEMENT_3D('',#5105,#4062,#4063);
#3523=AXIS2_PLACEMENT_3D('',#5116,#4069,#4070);
#3524=AXIS2_PLACEMENT_3D('',#5136,#4071,#4072);
#3525=AXIS2_PLACEMENT_3D('',#5138,#4074,#4075);
#3526=AXIS2_PLACEMENT_3D('',#5144,#4079,#4080);
#3527=AXIS2_PLACEMENT_3D('',#5148,#4083,#4084);
#3528=AXIS2_PLACEMENT_3D('',#5154,#4088,#4089);
#3529=AXIS2_PLACEMENT_3D('',#5158,#4092,#4093);
#3530=AXIS2_PLACEMENT_3D('',#5160,#4095,#4096);
#3531=AXIS2_PLACEMENT_3D('',#5162,#4098,#4099);
#3532=AXIS2_PLACEMENT_3D('',#5169,#4104,#4105);
#3533=AXIS2_PLACEMENT_3D('',#5180,#4111,#4112);
#3534=AXIS2_PLACEMENT_3D('',#5200,#4113,#4114);
#3535=AXIS2_PLACEMENT_3D('',#5202,#4116,#4117);
#3536=AXIS2_PLACEMENT_3D('',#5208,#4121,#4122);
#3537=AXIS2_PLACEMENT_3D('',#5212,#4125,#4126);
#3538=AXIS2_PLACEMENT_3D('',#5218,#4130,#4131);
#3539=AXIS2_PLACEMENT_3D('',#5222,#4134,#4135);
#3540=AXIS2_PLACEMENT_3D('',#5224,#4137,#4138);
#3541=AXIS2_PLACEMENT_3D('',#5226,#4140,#4141);
#3542=AXIS2_PLACEMENT_3D('',#5235,#4146,#4147);
#3543=AXIS2_PLACEMENT_3D('',#5246,#4153,#4154);
#3544=AXIS2_PLACEMENT_3D('',#5266,#4155,#4156);
#3545=AXIS2_PLACEMENT_3D('',#5268,#4158,#4159);
#3546=AXIS2_PLACEMENT_3D('',#5274,#4163,#4164);
#3547=AXIS2_PLACEMENT_3D('',#5278,#4167,#4168);
#3548=AXIS2_PLACEMENT_3D('',#5284,#4172,#4173);
#3549=AXIS2_PLACEMENT_3D('',#5288,#4176,#4177);
#3550=AXIS2_PLACEMENT_3D('',#5290,#4179,#4180);
#3551=AXIS2_PLACEMENT_3D('',#5292,#4182,#4183);
#3552=AXIS2_PLACEMENT_3D('',#5301,#4188,#4189);
#3553=AXIS2_PLACEMENT_3D('',#5312,#4195,#4196);
#3554=AXIS2_PLACEMENT_3D('',#5332,#4197,#4198);
#3555=AXIS2_PLACEMENT_3D('',#5334,#4200,#4201);
#3556=AXIS2_PLACEMENT_3D('',#5340,#4205,#4206);
#3557=AXIS2_PLACEMENT_3D('',#5344,#4209,#4210);
#3558=AXIS2_PLACEMENT_3D('',#5350,#4214,#4215);
#3559=AXIS2_PLACEMENT_3D('',#5354,#4218,#4219);
#3560=AXIS2_PLACEMENT_3D('',#5356,#4221,#4222);
#3561=AXIS2_PLACEMENT_3D('',#5358,#4224,#4225);
#3562=AXIS2_PLACEMENT_3D('',#5365,#4230,#4231);
#3563=AXIS2_PLACEMENT_3D('',#5376,#4237,#4238);
#3564=AXIS2_PLACEMENT_3D('',#5396,#4239,#4240);
#3565=AXIS2_PLACEMENT_3D('',#5398,#4242,#4243);
#3566=AXIS2_PLACEMENT_3D('',#5404,#4247,#4248);
#3567=AXIS2_PLACEMENT_3D('',#5408,#4251,#4252);
#3568=AXIS2_PLACEMENT_3D('',#5414,#4256,#4257);
#3569=AXIS2_PLACEMENT_3D('',#5418,#4260,#4261);
#3570=AXIS2_PLACEMENT_3D('',#5420,#4263,#4264);
#3571=AXIS2_PLACEMENT_3D('',#5422,#4266,#4267);
#3572=AXIS2_PLACEMENT_3D('',#5431,#4272,#4273);
#3573=AXIS2_PLACEMENT_3D('',#5442,#4279,#4280);
#3574=AXIS2_PLACEMENT_3D('',#5462,#4281,#4282);
#3575=AXIS2_PLACEMENT_3D('',#5464,#4284,#4285);
#3576=AXIS2_PLACEMENT_3D('',#5470,#4289,#4290);
#3577=AXIS2_PLACEMENT_3D('',#5474,#4293,#4294);
#3578=AXIS2_PLACEMENT_3D('',#5480,#4298,#4299);
#3579=AXIS2_PLACEMENT_3D('',#5484,#4302,#4303);
#3580=AXIS2_PLACEMENT_3D('',#5486,#4305,#4306);
#3581=AXIS2_PLACEMENT_3D('',#5488,#4308,#4309);
#3582=AXIS2_PLACEMENT_3D('',#5497,#4314,#4315);
#3583=AXIS2_PLACEMENT_3D('',#5508,#4321,#4322);
#3584=AXIS2_PLACEMENT_3D('',#5528,#4323,#4324);
#3585=AXIS2_PLACEMENT_3D('',#5530,#4326,#4327);
#3586=AXIS2_PLACEMENT_3D('',#5536,#4331,#4332);
#3587=AXIS2_PLACEMENT_3D('',#5540,#4335,#4336);
#3588=AXIS2_PLACEMENT_3D('',#5546,#4340,#4341);
#3589=AXIS2_PLACEMENT_3D('',#5550,#4344,#4345);
#3590=AXIS2_PLACEMENT_3D('',#5552,#4347,#4348);
#3591=AXIS2_PLACEMENT_3D('',#5554,#4350,#4351);
#3592=AXIS2_PLACEMENT_3D('',#5561,#4356,#4357);
#3593=AXIS2_PLACEMENT_3D('',#5572,#4363,#4364);
#3594=AXIS2_PLACEMENT_3D('',#5592,#4365,#4366);
#3595=AXIS2_PLACEMENT_3D('',#5594,#4368,#4369);
#3596=AXIS2_PLACEMENT_3D('',#5600,#4373,#4374);
#3597=AXIS2_PLACEMENT_3D('',#5604,#4377,#4378);
#3598=AXIS2_PLACEMENT_3D('',#5610,#4382,#4383);
#3599=AXIS2_PLACEMENT_3D('',#5614,#4386,#4387);
#3600=AXIS2_PLACEMENT_3D('',#5616,#4389,#4390);
#3601=AXIS2_PLACEMENT_3D('',#5618,#4392,#4393);
#3602=AXIS2_PLACEMENT_3D('',#5620,#4394,#4395);
#3603=AXIS2_PLACEMENT_3D('',#5623,#4397,#4398);
#3604=AXIS2_PLACEMENT_3D('',#5626,#4400,#4401);
#3605=AXIS2_PLACEMENT_3D('',#5629,#4403,#4404);
#3606=AXIS2_PLACEMENT_3D('',#5632,#4405,#4406);
#3607=AXIS2_PLACEMENT_3D('',#5636,#4408,#4409);
#3608=AXIS2_PLACEMENT_3D('',#5638,#4411,#4412);
#3609=AXIS2_PLACEMENT_3D('',#5640,#4414,#4415);
#3610=AXIS2_PLACEMENT_3D('',#5643,#4418,#4419);
#3611=AXIS2_PLACEMENT_3D('',#5645,#4421,#4422);
#3612=AXIS2_PLACEMENT_3D('',#5647,#4424,#4425);
#3613=AXIS2_PLACEMENT_3D('',#5650,#4428,#4429);
#3614=AXIS2_PLACEMENT_3D('',#5651,#4430,#4431);
#3615=AXIS2_PLACEMENT_3D('',#5652,#4432,#4433);
#3616=AXIS2_PLACEMENT_3D('',#5653,#4434,#4435);
#3617=AXIS2_PLACEMENT_3D('',#5659,#4441,#4442);
#3618=AXIS2_PLACEMENT_3D('',#5661,#4443,#4444);
#3619=AXIS2_PLACEMENT_3D('',#5662,#4445,#4446);
#3620=AXIS2_PLACEMENT_3D('',#5664,#4447,#4448);
#3621=AXIS2_PLACEMENT_3D('',#5665,#4449,#4450);
#3622=AXIS2_PLACEMENT_3D('',#5666,#4451,#4452);
#3623=AXIS2_PLACEMENT_3D('',#5668,#4453,#4454);
#3624=AXIS2_PLACEMENT_3D('',#5669,#4455,#4456);
#3625=AXIS2_PLACEMENT_3D('',#5670,#4457,#4458);
#3626=AXIS2_PLACEMENT_3D('',#5671,#4459,#4460);
#3627=AXIS2_PLACEMENT_3D('',#5672,#4461,#4462);
#3628=AXIS2_PLACEMENT_3D('',#5673,#4463,#4464);
#3629=DIRECTION('axis',(0.,0.,1.));
#3630=DIRECTION('refdir',(1.,0.,0.));
#3631=DIRECTION('center_axis',(0.,0.,-1.));
#3632=DIRECTION('ref_axis',(-0.707106781186548,0.707106781186547,0.));
#3633=DIRECTION('',(0.,0.,-1.));
#3634=DIRECTION('',(0.,0.,-1.));
#3635=DIRECTION('',(0.,0.,-1.));
#3636=DIRECTION('center_axis',(0.,0.,-1.));
#3637=DIRECTION('ref_axis',(1.,0.,0.));
#3638=DIRECTION('',(0.,0.,1.));
#3639=DIRECTION('',(0.,0.,-1.));
#3640=DIRECTION('',(0.,0.,1.));
#3641=DIRECTION('center_axis',(0.,0.,-1.));
#3642=DIRECTION('ref_axis',(1.,0.,0.));
#3643=DIRECTION('',(0.,0.,-1.));
#3644=DIRECTION('',(0.,0.,-1.));
#3645=DIRECTION('',(0.,0.,-1.));
#3646=DIRECTION('',(0.,0.,-1.));
#3647=DIRECTION('',(0.,0.,-1.));
#3648=DIRECTION('',(0.,0.,-1.));
#3649=DIRECTION('',(0.,0.,-1.));
#3650=DIRECTION('',(0.,0.,-1.));
#3651=DIRECTION('',(0.,0.,-1.));
#3652=DIRECTION('center_axis',(0.,0.,-1.));
#3653=DIRECTION('ref_axis',(0.,1.,0.));
#3654=DIRECTION('center_axis',(0.,0.,-1.));
#3655=DIRECTION('ref_axis',(0.,1.,0.));
#3656=DIRECTION('',(0.,0.,-1.));
#3657=DIRECTION('center_axis',(0.,0.,1.));
#3658=DIRECTION('ref_axis',(0.,1.,0.));
#3659=DIRECTION('center_axis',(0.,0.,1.));
#3660=DIRECTION('ref_axis',(1.,0.,0.));
#3661=DIRECTION('center_axis',(0.,0.,1.));
#3662=DIRECTION('ref_axis',(1.,0.,0.));
#3663=DIRECTION('center_axis',(0.,0.,-1.));
#3664=DIRECTION('ref_axis',(0.,1.,0.));
#3665=DIRECTION('',(0.,0.,1.));
#3666=DIRECTION('center_axis',(0.,0.,-1.));
#3667=DIRECTION('ref_axis',(0.,1.,0.));
#3668=DIRECTION('',(0.,0.,-1.));
#3669=DIRECTION('center_axis',(0.,0.,-1.));
#3670=DIRECTION('ref_axis',(1.,0.,0.));
#3671=DIRECTION('',(0.,0.,1.));
#3672=DIRECTION('center_axis',(0.,0.,-1.));
#3673=DIRECTION('ref_axis',(0.,1.,0.));
#3674=DIRECTION('',(0.,0.,-1.));
#3675=DIRECTION('center_axis',(0.,0.,-1.));
#3676=DIRECTION('ref_axis',(1.,0.,0.));
#3677=DIRECTION('',(0.,0.,1.));
#3678=DIRECTION('center_axis',(0.,0.,-1.));
#3679=DIRECTION('ref_axis',(0.,1.,0.));
#3680=DIRECTION('',(0.,0.,-1.));
#3681=DIRECTION('center_axis',(0.,0.,-1.));
#3682=DIRECTION('ref_axis',(1.,0.,0.));
#3683=DIRECTION('',(0.,0.,1.));
#3684=DIRECTION('center_axis',(0.,0.,-1.));
#3685=DIRECTION('ref_axis',(1.,0.,0.));
#3686=DIRECTION('center_axis',(0.5,-0.866025403784439,0.));
#3687=DIRECTION('ref_axis',(0.866025403784439,0.5,0.));
#3688=DIRECTION('',(0.866025403784439,0.5,0.));
#3689=DIRECTION('',(0.,0.,-1.));
#3690=DIRECTION('',(0.866025403784439,0.5,0.));
#3691=DIRECTION('center_axis',(-1.,0.,0.));
#3692=DIRECTION('ref_axis',(0.,-1.,0.));
#3693=DIRECTION('',(0.,-1.,0.));
#3694=DIRECTION('',(0.,0.,-1.));
#3695=DIRECTION('',(0.,-1.,0.));
#3696=DIRECTION('center_axis',(0.,0.,1.));
#3697=DIRECTION('ref_axis',(1.,0.,0.));
#3698=DIRECTION('center_axis',(0.,0.,-1.));
#3699=DIRECTION('ref_axis',(1.,0.,0.));
#3700=DIRECTION('center_axis',(0.,0.,-1.));
#3701=DIRECTION('ref_axis',(1.,0.,0.));
#3702=DIRECTION('',(0.,-1.,0.));
#3703=DIRECTION('center_axis',(0.,0.,-1.));
#3704=DIRECTION('ref_axis',(1.,0.,0.));
#3705=DIRECTION('',(-0.866025403784438,0.5,0.));
#3706=DIRECTION('',(-0.866025403784438,0.5,0.));
#3707=DIRECTION('center_axis',(0.,0.,-1.));
#3708=DIRECTION('ref_axis',(1.,0.,0.));
#3709=DIRECTION('',(0.866025403784439,0.5,0.));
#3710=DIRECTION('',(-1.,0.,0.));
#3711=DIRECTION('center_axis',(0.,0.,-1.));
#3712=DIRECTION('ref_axis',(1.,0.,0.));
#3713=DIRECTION('',(0.5,-0.866025403784439,0.));
#3714=DIRECTION('center_axis',(0.,0.,-1.));
#3715=DIRECTION('ref_axis',(1.,0.,0.));
#3716=DIRECTION('center_axis',(0.5,0.866025403784439,0.));
#3717=DIRECTION('ref_axis',(-0.866025403784439,0.5,0.));
#3718=DIRECTION('',(-0.866025403784438,0.5,0.));
#3719=DIRECTION('',(0.,0.,-1.));
#3720=DIRECTION('center_axis',(-0.707106781186548,0.707106781186547,0.));
#3721=DIRECTION('ref_axis',(0.,0.,-1.));
#3722=DIRECTION('',(0.,0.,-1.));
#3723=DIRECTION('',(0.707106781186547,0.707106781186548,0.));
#3724=DIRECTION('',(0.,0.,1.));
#3725=DIRECTION('',(-0.707106781186547,-0.707106781186548,0.));
#3726=DIRECTION('center_axis',(-0.707106781186547,-0.707106781186548,0.));
#3727=DIRECTION('ref_axis',(0.,0.,-1.));
#3728=DIRECTION('',(0.707106781186548,-0.707106781186547,-5.62613011305301E-17));
#3729=DIRECTION('',(0.,0.,-1.));
#3730=DIRECTION('',(0.707106781186548,-0.707106781186547,0.));
#3731=DIRECTION('',(0.,0.,1.));
#3732=DIRECTION('',(-0.707106781186548,0.707106781186547,0.));
#3733=DIRECTION('center_axis',(-0.707106781186547,-0.707106781186548,0.));
#3734=DIRECTION('ref_axis',(0.,0.,-1.));
#3735=DIRECTION('center_axis',(0.707106781186547,0.707106781186548,0.));
#3736=DIRECTION('ref_axis',(0.,0.,-1.));
#3737=DIRECTION('',(0.707106781186547,0.707106781186548,0.));
#3738=DIRECTION('center_axis',(3.97827475477762E-17,-3.97827475477762E-17,
1.));
#3739=DIRECTION('ref_axis',(-0.707106781186548,0.707106781186547,5.62613011305301E-17));
#3740=DIRECTION('',(0.707106781186547,0.707106781186548,0.));
#3741=DIRECTION('',(-0.707106781186548,0.707106781186547,5.62613011305301E-17));
#3742=DIRECTION('',(-0.707106781186547,-0.707106781186548,0.));
#3743=DIRECTION('center_axis',(0.707106781186548,-0.707106781186547,0.));
#3744=DIRECTION('ref_axis',(0.,0.,1.));
#3745=DIRECTION('',(0.,0.,1.));
#3746=DIRECTION('',(-0.707106781186547,-0.707106781186548,0.));
#3747=DIRECTION('center_axis',(-0.707106781186548,0.707106781186547,0.));
#3748=DIRECTION('ref_axis',(0.,0.,-1.));
#3749=DIRECTION('',(0.707106781186547,0.707106781186548,0.));
#3750=DIRECTION('',(0.,0.,-1.));
#3751=DIRECTION('',(-0.707106781186547,-0.707106781186548,0.));
#3752=DIRECTION('center_axis',(0.,0.,-1.));
#3753=DIRECTION('ref_axis',(0.707106781186548,-0.707106781186547,0.));
#3754=DIRECTION('',(0.707106781186548,-0.707106781186547,0.));
#3755=DIRECTION('',(-0.707106781186547,-0.707106781186548,0.));
#3756=DIRECTION('center_axis',(-0.707106781186548,0.707106781186547,0.));
#3757=DIRECTION('ref_axis',(0.,0.,-1.));
#3758=DIRECTION('',(0.,0.,-1.));
#3759=DIRECTION('center_axis',(-0.707106781186547,-0.707106781186548,0.));
#3760=DIRECTION('ref_axis',(0.,0.,-1.));
#3761=DIRECTION('',(-0.707106781186548,0.707106781186547,0.));
#3762=DIRECTION('center_axis',(-0.38268343236509,0.923879532511287,0.));
#3763=DIRECTION('ref_axis',(0.,0.,-1.));
#3764=DIRECTION('',(0.,0.,-1.));
#3765=DIRECTION('',(0.923879532511286,0.38268343236509,0.));
#3766=DIRECTION('',(0.,0.,1.));
#3767=DIRECTION('',(-0.923879532511286,-0.38268343236509,0.));
#3768=DIRECTION('center_axis',(-0.923879532511286,-0.382683432365091,0.));
#3769=DIRECTION('ref_axis',(0.,0.,-1.));
#3770=DIRECTION('',(0.382683432365091,-0.923879532511286,-5.62613011305301E-17));
#3771=DIRECTION('',(0.,0.,-1.));
#3772=DIRECTION('',(0.382683432365091,-0.923879532511286,0.));
#3773=DIRECTION('',(0.,0.,1.));
#3774=DIRECTION('',(-0.382683432365091,0.923879532511286,0.));
#3775=DIRECTION('center_axis',(-0.923879532511286,-0.382683432365091,0.));
#3776=DIRECTION('ref_axis',(0.,0.,-1.));
#3777=DIRECTION('center_axis',(0.923879532511286,0.382683432365091,0.));
#3778=DIRECTION('ref_axis',(0.,0.,-1.));
#3779=DIRECTION('',(0.923879532511287,0.38268343236509,0.));
#3780=DIRECTION('center_axis',(2.15302678259572E-17,-5.19786645869508E-17,
1.));
#3781=DIRECTION('ref_axis',(-0.382683432365091,0.923879532511286,5.62613011305301E-17));
#3782=DIRECTION('',(0.923879532511286,0.38268343236509,0.));
#3783=DIRECTION('',(-0.382683432365091,0.923879532511286,5.62613011305301E-17));
#3784=DIRECTION('',(-0.923879532511286,-0.38268343236509,0.));
#3785=DIRECTION('center_axis',(0.38268343236509,-0.923879532511287,0.));
#3786=DIRECTION('ref_axis',(0.,0.,1.));
#3787=DIRECTION('',(0.,0.,1.));
#3788=DIRECTION('',(-0.923879532511286,-0.38268343236509,0.));
#3789=DIRECTION('center_axis',(-0.38268343236509,0.923879532511287,0.));
#3790=DIRECTION('ref_axis',(0.,0.,-1.));
#3791=DIRECTION('',(0.923879532511286,0.38268343236509,0.));
#3792=DIRECTION('',(0.,0.,-1.));
#3793=DIRECTION('',(-0.923879532511286,-0.38268343236509,0.));
#3794=DIRECTION('center_axis',(0.,0.,-1.));
#3795=DIRECTION('ref_axis',(0.382683432365091,-0.923879532511286,0.));
#3796=DIRECTION('',(0.382683432365091,-0.923879532511286,0.));
#3797=DIRECTION('',(-0.923879532511286,-0.38268343236509,0.));
#3798=DIRECTION('center_axis',(-0.38268343236509,0.923879532511287,0.));
#3799=DIRECTION('ref_axis',(0.,0.,-1.));
#3800=DIRECTION('',(0.,0.,-1.));
#3801=DIRECTION('center_axis',(-0.923879532511286,-0.382683432365091,0.));
#3802=DIRECTION('ref_axis',(0.,0.,-1.));
#3803=DIRECTION('',(-0.382683432365091,0.923879532511286,0.));
#3804=DIRECTION('center_axis',(-0.923879532511287,0.38268343236509,0.));
#3805=DIRECTION('ref_axis',(0.,0.,-1.));
#3806=DIRECTION('',(0.,0.,-1.));
#3807=DIRECTION('',(0.38268343236509,0.923879532511287,0.));
#3808=DIRECTION('',(0.,0.,1.));
#3809=DIRECTION('',(-0.38268343236509,-0.923879532511287,0.));
#3810=DIRECTION('center_axis',(-0.38268343236509,-0.923879532511287,0.));
#3811=DIRECTION('ref_axis',(0.,0.,-1.));
#3812=DIRECTION('',(0.923879532511287,-0.38268343236509,-5.62613011305301E-17));
#3813=DIRECTION('',(0.,0.,-1.));
#3814=DIRECTION('',(0.923879532511287,-0.38268343236509,0.));
#3815=DIRECTION('',(0.,0.,1.));
#3816=DIRECTION('',(-0.923879532511287,0.38268343236509,0.));
#3817=DIRECTION('center_axis',(-0.38268343236509,-0.923879532511287,0.));
#3818=DIRECTION('ref_axis',(0.,0.,-1.));
#3819=DIRECTION('center_axis',(0.38268343236509,0.923879532511287,0.));
#3820=DIRECTION('ref_axis',(0.,0.,-1.));
#3821=DIRECTION('',(0.38268343236509,0.923879532511287,0.));
#3822=DIRECTION('center_axis',(5.19786645869509E-17,-2.15302678259572E-17,
1.));
#3823=DIRECTION('ref_axis',(-0.923879532511287,0.38268343236509,5.62613011305301E-17));
#3824=DIRECTION('',(0.38268343236509,0.923879532511287,0.));
#3825=DIRECTION('',(-0.923879532511287,0.38268343236509,5.62613011305301E-17));
#3826=DIRECTION('',(-0.38268343236509,-0.923879532511287,0.));
#3827=DIRECTION('center_axis',(0.923879532511287,-0.38268343236509,0.));
#3828=DIRECTION('ref_axis',(0.,0.,1.));
#3829=DIRECTION('',(0.,0.,1.));
#3830=DIRECTION('',(-0.38268343236509,-0.923879532511287,0.));
#3831=DIRECTION('center_axis',(-0.923879532511287,0.38268343236509,0.));
#3832=DIRECTION('ref_axis',(0.,0.,-1.));
#3833=DIRECTION('',(0.38268343236509,0.923879532511287,0.));
#3834=DIRECTION('',(0.,0.,-1.));
#3835=DIRECTION('',(-0.38268343236509,-0.923879532511287,0.));
#3836=DIRECTION('center_axis',(0.,0.,-1.));
#3837=DIRECTION('ref_axis',(0.923879532511287,-0.38268343236509,0.));
#3838=DIRECTION('',(0.923879532511287,-0.38268343236509,0.));
#3839=DIRECTION('',(-0.38268343236509,-0.923879532511287,0.));
#3840=DIRECTION('center_axis',(-0.923879532511287,0.38268343236509,0.));
#3841=DIRECTION('ref_axis',(0.,0.,-1.));
#3842=DIRECTION('',(0.,0.,-1.));
#3843=DIRECTION('center_axis',(-0.38268343236509,-0.923879532511287,0.));
#3844=DIRECTION('ref_axis',(0.,0.,-1.));
#3845=DIRECTION('',(-0.923879532511287,0.38268343236509,0.));
#3846=DIRECTION('center_axis',(0.923879532511287,-0.38268343236509,0.));
#3847=DIRECTION('ref_axis',(0.,0.,-1.));
#3848=DIRECTION('',(0.,0.,-1.));
#3849=DIRECTION('',(-0.38268343236509,-0.923879532511287,0.));
#3850=DIRECTION('',(0.,0.,1.));
#3851=DIRECTION('',(0.38268343236509,0.923879532511287,0.));
#3852=DIRECTION('center_axis',(0.382683432365089,0.923879532511287,0.));
#3853=DIRECTION('ref_axis',(0.,0.,-1.));
#3854=DIRECTION('',(-0.923879532511287,0.382683432365089,-5.62613011305301E-17));
#3855=DIRECTION('',(0.,0.,-1.));
#3856=DIRECTION('',(-0.923879532511287,0.382683432365089,0.));
#3857=DIRECTION('',(0.,0.,1.));
#3858=DIRECTION('',(0.923879532511287,-0.382683432365089,0.));
#3859=DIRECTION('center_axis',(0.382683432365089,0.923879532511287,0.));
#3860=DIRECTION('ref_axis',(0.,0.,-1.));
#3861=DIRECTION('center_axis',(-0.382683432365089,-0.923879532511287,0.));
#3862=DIRECTION('ref_axis',(0.,0.,-1.));
#3863=DIRECTION('',(-0.38268343236509,-0.923879532511287,0.));
#3864=DIRECTION('center_axis',(-5.19786645869509E-17,2.15302678259572E-17,
1.));
#3865=DIRECTION('ref_axis',(0.923879532511287,-0.382683432365089,5.62613011305301E-17));
#3866=DIRECTION('',(-0.38268343236509,-0.923879532511287,0.));
#3867=DIRECTION('',(0.923879532511287,-0.382683432365089,5.62613011305301E-17));
#3868=DIRECTION('',(0.38268343236509,0.923879532511287,0.));
#3869=DIRECTION('center_axis',(-0.923879532511287,0.38268343236509,0.));
#3870=DIRECTION('ref_axis',(0.,0.,1.));
#3871=DIRECTION('',(0.,0.,1.));
#3872=DIRECTION('',(0.38268343236509,0.923879532511287,0.));
#3873=DIRECTION('center_axis',(0.923879532511287,-0.38268343236509,0.));
#3874=DIRECTION('ref_axis',(0.,0.,-1.));
#3875=DIRECTION('',(-0.38268343236509,-0.923879532511287,0.));
#3876=DIRECTION('',(0.,0.,-1.));
#3877=DIRECTION('',(0.38268343236509,0.923879532511287,0.));
#3878=DIRECTION('center_axis',(0.,0.,-1.));
#3879=DIRECTION('ref_axis',(-0.923879532511287,0.382683432365089,0.));
#3880=DIRECTION('',(-0.923879532511287,0.382683432365089,0.));
#3881=DIRECTION('',(0.38268343236509,0.923879532511287,0.));
#3882=DIRECTION('center_axis',(0.923879532511287,-0.38268343236509,0.));
#3883=DIRECTION('ref_axis',(0.,0.,-1.));
#3884=DIRECTION('',(0.,0.,-1.));
#3885=DIRECTION('center_axis',(0.382683432365089,0.923879532511287,0.));
#3886=DIRECTION('ref_axis',(0.,0.,-1.));
#3887=DIRECTION('',(0.923879532511287,-0.382683432365089,0.));
#3888=DIRECTION('center_axis',(0.923879532511287,0.38268343236509,0.));
#3889=DIRECTION('ref_axis',(0.,0.,-1.));
#3890=DIRECTION('',(0.,0.,-1.));
#3891=DIRECTION('',(0.38268343236509,-0.923879532511287,0.));
#3892=DIRECTION('',(0.,0.,1.));
#3893=DIRECTION('',(-0.38268343236509,0.923879532511287,0.));
#3894=DIRECTION('center_axis',(-0.38268343236509,0.923879532511287,0.));
#3895=DIRECTION('ref_axis',(0.,0.,-1.));
#3896=DIRECTION('',(-0.923879532511287,-0.38268343236509,-5.62613011305301E-17));
#3897=DIRECTION('',(0.,0.,-1.));
#3898=DIRECTION('',(-0.923879532511287,-0.38268343236509,0.));
#3899=DIRECTION('',(0.,0.,1.));
#3900=DIRECTION('',(0.923879532511287,0.38268343236509,0.));
#3901=DIRECTION('center_axis',(-0.38268343236509,0.923879532511287,0.));
#3902=DIRECTION('ref_axis',(0.,0.,-1.));
#3903=DIRECTION('center_axis',(0.38268343236509,-0.923879532511287,0.));
#3904=DIRECTION('ref_axis',(0.,0.,-1.));
#3905=DIRECTION('',(0.38268343236509,-0.923879532511287,0.));
#3906=DIRECTION('center_axis',(-5.19786645869509E-17,-2.15302678259572E-17,
1.));
#3907=DIRECTION('ref_axis',(0.923879532511287,0.38268343236509,5.62613011305301E-17));
#3908=DIRECTION('',(0.38268343236509,-0.923879532511287,0.));
#3909=DIRECTION('',(0.923879532511287,0.38268343236509,5.62613011305301E-17));
#3910=DIRECTION('',(-0.38268343236509,0.923879532511287,0.));
#3911=DIRECTION('center_axis',(-0.923879532511287,-0.38268343236509,0.));
#3912=DIRECTION('ref_axis',(0.,0.,1.));
#3913=DIRECTION('',(0.,0.,1.));
#3914=DIRECTION('',(-0.38268343236509,0.923879532511287,0.));
#3915=DIRECTION('center_axis',(0.923879532511287,0.38268343236509,0.));
#3916=DIRECTION('ref_axis',(0.,0.,-1.));
#3917=DIRECTION('',(0.38268343236509,-0.923879532511287,0.));
#3918=DIRECTION('',(0.,0.,-1.));
#3919=DIRECTION('',(-0.38268343236509,0.923879532511287,0.));
#3920=DIRECTION('center_axis',(0.,0.,-1.));
#3921=DIRECTION('ref_axis',(-0.923879532511287,-0.38268343236509,0.));
#3922=DIRECTION('',(-0.923879532511287,-0.38268343236509,0.));
#3923=DIRECTION('',(-0.38268343236509,0.923879532511287,0.));
#3924=DIRECTION('center_axis',(0.923879532511287,0.38268343236509,0.));
#3925=DIRECTION('ref_axis',(0.,0.,-1.));
#3926=DIRECTION('',(0.,0.,-1.));
#3927=DIRECTION('center_axis',(-0.38268343236509,0.923879532511287,0.));
#3928=DIRECTION('ref_axis',(0.,0.,-1.));
#3929=DIRECTION('',(0.923879532511287,0.38268343236509,0.));
#3930=DIRECTION('center_axis',(0.38268343236509,0.923879532511287,0.));
#3931=DIRECTION('ref_axis',(0.,0.,-1.));
#3932=DIRECTION('',(0.,0.,-1.));
#3933=DIRECTION('',(0.923879532511287,-0.38268343236509,0.));
#3934=DIRECTION('',(0.,0.,1.));
#3935=DIRECTION('',(-0.923879532511287,0.38268343236509,0.));
#3936=DIRECTION('center_axis',(-0.923879532511287,0.382683432365089,0.));
#3937=DIRECTION('ref_axis',(0.,0.,-1.));
#3938=DIRECTION('',(-0.382683432365089,-0.923879532511287,-5.62613011305301E-17));
#3939=DIRECTION('',(0.,0.,-1.));
#3940=DIRECTION('',(-0.382683432365089,-0.923879532511287,0.));
#3941=DIRECTION('',(0.,0.,1.));
#3942=DIRECTION('',(0.382683432365089,0.923879532511287,0.));
#3943=DIRECTION('center_axis',(-0.923879532511287,0.382683432365089,0.));
#3944=DIRECTION('ref_axis',(0.,0.,-1.));
#3945=DIRECTION('center_axis',(0.923879532511287,-0.382683432365089,0.));
#3946=DIRECTION('ref_axis',(0.,0.,-1.));
#3947=DIRECTION('',(0.923879532511287,-0.38268343236509,0.));
#3948=DIRECTION('center_axis',(-2.15302678259572E-17,-5.19786645869509E-17,
1.));
#3949=DIRECTION('ref_axis',(0.382683432365089,0.923879532511287,5.62613011305301E-17));
#3950=DIRECTION('',(0.923879532511287,-0.38268343236509,0.));
#3951=DIRECTION('',(0.382683432365089,0.923879532511287,5.62613011305301E-17));
#3952=DIRECTION('',(-0.923879532511287,0.38268343236509,0.));
#3953=DIRECTION('center_axis',(-0.38268343236509,-0.923879532511287,0.));
#3954=DIRECTION('ref_axis',(0.,0.,1.));
#3955=DIRECTION('',(0.,0.,1.));
#3956=DIRECTION('',(-0.923879532511287,0.38268343236509,0.));
#3957=DIRECTION('center_axis',(0.38268343236509,0.923879532511287,0.));
#3958=DIRECTION('ref_axis',(0.,0.,-1.));
#3959=DIRECTION('',(0.923879532511287,-0.38268343236509,0.));
#3960=DIRECTION('',(0.,0.,-1.));
#3961=DIRECTION('',(-0.923879532511287,0.38268343236509,0.));
#3962=DIRECTION('center_axis',(0.,0.,-1.));
#3963=DIRECTION('ref_axis',(-0.382683432365089,-0.923879532511287,0.));
#3964=DIRECTION('',(-0.382683432365089,-0.923879532511287,0.));
#3965=DIRECTION('',(-0.923879532511287,0.38268343236509,0.));
#3966=DIRECTION('center_axis',(0.38268343236509,0.923879532511287,0.));
#3967=DIRECTION('ref_axis',(0.,0.,-1.));
#3968=DIRECTION('',(0.,0.,-1.));
#3969=DIRECTION('center_axis',(-0.923879532511287,0.382683432365089,0.));
#3970=DIRECTION('ref_axis',(0.,0.,-1.));
#3971=DIRECTION('',(0.382683432365089,0.923879532511287,0.));
#3972=DIRECTION('center_axis',(1.,6.12323399573677E-17,0.));
#3973=DIRECTION('ref_axis',(0.,0.,-1.));
#3974=DIRECTION('',(0.,0.,-1.));
#3975=DIRECTION('',(6.12323399573677E-17,-1.,0.));
#3976=DIRECTION('',(0.,0.,1.));
#3977=DIRECTION('',(-6.12323399573677E-17,1.,0.));
#3978=DIRECTION('center_axis',(-4.77565974191801E-16,1.,0.));
#3979=DIRECTION('ref_axis',(0.,0.,-1.));
#3980=DIRECTION('',(-1.,-4.77565974191801E-16,-5.62613011305301E-17));
#3981=DIRECTION('',(0.,0.,-1.));
#3982=DIRECTION('',(-1.,-4.77565974191801E-16,0.));
#3983=DIRECTION('',(0.,0.,1.));
#3984=DIRECTION('',(1.,4.77565974191801E-16,0.));
#3985=DIRECTION('center_axis',(-4.77565974191801E-16,1.,0.));
#3986=DIRECTION('ref_axis',(0.,0.,-1.));
#3987=DIRECTION('center_axis',(4.77565974191801E-16,-1.,0.));
#3988=DIRECTION('ref_axis',(0.,0.,-1.));
#3989=DIRECTION('',(6.12323399573677E-17,-1.,0.));
#3990=DIRECTION('center_axis',(-5.62613011305301E-17,-3.44501111726845E-33,
1.));
#3991=DIRECTION('ref_axis',(1.,4.77565974191801E-16,5.62613011305301E-17));
#3992=DIRECTION('',(6.12323399573677E-17,-1.,0.));
#3993=DIRECTION('',(1.,4.77565974191801E-16,5.62613011305301E-17));
#3994=DIRECTION('',(-6.12323399573677E-17,1.,0.));
#3995=DIRECTION('center_axis',(-1.,-6.12323399573677E-17,0.));
#3996=DIRECTION('ref_axis',(0.,0.,1.));
#3997=DIRECTION('',(0.,0.,1.));
#3998=DIRECTION('',(-6.12323399573677E-17,1.,0.));
#3999=DIRECTION('center_axis',(1.,6.12323399573677E-17,0.));
#4000=DIRECTION('ref_axis',(0.,0.,-1.));
#4001=DIRECTION('',(6.12323399573677E-17,-1.,0.));
#4002=DIRECTION('',(0.,0.,-1.));
#4003=DIRECTION('',(-6.12323399573677E-17,1.,0.));
#4004=DIRECTION('center_axis',(0.,0.,-1.));
#4005=DIRECTION('ref_axis',(-1.,-4.77565974191801E-16,0.));
#4006=DIRECTION('',(-1.,-4.77565974191801E-16,0.));
#4007=DIRECTION('',(-6.12323399573677E-17,1.,0.));
#4008=DIRECTION('center_axis',(1.,6.12323399573677E-17,0.));
#4009=DIRECTION('ref_axis',(0.,0.,-1.));
#4010=DIRECTION('',(0.,0.,-1.));
#4011=DIRECTION('center_axis',(-4.77565974191801E-16,1.,0.));
#4012=DIRECTION('ref_axis',(0.,0.,-1.));
#4013=DIRECTION('',(1.,4.77565974191801E-16,0.));
#4014=DIRECTION('center_axis',(0.707106781186548,0.707106781186548,0.));
#4015=DIRECTION('ref_axis',(0.,0.,-1.));
#4016=DIRECTION('',(0.,0.,-1.));
#4017=DIRECTION('',(0.707106781186548,-0.707106781186548,0.));
#4018=DIRECTION('',(0.,0.,1.));
#4019=DIRECTION('',(-0.707106781186548,0.707106781186548,0.));
#4020=DIRECTION('center_axis',(-0.707106781186548,0.707106781186547,0.));
#4021=DIRECTION('ref_axis',(0.,0.,-1.));
#4022=DIRECTION('',(-0.707106781186547,-0.707106781186548,-5.62613011305301E-17));
#4023=DIRECTION('',(0.,0.,-1.));
#4024=DIRECTION('',(-0.707106781186547,-0.707106781186548,0.));
#4025=DIRECTION('',(0.,0.,1.));
#4026=DIRECTION('',(0.707106781186547,0.707106781186548,0.));
#4027=DIRECTION('center_axis',(-0.707106781186548,0.707106781186547,0.));
#4028=DIRECTION('ref_axis',(0.,0.,-1.));
#4029=DIRECTION('center_axis',(0.707106781186548,-0.707106781186547,0.));
#4030=DIRECTION('ref_axis',(0.,0.,-1.));
#4031=DIRECTION('',(0.707106781186547,-0.707106781186547,0.));
#4032=DIRECTION('center_axis',(-3.97827475477762E-17,-3.97827475477762E-17,
1.));
#4033=DIRECTION('ref_axis',(0.707106781186547,0.707106781186548,5.62613011305301E-17));
#4034=DIRECTION('',(0.707106781186548,-0.707106781186548,0.));
#4035=DIRECTION('',(0.707106781186547,0.707106781186548,5.62613011305301E-17));
#4036=DIRECTION('',(-0.707106781186548,0.707106781186548,0.));
#4037=DIRECTION('center_axis',(-0.707106781186548,-0.707106781186548,0.));
#4038=DIRECTION('ref_axis',(0.,0.,1.));
#4039=DIRECTION('',(0.,0.,1.));
#4040=DIRECTION('',(-0.707106781186548,0.707106781186548,0.));
#4041=DIRECTION('center_axis',(0.707106781186548,0.707106781186548,0.));
#4042=DIRECTION('ref_axis',(0.,0.,-1.));
#4043=DIRECTION('',(0.707106781186548,-0.707106781186548,0.));
#4044=DIRECTION('',(0.,0.,-1.));
#4045=DIRECTION('',(-0.707106781186548,0.707106781186548,0.));
#4046=DIRECTION('center_axis',(0.,0.,-1.));
#4047=DIRECTION('ref_axis',(-0.707106781186547,-0.707106781186548,0.));
#4048=DIRECTION('',(-0.707106781186547,-0.707106781186548,0.));
#4049=DIRECTION('',(-0.707106781186548,0.707106781186548,0.));
#4050=DIRECTION('center_axis',(0.707106781186548,0.707106781186548,0.));
#4051=DIRECTION('ref_axis',(0.,0.,-1.));
#4052=DIRECTION('',(0.,0.,-1.));
#4053=DIRECTION('center_axis',(-0.707106781186548,0.707106781186547,0.));
#4054=DIRECTION('ref_axis',(0.,0.,-1.));
#4055=DIRECTION('',(0.707106781186547,0.707106781186548,0.));
#4056=DIRECTION('center_axis',(0.707106781186548,-0.707106781186547,0.));
#4057=DIRECTION('ref_axis',(0.,0.,-1.));
#4058=DIRECTION('',(0.,0.,-1.));
#4059=DIRECTION('',(-0.707106781186547,-0.707106781186548,0.));
#4060=DIRECTION('',(0.,0.,1.));
#4061=DIRECTION('',(0.707106781186547,0.707106781186548,0.));
#4062=DIRECTION('center_axis',(0.707106781186547,0.707106781186548,0.));
#4063=DIRECTION('ref_axis',(0.,0.,-1.));
#4064=DIRECTION('',(-0.707106781186548,0.707106781186547,-5.62613011305301E-17));
#4065=DIRECTION('',(0.,0.,-1.));
#4066=DIRECTION('',(-0.707106781186548,0.707106781186547,0.));
#4067=DIRECTION('',(0.,0.,1.));
#4068=DIRECTION('',(0.707106781186548,-0.707106781186547,0.));
#4069=DIRECTION('center_axis',(0.707106781186547,0.707106781186548,0.));
#4070=DIRECTION('ref_axis',(0.,0.,-1.));
#4071=DIRECTION('center_axis',(-0.707106781186547,-0.707106781186548,0.));
#4072=DIRECTION('ref_axis',(0.,0.,-1.));
#4073=DIRECTION('',(-0.707106781186547,-0.707106781186548,0.));
#4074=DIRECTION('center_axis',(-3.97827475477762E-17,3.97827475477762E-17,
1.));
#4075=DIRECTION('ref_axis',(0.707106781186548,-0.707106781186547,5.62613011305301E-17));
#4076=DIRECTION('',(-0.707106781186547,-0.707106781186548,0.));
#4077=DIRECTION('',(0.707106781186548,-0.707106781186547,5.62613011305301E-17));
#4078=DIRECTION('',(0.707106781186547,0.707106781186548,0.));
#4079=DIRECTION('center_axis',(-0.707106781186548,0.707106781186547,0.));
#4080=DIRECTION('ref_axis',(0.,0.,1.));
#4081=DIRECTION('',(0.,0.,1.));
#4082=DIRECTION('',(0.707106781186547,0.707106781186548,0.));
#4083=DIRECTION('center_axis',(0.707106781186548,-0.707106781186547,0.));
#4084=DIRECTION('ref_axis',(0.,0.,-1.));
#4085=DIRECTION('',(-0.707106781186547,-0.707106781186548,0.));
#4086=DIRECTION('',(0.,0.,-1.));
#4087=DIRECTION('',(0.707106781186547,0.707106781186548,0.));
#4088=DIRECTION('center_axis',(0.,0.,-1.));
#4089=DIRECTION('ref_axis',(-0.707106781186548,0.707106781186547,0.));
#4090=DIRECTION('',(-0.707106781186548,0.707106781186547,0.));
#4091=DIRECTION('',(0.707106781186547,0.707106781186548,0.));
#4092=DIRECTION('center_axis',(0.707106781186548,-0.707106781186547,0.));
#4093=DIRECTION('ref_axis',(0.,0.,-1.));
#4094=DIRECTION('',(0.,0.,-1.));
#4095=DIRECTION('center_axis',(0.707106781186547,0.707106781186548,0.));
#4096=DIRECTION('ref_axis',(0.,0.,-1.));
#4097=DIRECTION('',(0.707106781186548,-0.707106781186547,0.));
#4098=DIRECTION('center_axis',(1.22464679914735E-16,-1.,0.));
#4099=DIRECTION('ref_axis',(0.,0.,-1.));
#4100=DIRECTION('',(0.,0.,-1.));
#4101=DIRECTION('',(-1.,-1.22464679914735E-16,0.));
#4102=DIRECTION('',(0.,0.,1.));
#4103=DIRECTION('',(1.,1.22464679914735E-16,0.));
#4104=DIRECTION('center_axis',(1.,5.38798314149169E-16,0.));
#4105=DIRECTION('ref_axis',(0.,0.,-1.));
#4106=DIRECTION('',(-5.38798314149169E-16,1.,-5.62613011305301E-17));
#4107=DIRECTION('',(0.,0.,-1.));
#4108=DIRECTION('',(-5.38798314149169E-16,1.,0.));
#4109=DIRECTION('',(0.,0.,1.));
#4110=DIRECTION('',(5.38798314149169E-16,-1.,0.));
#4111=DIRECTION('center_axis',(1.,5.38798314149169E-16,0.));
#4112=DIRECTION('ref_axis',(0.,0.,-1.));
#4113=DIRECTION('center_axis',(-1.,-5.38798314149169E-16,0.));
#4114=DIRECTION('ref_axis',(0.,0.,-1.));
#4115=DIRECTION('',(-1.,-1.22464679914735E-16,0.));
#4116=DIRECTION('center_axis',(-6.8900222345369E-33,5.62613011305301E-17,
1.));
#4117=DIRECTION('ref_axis',(5.38798314149169E-16,-1.,5.62613011305301E-17));
#4118=DIRECTION('',(-1.,-1.22464679914735E-16,0.));
#4119=DIRECTION('',(5.38798314149169E-16,-1.,5.62613011305301E-17));
#4120=DIRECTION('',(1.,1.22464679914735E-16,0.));
#4121=DIRECTION('center_axis',(-1.22464679914735E-16,1.,0.));
#4122=DIRECTION('ref_axis',(0.,0.,1.));
#4123=DIRECTION('',(0.,0.,1.));
#4124=DIRECTION('',(1.,1.22464679914735E-16,0.));
#4125=DIRECTION('center_axis',(1.22464679914735E-16,-1.,0.));
#4126=DIRECTION('ref_axis',(0.,0.,-1.));
#4127=DIRECTION('',(-1.,-1.22464679914735E-16,0.));
#4128=DIRECTION('',(0.,0.,-1.));
#4129=DIRECTION('',(1.,1.22464679914735E-16,0.));
#4130=DIRECTION('center_axis',(0.,0.,-1.));
#4131=DIRECTION('ref_axis',(-5.38798314149169E-16,1.,0.));
#4132=DIRECTION('',(-5.38798314149169E-16,1.,0.));
#4133=DIRECTION('',(1.,1.22464679914735E-16,0.));
#4134=DIRECTION('center_axis',(1.22464679914735E-16,-1.,0.));
#4135=DIRECTION('ref_axis',(0.,0.,-1.));
#4136=DIRECTION('',(0.,0.,-1.));
#4137=DIRECTION('center_axis',(1.,5.38798314149169E-16,0.));
#4138=DIRECTION('ref_axis',(0.,0.,-1.));
#4139=DIRECTION('',(5.38798314149169E-16,-1.,0.));
#4140=DIRECTION('center_axis',(-1.,-1.83697019872103E-16,0.));
#4141=DIRECTION('ref_axis',(0.,0.,-1.));
#4142=DIRECTION('',(0.,0.,-1.));
#4143=DIRECTION('',(-1.83697019872103E-16,1.,0.));
#4144=DIRECTION('',(0.,0.,1.));
#4145=DIRECTION('',(1.83697019872103E-16,-1.,0.));
#4146=DIRECTION('center_axis',(6.00030654106536E-16,-1.,0.));
#4147=DIRECTION('ref_axis',(0.,0.,-1.));
#4148=DIRECTION('',(1.,6.00030654106536E-16,-5.62613011305301E-17));
#4149=DIRECTION('',(0.,0.,-1.));
#4150=DIRECTION('',(1.,6.00030654106536E-16,0.));
#4151=DIRECTION('',(0.,0.,1.));
#4152=DIRECTION('',(-1.,-6.00030654106536E-16,0.));
#4153=DIRECTION('center_axis',(6.00030654106536E-16,-1.,0.));
#4154=DIRECTION('ref_axis',(0.,0.,-1.));
#4155=DIRECTION('center_axis',(-6.00030654106536E-16,1.,0.));
#4156=DIRECTION('ref_axis',(0.,0.,-1.));
#4157=DIRECTION('',(-1.83697019872103E-16,1.,0.));
#4158=DIRECTION('center_axis',(5.62613011305301E-17,1.03350333518054E-32,
1.));
#4159=DIRECTION('ref_axis',(-1.,-6.00030654106536E-16,5.62613011305301E-17));
#4160=DIRECTION('',(-1.83697019872103E-16,1.,0.));
#4161=DIRECTION('',(-1.,-6.00030654106536E-16,5.62613011305301E-17));
#4162=DIRECTION('',(1.83697019872103E-16,-1.,0.));
#4163=DIRECTION('center_axis',(1.,1.83697019872103E-16,0.));
#4164=DIRECTION('ref_axis',(0.,0.,1.));
#4165=DIRECTION('',(0.,0.,1.));
#4166=DIRECTION('',(1.83697019872103E-16,-1.,0.));
#4167=DIRECTION('center_axis',(-1.,-1.83697019872103E-16,0.));
#4168=DIRECTION('ref_axis',(0.,0.,-1.));
#4169=DIRECTION('',(-1.83697019872103E-16,1.,0.));
#4170=DIRECTION('',(0.,0.,-1.));
#4171=DIRECTION('',(1.83697019872103E-16,-1.,0.));
#4172=DIRECTION('center_axis',(0.,0.,-1.));
#4173=DIRECTION('ref_axis',(1.,6.00030654106536E-16,0.));
#4174=DIRECTION('',(1.,6.00030654106536E-16,0.));
#4175=DIRECTION('',(1.83697019872103E-16,-1.,0.));
#4176=DIRECTION('center_axis',(-1.,-1.83697019872103E-16,0.));
#4177=DIRECTION('ref_axis',(0.,0.,-1.));
#4178=DIRECTION('',(0.,0.,-1.));
#4179=DIRECTION('center_axis',(6.00030654106536E-16,-1.,0.));
#4180=DIRECTION('ref_axis',(0.,0.,-1.));
#4181=DIRECTION('',(-1.,-6.00030654106536E-16,0.));
#4182=DIRECTION('center_axis',(-0.707106781186547,-0.707106781186548,0.));
#4183=DIRECTION('ref_axis',(0.,0.,-1.));
#4184=DIRECTION('',(0.,0.,-1.));
#4185=DIRECTION('',(-0.707106781186548,0.707106781186547,0.));
#4186=DIRECTION('',(0.,0.,1.));
#4187=DIRECTION('',(0.707106781186548,-0.707106781186547,0.));
#4188=DIRECTION('center_axis',(0.707106781186548,-0.707106781186547,0.));
#4189=DIRECTION('ref_axis',(0.,0.,-1.));
#4190=DIRECTION('',(0.707106781186547,0.707106781186548,-5.62613011305301E-17));
#4191=DIRECTION('',(0.,0.,-1.));
#4192=DIRECTION('',(0.707106781186547,0.707106781186548,0.));
#4193=DIRECTION('',(0.,0.,1.));
#4194=DIRECTION('',(-0.707106781186547,-0.707106781186548,0.));
#4195=DIRECTION('center_axis',(0.707106781186548,-0.707106781186547,0.));
#4196=DIRECTION('ref_axis',(0.,0.,-1.));
#4197=DIRECTION('center_axis',(-0.707106781186548,0.707106781186547,0.));
#4198=DIRECTION('ref_axis',(0.,0.,-1.));
#4199=DIRECTION('',(-0.707106781186548,0.707106781186547,0.));
#4200=DIRECTION('center_axis',(3.97827475477762E-17,3.97827475477762E-17,
1.));
#4201=DIRECTION('ref_axis',(-0.707106781186547,-0.707106781186548,5.62613011305301E-17));
#4202=DIRECTION('',(-0.707106781186548,0.707106781186547,0.));
#4203=DIRECTION('',(-0.707106781186547,-0.707106781186548,5.62613011305301E-17));
#4204=DIRECTION('',(0.707106781186548,-0.707106781186547,0.));
#4205=DIRECTION('center_axis',(0.707106781186547,0.707106781186548,0.));
#4206=DIRECTION('ref_axis',(0.,0.,1.));
#4207=DIRECTION('',(0.,0.,1.));
#4208=DIRECTION('',(0.707106781186548,-0.707106781186547,0.));
#4209=DIRECTION('center_axis',(-0.707106781186547,-0.707106781186548,0.));
#4210=DIRECTION('ref_axis',(0.,0.,-1.));
#4211=DIRECTION('',(-0.707106781186548,0.707106781186547,0.));
#4212=DIRECTION('',(0.,0.,-1.));
#4213=DIRECTION('',(0.707106781186548,-0.707106781186547,0.));
#4214=DIRECTION('center_axis',(0.,0.,-1.));
#4215=DIRECTION('ref_axis',(0.707106781186547,0.707106781186548,0.));
#4216=DIRECTION('',(0.707106781186547,0.707106781186548,0.));
#4217=DIRECTION('',(0.707106781186548,-0.707106781186547,0.));
#4218=DIRECTION('center_axis',(-0.707106781186547,-0.707106781186548,0.));
#4219=DIRECTION('ref_axis',(0.,0.,-1.));
#4220=DIRECTION('',(0.,0.,-1.));
#4221=DIRECTION('center_axis',(0.707106781186548,-0.707106781186547,0.));
#4222=DIRECTION('ref_axis',(0.,0.,-1.));
#4223=DIRECTION('',(-0.707106781186547,-0.707106781186548,0.));
#4224=DIRECTION('center_axis',(0.38268343236509,-0.923879532511287,0.));
#4225=DIRECTION('ref_axis',(0.,0.,-1.));
#4226=DIRECTION('',(0.,0.,-1.));
#4227=DIRECTION('',(-0.923879532511287,-0.38268343236509,0.));
#4228=DIRECTION('',(0.,0.,1.));
#4229=DIRECTION('',(0.923879532511287,0.38268343236509,0.));
#4230=DIRECTION('center_axis',(0.923879532511287,0.38268343236509,0.));
#4231=DIRECTION('ref_axis',(0.,0.,-1.));
#4232=DIRECTION('',(-0.38268343236509,0.923879532511287,-5.62613011305301E-17));
#4233=DIRECTION('',(0.,0.,-1.));
#4234=DIRECTION('',(-0.38268343236509,0.923879532511287,0.));
#4235=DIRECTION('',(0.,0.,1.));
#4236=DIRECTION('',(0.38268343236509,-0.923879532511287,0.));
#4237=DIRECTION('center_axis',(0.923879532511287,0.38268343236509,0.));
#4238=DIRECTION('ref_axis',(0.,0.,-1.));
#4239=DIRECTION('center_axis',(-0.923879532511287,-0.38268343236509,0.));
#4240=DIRECTION('ref_axis',(0.,0.,-1.));
#4241=DIRECTION('',(-0.923879532511287,-0.38268343236509,0.));
#4242=DIRECTION('center_axis',(-2.15302678259572E-17,5.19786645869509E-17,
1.));
#4243=DIRECTION('ref_axis',(0.38268343236509,-0.923879532511287,5.62613011305301E-17));
#4244=DIRECTION('',(-0.923879532511287,-0.38268343236509,0.));
#4245=DIRECTION('',(0.38268343236509,-0.923879532511287,5.62613011305301E-17));
#4246=DIRECTION('',(0.923879532511287,0.38268343236509,0.));
#4247=DIRECTION('center_axis',(-0.38268343236509,0.923879532511287,0.));
#4248=DIRECTION('ref_axis',(0.,0.,1.));
#4249=DIRECTION('',(0.,0.,1.));
#4250=DIRECTION('',(0.923879532511287,0.38268343236509,0.));
#4251=DIRECTION('center_axis',(0.38268343236509,-0.923879532511287,0.));
#4252=DIRECTION('ref_axis',(0.,0.,-1.));
#4253=DIRECTION('',(-0.923879532511287,-0.38268343236509,0.));
#4254=DIRECTION('',(0.,0.,-1.));
#4255=DIRECTION('',(0.923879532511287,0.38268343236509,0.));
#4256=DIRECTION('center_axis',(0.,0.,-1.));
#4257=DIRECTION('ref_axis',(-0.38268343236509,0.923879532511287,0.));
#4258=DIRECTION('',(-0.38268343236509,0.923879532511287,0.));
#4259=DIRECTION('',(0.923879532511287,0.38268343236509,0.));
#4260=DIRECTION('center_axis',(0.38268343236509,-0.923879532511287,0.));
#4261=DIRECTION('ref_axis',(0.,0.,-1.));
#4262=DIRECTION('',(0.,0.,-1.));
#4263=DIRECTION('center_axis',(0.923879532511287,0.38268343236509,0.));
#4264=DIRECTION('ref_axis',(0.,0.,-1.));
#4265=DIRECTION('',(0.38268343236509,-0.923879532511287,0.));
#4266=DIRECTION('center_axis',(-0.923879532511287,-0.38268343236509,0.));
#4267=DIRECTION('ref_axis',(0.,0.,-1.));
#4268=DIRECTION('',(0.,0.,-1.));
#4269=DIRECTION('',(-0.38268343236509,0.923879532511287,0.));
#4270=DIRECTION('',(0.,0.,1.));
#4271=DIRECTION('',(0.38268343236509,-0.923879532511287,0.));
#4272=DIRECTION('center_axis',(0.382683432365091,-0.923879532511286,0.));
#4273=DIRECTION('ref_axis',(0.,0.,-1.));
#4274=DIRECTION('',(0.923879532511286,0.382683432365091,-5.62613011305301E-17));
#4275=DIRECTION('',(0.,0.,-1.));
#4276=DIRECTION('',(0.923879532511286,0.382683432365091,0.));
#4277=DIRECTION('',(0.,0.,1.));
#4278=DIRECTION('',(-0.923879532511286,-0.382683432365091,0.));
#4279=DIRECTION('center_axis',(0.382683432365091,-0.923879532511286,0.));
#4280=DIRECTION('ref_axis',(0.,0.,-1.));
#4281=DIRECTION('center_axis',(-0.382683432365091,0.923879532511286,0.));
#4282=DIRECTION('ref_axis',(0.,0.,-1.));
#4283=DIRECTION('',(-0.38268343236509,0.923879532511286,0.));
#4284=DIRECTION('center_axis',(5.19786645869508E-17,2.15302678259572E-17,
1.));
#4285=DIRECTION('ref_axis',(-0.923879532511286,-0.382683432365091,5.62613011305301E-17));
#4286=DIRECTION('',(-0.38268343236509,0.923879532511286,0.));
#4287=DIRECTION('',(-0.923879532511286,-0.382683432365091,5.62613011305301E-17));
#4288=DIRECTION('',(0.38268343236509,-0.923879532511286,0.));
#4289=DIRECTION('center_axis',(0.923879532511287,0.38268343236509,0.));
#4290=DIRECTION('ref_axis',(0.,0.,1.));
#4291=DIRECTION('',(0.,0.,1.));
#4292=DIRECTION('',(0.38268343236509,-0.923879532511286,0.));
#4293=DIRECTION('center_axis',(-0.923879532511287,-0.38268343236509,0.));
#4294=DIRECTION('ref_axis',(0.,0.,-1.));
#4295=DIRECTION('',(-0.38268343236509,0.923879532511286,0.));
#4296=DIRECTION('',(0.,0.,-1.));
#4297=DIRECTION('',(0.38268343236509,-0.923879532511286,0.));
#4298=DIRECTION('center_axis',(0.,0.,-1.));
#4299=DIRECTION('ref_axis',(0.923879532511286,0.382683432365091,0.));
#4300=DIRECTION('',(0.923879532511286,0.382683432365091,0.));
#4301=DIRECTION('',(0.38268343236509,-0.923879532511286,0.));
#4302=DIRECTION('center_axis',(-0.923879532511287,-0.38268343236509,0.));
#4303=DIRECTION('ref_axis',(0.,0.,-1.));
#4304=DIRECTION('',(0.,0.,-1.));
#4305=DIRECTION('center_axis',(0.382683432365091,-0.923879532511286,0.));
#4306=DIRECTION('ref_axis',(0.,0.,-1.));
#4307=DIRECTION('',(-0.923879532511286,-0.382683432365091,0.));
#4308=DIRECTION('center_axis',(-0.38268343236509,-0.923879532511287,0.));
#4309=DIRECTION('ref_axis',(0.,0.,-1.));
#4310=DIRECTION('',(0.,0.,-1.));
#4311=DIRECTION('',(-0.923879532511287,0.38268343236509,0.));
#4312=DIRECTION('',(0.,0.,1.));
#4313=DIRECTION('',(0.923879532511287,-0.38268343236509,0.));
#4314=DIRECTION('center_axis',(0.923879532511287,-0.382683432365089,0.));
#4315=DIRECTION('ref_axis',(0.,0.,-1.));
#4316=DIRECTION('',(0.382683432365089,0.923879532511287,-5.62613011305301E-17));
#4317=DIRECTION('',(0.,0.,-1.));
#4318=DIRECTION('',(0.382683432365089,0.923879532511287,0.));
#4319=DIRECTION('',(0.,0.,1.));
#4320=DIRECTION('',(-0.382683432365089,-0.923879532511287,0.));
#4321=DIRECTION('center_axis',(0.923879532511287,-0.382683432365089,0.));
#4322=DIRECTION('ref_axis',(0.,0.,-1.));
#4323=DIRECTION('center_axis',(-0.923879532511287,0.382683432365089,0.));
#4324=DIRECTION('ref_axis',(0.,0.,-1.));
#4325=DIRECTION('',(-0.923879532511287,0.38268343236509,0.));
#4326=DIRECTION('center_axis',(2.15302678259572E-17,5.19786645869509E-17,
1.));
#4327=DIRECTION('ref_axis',(-0.382683432365089,-0.923879532511287,5.62613011305301E-17));
#4328=DIRECTION('',(-0.923879532511287,0.38268343236509,0.));
#4329=DIRECTION('',(-0.382683432365089,-0.923879532511287,5.62613011305301E-17));
#4330=DIRECTION('',(0.923879532511287,-0.38268343236509,0.));
#4331=DIRECTION('center_axis',(0.38268343236509,0.923879532511287,0.));
#4332=DIRECTION('ref_axis',(0.,0.,1.));
#4333=DIRECTION('',(0.,0.,1.));
#4334=DIRECTION('',(0.923879532511287,-0.38268343236509,0.));
#4335=DIRECTION('center_axis',(-0.38268343236509,-0.923879532511287,0.));
#4336=DIRECTION('ref_axis',(0.,0.,-1.));
#4337=DIRECTION('',(-0.923879532511287,0.38268343236509,0.));
#4338=DIRECTION('',(0.,0.,-1.));
#4339=DIRECTION('',(0.923879532511287,-0.38268343236509,0.));
#4340=DIRECTION('center_axis',(0.,0.,-1.));
#4341=DIRECTION('ref_axis',(0.382683432365089,0.923879532511287,0.));
#4342=DIRECTION('',(0.382683432365089,0.923879532511287,0.));
#4343=DIRECTION('',(0.923879532511287,-0.38268343236509,0.));
#4344=DIRECTION('center_axis',(-0.38268343236509,-0.923879532511287,0.));
#4345=DIRECTION('ref_axis',(0.,0.,-1.));
#4346=DIRECTION('',(0.,0.,-1.));
#4347=DIRECTION('center_axis',(0.923879532511287,-0.382683432365089,0.));
#4348=DIRECTION('ref_axis',(0.,0.,-1.));
#4349=DIRECTION('',(-0.382683432365089,-0.923879532511287,0.));
#4350=DIRECTION('center_axis',(0.,1.,0.));
#4351=DIRECTION('ref_axis',(0.,0.,-1.));
#4352=DIRECTION('',(0.,0.,-1.));
#4353=DIRECTION('',(1.,0.,0.));
#4354=DIRECTION('',(0.,0.,1.));
#4355=DIRECTION('',(-1.,0.,0.));
#4356=DIRECTION('center_axis',(-1.,-4.16333634234433E-16,0.));
#4357=DIRECTION('ref_axis',(0.,0.,-1.));
#4358=DIRECTION('',(4.16333634234433E-16,-1.,-5.62613011305301E-17));
#4359=DIRECTION('',(0.,0.,-1.));
#4360=DIRECTION('',(4.16333634234433E-16,-1.,0.));
#4361=DIRECTION('',(0.,0.,1.));
#4362=DIRECTION('',(-4.16333634234433E-16,1.,0.));
#4363=DIRECTION('center_axis',(-1.,-4.16333634234433E-16,0.));
#4364=DIRECTION('ref_axis',(0.,0.,-1.));
#4365=DIRECTION('center_axis',(1.,4.16333634234433E-16,0.));
#4366=DIRECTION('ref_axis',(0.,0.,-1.));
#4367=DIRECTION('',(1.,0.,0.));
#4368=DIRECTION('center_axis',(0.,-5.62613011305301E-17,1.));
#4369=DIRECTION('ref_axis',(-4.16333634234433E-16,1.,5.62613011305301E-17));
#4370=DIRECTION('',(1.,0.,0.));
#4371=DIRECTION('',(-4.16333634234433E-16,1.,5.62613011305301E-17));
#4372=DIRECTION('',(-1.,0.,0.));
#4373=DIRECTION('center_axis',(0.,-1.,0.));
#4374=DIRECTION('ref_axis',(0.,0.,1.));
#4375=DIRECTION('',(0.,0.,1.));
#4376=DIRECTION('',(-1.,0.,0.));
#4377=DIRECTION('center_axis',(0.,1.,0.));
#4378=DIRECTION('ref_axis',(0.,0.,-1.));
#4379=DIRECTION('',(1.,0.,0.));
#4380=DIRECTION('',(0.,0.,-1.));
#4381=DIRECTION('',(-1.,0.,0.));
#4382=DIRECTION('center_axis',(0.,0.,-1.));
#4383=DIRECTION('ref_axis',(4.16333634234433E-16,-1.,0.));
#4384=DIRECTION('',(4.16333634234433E-16,-1.,0.));
#4385=DIRECTION('',(-1.,0.,0.));
#4386=DIRECTION('center_axis',(0.,1.,0.));
#4387=DIRECTION('ref_axis',(0.,0.,-1.));
#4388=DIRECTION('',(0.,0.,-1.));
#4389=DIRECTION('center_axis',(-1.,-4.16333634234433E-16,0.));
#4390=DIRECTION('ref_axis',(0.,0.,-1.));
#4391=DIRECTION('',(-4.16333634234433E-16,1.,0.));
#4392=DIRECTION('center_axis',(0.,0.,1.));
#4393=DIRECTION('ref_axis',(1.,0.,0.));
#4394=DIRECTION('center_axis',(0.,0.,-1.));
#4395=DIRECTION('ref_axis',(1.,0.,0.));
#4396=DIRECTION('',(0.,-1.,0.));
#4397=DIRECTION('center_axis',(0.,0.,-1.));
#4398=DIRECTION('ref_axis',(1.,0.,0.));
#4399=DIRECTION('',(0.866025403784439,0.5,0.));
#4400=DIRECTION('center_axis',(0.,0.,-1.));
#4401=DIRECTION('ref_axis',(1.,0.,0.));
#4402=DIRECTION('',(-0.866025403784438,0.5,0.));
#4403=DIRECTION('center_axis',(0.,0.,-1.));
#4404=DIRECTION('ref_axis',(1.,0.,0.));
#4405=DIRECTION('center_axis',(0.,0.,-1.));
#4406=DIRECTION('ref_axis',(1.,0.,0.));
#4407=DIRECTION('',(-0.5,0.866025403784439,0.));
#4408=DIRECTION('center_axis',(0.,0.,-1.));
#4409=DIRECTION('ref_axis',(1.,0.,0.));
#4410=DIRECTION('',(1.,0.,0.));
#4411=DIRECTION('center_axis',(0.,0.,-1.));
#4412=DIRECTION('ref_axis',(4.16333634234433E-16,-1.,0.));
#4413=DIRECTION('',(0.,0.,1.));
#4414=DIRECTION('center_axis',(0.,-1.,0.));
#4415=DIRECTION('ref_axis',(0.,0.,-1.));
#4416=DIRECTION('',(0.,0.,1.));
#4417=DIRECTION('',(0.,0.,-1.));
#4418=DIRECTION('center_axis',(0.,0.,-1.));
#4419=DIRECTION('ref_axis',(4.16333634234433E-16,-1.,0.));
#4420=DIRECTION('',(0.,0.,1.));
#4421=DIRECTION('center_axis',(0.,0.,-1.));
#4422=DIRECTION('ref_axis',(-9.47091042991059E-17,1.,0.));
#4423=DIRECTION('',(0.,0.,1.));
#4424=DIRECTION('center_axis',(0.866025403784439,0.5,0.));
#4425=DIRECTION('ref_axis',(0.,0.,-1.));
#4426=DIRECTION('',(0.,0.,1.));
#4427=DIRECTION('',(0.,0.,-1.));
#4428=DIRECTION('center_axis',(0.,0.,-1.));
#4429=DIRECTION('ref_axis',(4.16333634234433E-16,-1.,0.));
#4430=DIRECTION('center_axis',(0.,0.,-1.));
#4431=DIRECTION('ref_axis',(4.16333634234433E-16,-1.,0.));
#4432=DIRECTION('center_axis',(0.,0.,-1.));
#4433=DIRECTION('ref_axis',(-0.707106781186548,0.707106781186547,0.));
#4434=DIRECTION('center_axis',(0.,0.,-1.));
#4435=DIRECTION('ref_axis',(1.,0.,0.));
#4436=DIRECTION('',(0.,0.,-1.));
#4437=DIRECTION('',(0.,0.,-1.));
#4438=DIRECTION('',(0.,0.,-1.));
#4439=DIRECTION('',(0.,0.,-1.));
#4440=DIRECTION('',(0.,0.,-1.));
#4441=DIRECTION('center_axis',(0.,0.,1.));
#4442=DIRECTION('ref_axis',(1.,0.,0.));
#4443=DIRECTION('center_axis',(0.,0.,-1.));
#4444=DIRECTION('ref_axis',(1.,0.,0.));
#4445=DIRECTION('center_axis',(0.,0.,-1.));
#4446=DIRECTION('ref_axis',(-1.,0.,0.));
#4447=DIRECTION('center_axis',(-1.22464679914735E-16,-1.,0.));
#4448=DIRECTION('ref_axis',(1.,-1.22464679914735E-16,0.));
#4449=DIRECTION('center_axis',(0.,0.,-1.));
#4450=DIRECTION('ref_axis',(1.,0.,0.));
#4451=DIRECTION('center_axis',(0.,0.,1.));
#4452=DIRECTION('ref_axis',(1.,0.,0.));
#4453=DIRECTION('center_axis',(0.,0.,-1.));
#4454=DIRECTION('ref_axis',(1.,0.,0.));
#4455=DIRECTION('center_axis',(0.,0.,-1.));
#4456=DIRECTION('ref_axis',(-1.,0.,0.));
#4457=DIRECTION('center_axis',(-1.22464679914735E-16,-1.,0.));
#4458=DIRECTION('ref_axis',(1.,-1.22464679914735E-16,0.));
#4459=DIRECTION('center_axis',(-0.5,0.866025403784439,0.));
#4460=DIRECTION('ref_axis',(-0.866025403784439,-0.5,0.));
#4461=DIRECTION('center_axis',(1.,0.,0.));
#4462=DIRECTION('ref_axis',(0.,1.,0.));
#4463=DIRECTION('center_axis',(-0.5,-0.866025403784439,0.));
#4464=DIRECTION('ref_axis',(0.866025403784438,-0.5,0.));
#4465=CARTESIAN_POINT('',(0.,0.,0.));
#4466=CARTESIAN_POINT('Origin',(-2.15105705902944E-15,-8.95557402831357E-31,
3.7499999795109));
#4467=CARTESIAN_POINT('',(16.6170092551509,-16.6170092551509,2.99325304483006));
#4468=CARTESIAN_POINT('',(16.6170092551509,-16.6170092551509,0.499999959021807));
#4469=CARTESIAN_POINT('',(16.6170092551509,-16.6170092551509,3.7499999795109));
#4470=CARTESIAN_POINT('',(16.6170092551509,-16.6170092551509,5.00000002607703));
#4471=CARTESIAN_POINT('',(16.6170092551509,-16.6170092551509,3.7499999795109));
#4472=CARTESIAN_POINT('',(16.6170092551509,-16.6170092551509,7.));
#4473=CARTESIAN_POINT('',(16.6170092551509,-16.6170092551509,3.7499999795109));
#4474=CARTESIAN_POINT('',(-9.0569774428472E-15,23.4999998547137,7.));
#4475=CARTESIAN_POINT('Origin',(-2.15105705902944E-15,-8.95557402831357E-31,
7.));
#4476=CARTESIAN_POINT('',(-5.02897701923328E-15,23.4999998547137,5.00000002607703));
#4477=CARTESIAN_POINT('',(-9.0569774428472E-15,23.4999998547137,3.7499999795109));
#4478=CARTESIAN_POINT('',(-5.02897701923328E-15,23.4999998547137,2.99325304483006));
#4479=CARTESIAN_POINT('',(-5.02897701923328E-15,23.4999998547137,3.7499999795109));
#4480=CARTESIAN_POINT('',(-9.0569774428472E-15,23.4999998547137,0.499999959021807));
#4481=CARTESIAN_POINT('',(-9.0569774428472E-15,23.4999998547137,3.7499999795109));
#4482=CARTESIAN_POINT('Origin',(-2.15105705902944E-15,-8.95557402831357E-31,
0.499999959021807));
#4483=CARTESIAN_POINT('',(-2.15105705902944E-15,-23.4999998547137,5.00000002607703));
#4484=CARTESIAN_POINT('',(-2.15105705902944E-15,-23.4999998547137,2.99325304483006));
#4485=CARTESIAN_POINT('',(-2.15105705902944E-15,-23.4999998547137,3.7499999795109));
#4486=CARTESIAN_POINT('',(-8.99306060498095,21.7111688797882,5.00000002607703));
#4487=CARTESIAN_POINT('',(-8.99306060498095,21.7111688797882,2.99325304483006));
#4488=CARTESIAN_POINT('',(-8.99306060498095,21.7111688797882,3.7499999795109));
#4489=CARTESIAN_POINT('',(-16.6170092551509,16.6170092551509,5.00000002607703));
#4490=CARTESIAN_POINT('',(-16.6170092551509,16.6170092551509,2.99325304483006));
#4491=CARTESIAN_POINT('',(-16.6170092551509,16.6170092551509,3.7499999795109));
#4492=CARTESIAN_POINT('',(-16.6170092551509,-16.6170092551509,5.00000002607703));
#4493=CARTESIAN_POINT('',(-16.6170092551509,-16.6170092551509,2.99325304483006));
#4494=CARTESIAN_POINT('',(-16.6170092551509,-16.6170092551509,3.7499999795109));
#4495=CARTESIAN_POINT('',(-23.4999998547137,-1.43895998010192E-15,5.00000002607703));
#4496=CARTESIAN_POINT('',(-23.4999998547137,-1.43895998010192E-15,2.99325304483006));
#4497=CARTESIAN_POINT('',(-23.4999998547137,-1.43895998010192E-15,3.7499999795109));
#4498=CARTESIAN_POINT('',(-8.99306060498095,-21.7111688797882,5.00000002607703));
#4499=CARTESIAN_POINT('',(-8.99306060498095,-21.7111688797882,2.99325304483006));
#4500=CARTESIAN_POINT('',(-8.99306060498095,-21.7111688797882,3.7499999795109));
#4501=CARTESIAN_POINT('',(-21.7111688797882,-8.99306060498095,5.00000002607703));
#4502=CARTESIAN_POINT('',(-21.7111688797882,-8.99306060498095,2.99325304483006));
#4503=CARTESIAN_POINT('',(-21.7111688797882,-8.99306060498095,3.7499999795109));
#4504=CARTESIAN_POINT('',(-21.7111688797882,8.99306060498095,5.00000002607703));
#4505=CARTESIAN_POINT('',(-21.7111688797882,8.99306060498095,2.99325304483006));
#4506=CARTESIAN_POINT('',(-21.7111688797882,8.99306060498095,3.7499999795109));
#4507=CARTESIAN_POINT('',(8.99306060498096,-21.7111688797882,5.00000002607703));
#4508=CARTESIAN_POINT('',(8.99306060498096,-21.7111688797882,2.99325304483006));
#4509=CARTESIAN_POINT('',(8.99306060498096,-21.7111688797882,3.7499999795109));
#4510=CARTESIAN_POINT('Origin',(-5.55111512312578E-16,-5.55111512312578E-16,
5.));
#4511=CARTESIAN_POINT('',(-8.7351968009089E-16,-2.6,10.));
#4512=CARTESIAN_POINT('Origin',(-5.55111512312578E-16,-5.55111512312578E-16,
10.));
#4513=CARTESIAN_POINT('',(-8.7351968009089E-16,-2.6,0.));
#4514=CARTESIAN_POINT('',(-8.7351968009089E-16,-2.6,5.));
#4515=CARTESIAN_POINT('Origin',(-5.55111512312578E-16,-5.55111512312578E-16,
0.));
#4516=CARTESIAN_POINT('Origin',(0.,0.,10.));
#4517=CARTESIAN_POINT('',(8.39192547734231E-15,-4.,10.));
#4518=CARTESIAN_POINT('Origin',(0.,0.,10.));
#4519=CARTESIAN_POINT('Origin',(8.88178419700125E-15,-4.44089209850063E-15,
3.5));
#4520=CARTESIAN_POINT('',(0.75,-3.92905841137543,0.));
#4521=CARTESIAN_POINT('',(0.75,-3.92905841137543,7.));
#4522=CARTESIAN_POINT('',(0.75,-3.92905841137543,3.5));
#4523=CARTESIAN_POINT('',(3.77766439720406,1.31501015284939,0.));
#4524=CARTESIAN_POINT('Origin',(8.88178419700125E-15,-4.44089209850063E-15,
0.));
#4525=CARTESIAN_POINT('',(3.77766439720406,1.31501015284939,7.));
#4526=CARTESIAN_POINT('',(3.77766439720406,1.31501015284939,3.5));
#4527=CARTESIAN_POINT('',(3.02766439720405,2.61404825852604,7.));
#4528=CARTESIAN_POINT('Origin',(0.,0.,7.));
#4529=CARTESIAN_POINT('',(3.02766439720406,2.61404825852604,0.));
#4530=CARTESIAN_POINT('',(3.02766439720405,2.61404825852604,3.5));
#4531=CARTESIAN_POINT('',(-3.02766439720404,2.61404825852604,0.));
#4532=CARTESIAN_POINT('Origin',(8.88178419700125E-15,-4.44089209850063E-15,
0.));
#4533=CARTESIAN_POINT('',(-3.02766439720404,2.61404825852604,7.));
#4534=CARTESIAN_POINT('',(-3.02766439720404,2.61404825852604,3.5));
#4535=CARTESIAN_POINT('',(-3.77766439720404,1.31501015284938,7.));
#4536=CARTESIAN_POINT('Origin',(0.,0.,7.));
#4537=CARTESIAN_POINT('',(-3.77766439720404,1.31501015284938,0.));
#4538=CARTESIAN_POINT('',(-3.77766439720404,1.31501015284938,3.5));
#4539=CARTESIAN_POINT('',(-0.75,-3.92905841137543,0.));
#4540=CARTESIAN_POINT('Origin',(8.88178419700125E-15,-4.44089209850063E-15,
0.));
#4541=CARTESIAN_POINT('',(-0.75,-3.92905841137543,7.));
#4542=CARTESIAN_POINT('',(-0.75,-3.92905841137543,3.5));
#4543=CARTESIAN_POINT('',(8.39192547734231E-15,-4.,7.));
#4544=CARTESIAN_POINT('Origin',(0.,0.,7.));
#4545=CARTESIAN_POINT('',(8.39192547734231E-15,-4.,3.5));
#4546=CARTESIAN_POINT('Origin',(0.,0.,7.));
#4547=CARTESIAN_POINT('Origin',(2.89057647468726,0.802849701989452,0.));
#4548=CARTESIAN_POINT('',(19.8497431523745,10.5942291485839,0.));
#4549=CARTESIAN_POINT('',(2.89057647468726,0.802849701989452,0.));
#4550=CARTESIAN_POINT('',(19.8497431523745,10.5942291485839,7.));
#4551=CARTESIAN_POINT('',(19.8497431523745,10.5942291485839,3.5000000782311));
#4552=CARTESIAN_POINT('',(2.89057647468726,0.802849701989452,7.));
#4553=CARTESIAN_POINT('Origin',(-0.75,-2.90473750965556,0.));
#4554=CARTESIAN_POINT('',(-0.75,-22.4874964028445,0.));
#4555=CARTESIAN_POINT('',(-0.75,-2.90473750965556,0.));
#4556=CARTESIAN_POINT('',(-0.75,-22.4874964028445,7.));
#4557=CARTESIAN_POINT('',(-0.75,-22.4874964028445,3.5000000782311));
#4558=CARTESIAN_POINT('',(-0.75,-2.90473750965556,7.));
#4559=CARTESIAN_POINT('Origin',(1.11022302462516E-15,-1.05024044284719,
7.));
#4560=CARTESIAN_POINT('Origin',(-2.15105705902944E-15,-8.95557402831357E-31,
7.));
#4561=CARTESIAN_POINT('',(0.75,-22.4874964028445,7.));
#4562=CARTESIAN_POINT('Origin',(-2.15105705902944E-15,-8.95557402831357E-31,
7.));
#4563=CARTESIAN_POINT('',(0.75,-5.49999987706542,7.));
#4564=CARTESIAN_POINT('',(-19.8497431523745,10.5942291485839,7.));
#4565=CARTESIAN_POINT('Origin',(-2.15105705902944E-15,-8.95557402831357E-31,
7.));
#4566=CARTESIAN_POINT('',(-5.13813961434994,2.10048088569438,7.));
#4567=CARTESIAN_POINT('',(-19.0997431523745,11.8932672542606,7.));
#4568=CARTESIAN_POINT('',(-2.14057647468726,2.10188780766611,7.));
#4569=CARTESIAN_POINT('',(19.0997431523745,11.8932672542606,7.));
#4570=CARTESIAN_POINT('Origin',(-2.15105705902944E-15,-8.95557402831357E-31,
7.));
#4571=CARTESIAN_POINT('',(4.38813961434994,3.39951899137104,7.));
#4572=CARTESIAN_POINT('',(0.734748934705254,-22.4879998770654,7.));
#4573=CARTESIAN_POINT('',(-0.734748934705258,-22.4879998770654,7.));
#4574=CARTESIAN_POINT('',(-0.75,-22.4879998770654,7.));
#4575=CARTESIAN_POINT('Origin',(-2.15105705902944E-15,-8.95557402831357E-31,
7.));
#4576=CARTESIAN_POINT('',(19.2440837043244,11.6582690331327,7.));
#4577=CARTESIAN_POINT('',(19.7183989990086,10.8367308439327,7.));
#4578=CARTESIAN_POINT('',(19.8562413516665,10.5979808856944,7.));
#4579=CARTESIAN_POINT('Origin',(-2.15105705902944E-15,-8.95557402831357E-31,
7.));
#4580=CARTESIAN_POINT('Origin',(-2.14057647468726,2.10188780766611,0.));
#4581=CARTESIAN_POINT('',(-19.0997431523745,11.8932672542606,0.));
#4582=CARTESIAN_POINT('',(-2.14057647468726,2.10188780766611,0.));
#4583=CARTESIAN_POINT('',(-19.0997431523745,11.8932672542606,3.5000000782311));
#4584=CARTESIAN_POINT('Origin',(16.617009255151,-16.6170092551509,5.00000002607703));
#4585=CARTESIAN_POINT('',(16.6170092551509,-16.6170092551509,3.7499999795109));
#4586=CARTESIAN_POINT('',(17.3241160363375,-15.9099024739644,5.00000002607703));
#4587=CARTESIAN_POINT('',(16.617009255151,-16.6170092551509,5.00000002607703));
#4588=CARTESIAN_POINT('',(17.3241160363375,-15.9099024739644,2.99325304483006));
#4589=CARTESIAN_POINT('',(17.3241160363375,-15.9099024739644,7.));
#4590=CARTESIAN_POINT('',(16.617009255151,-16.6170092551509,2.99325304483006));
#4591=CARTESIAN_POINT('Origin',(20.3713517599157,-18.9571381975426,3.5000000782311));
#4592=CARTESIAN_POINT('',(21.3546247470527,-19.9404111846796,5.00000002607703));
#4593=CARTESIAN_POINT('',(21.3546247470527,-19.9404111846796,5.00000002607703));
#4594=CARTESIAN_POINT('',(21.3546247470527,-19.9404111846796,0.499999959021807));
#4595=CARTESIAN_POINT('',(21.3546247470527,-19.9404111846796,0.499999959021807));
#4596=CARTESIAN_POINT('',(18.7319391877849,-17.3177256254118,0.499999959021807));
#4597=CARTESIAN_POINT('',(18.1642292603066,-16.7500156979335,0.499999959021807));
#4598=CARTESIAN_POINT('',(18.7319391877849,-17.3177256254118,2.99325304483006));
#4599=CARTESIAN_POINT('',(18.7319391877849,-17.3177256254118,2.99325304483006));
#4600=CARTESIAN_POINT('',(18.7319391877849,-17.3177256254118,2.99325304483006));
#4601=CARTESIAN_POINT('',(19.9866891203233,-18.5724755579502,4.49884886306807));
#4602=CARTESIAN_POINT('Origin',(19.9866891203233,-18.5724755579502,2.74942441477023));
#4603=CARTESIAN_POINT('Ctrl Pts',(19.9866891203233,-18.5724755579502,4.49884886306807));
#4604=CARTESIAN_POINT('Ctrl Pts',(19.0514901565644,-17.6372765941912,4.49884886306807));
#4605=CARTESIAN_POINT('Ctrl Pts',(19.0514901565644,-17.6372765941912,2.74942441477023));
#4606=CARTESIAN_POINT('Ctrl Pts',(19.0514901565644,-17.6372765941912,0.999999966472388));
#4607=CARTESIAN_POINT('Ctrl Pts',(19.9866891203233,-18.5724755579502,0.999999966472388));
#4608=CARTESIAN_POINT('Ctrl Pts',(20.9218880840822,-19.5076745217091,0.999999966472388));
#4609=CARTESIAN_POINT('Ctrl Pts',(20.9218880840822,-19.5076745217091,2.74942441477023));
#4610=CARTESIAN_POINT('Ctrl Pts',(20.9218880840822,-19.5076745217091,4.49884886306807));
#4611=CARTESIAN_POINT('Ctrl Pts',(19.9866891203233,-18.5724755579502,4.49884886306807));
#4612=CARTESIAN_POINT('Ctrl Pts',(18.5724755579502,-19.9866891203233,4.49884886306807));
#4613=CARTESIAN_POINT('Ctrl Pts',(17.6372765941913,-19.0514901565643,4.49884886306807));
#4614=CARTESIAN_POINT('Ctrl Pts',(17.6372765941913,-19.0514901565643,2.74942441477023));
#4615=CARTESIAN_POINT('Ctrl Pts',(17.6372765941913,-19.0514901565643,0.999999966472388));
#4616=CARTESIAN_POINT('Ctrl Pts',(18.5724755579502,-19.9866891203233,0.999999966472388));
#4617=CARTESIAN_POINT('Ctrl Pts',(19.5076745217091,-20.9218880840822,0.999999966472388));
#4618=CARTESIAN_POINT('Ctrl Pts',(19.5076745217091,-20.9218880840822,2.74942441477023));
#4619=CARTESIAN_POINT('Ctrl Pts',(19.5076745217091,-20.9218880840822,4.49884886306807));
#4620=CARTESIAN_POINT('Ctrl Pts',(18.5724755579502,-19.9866891203233,4.49884886306807));
#4621=CARTESIAN_POINT('',(18.5724755579502,-19.9866891203233,4.49884886306807));
#4622=CARTESIAN_POINT('Origin',(18.5724755579502,-19.9866891203233,2.74942441477023));
#4623=CARTESIAN_POINT('',(19.2795823391367,-19.2795823391367,4.49884886306807));
#4624=CARTESIAN_POINT('Origin',(20.6475179658662,-20.6475179658662,5.00000002607703));
#4625=CARTESIAN_POINT('',(15.9099024739644,-17.3241160363375,5.00000002607703));
#4626=CARTESIAN_POINT('',(16.617009255151,-16.6170092551509,5.00000002607703));
#4627=CARTESIAN_POINT('',(19.9404111846796,-21.3546247470527,5.00000002607703));
#4628=CARTESIAN_POINT('',(19.9404111846796,-21.3546247470527,5.00000002607703));
#4629=CARTESIAN_POINT('',(20.6475179658662,-20.6475179658662,5.00000002607703));
#4630=CARTESIAN_POINT('Origin',(20.6475179658662,-20.6475179658662,0.499999959021807));
#4631=CARTESIAN_POINT('',(19.9404111846796,-21.3546247470527,0.499999959021807));
#4632=CARTESIAN_POINT('',(19.9404111846796,-21.3546247470527,0.499999959021807));
#4633=CARTESIAN_POINT('',(13.0225179761107,-28.2725179556216,0.499999959021807));
#4634=CARTESIAN_POINT('Origin',(18.0248324065984,-18.0248324065983,2.99325304483006));
#4635=CARTESIAN_POINT('',(17.3177256254118,-18.7319391877849,0.499999959021807));
#4636=CARTESIAN_POINT('',(10.3998324168429,-25.6498323963538,0.499999959021807));
#4637=CARTESIAN_POINT('',(17.3177256254118,-18.7319391877849,2.99325304483006));
#4638=CARTESIAN_POINT('',(17.3177256254118,-18.7319391877849,2.99325304483006));
#4639=CARTESIAN_POINT('',(18.0248324065984,-18.0248324065983,2.99325304483006));
#4640=CARTESIAN_POINT('Origin',(16.617009255151,-16.6170092551509,2.99325304483006));
#4641=CARTESIAN_POINT('',(15.9099024739644,-17.3241160363375,2.99325304483006));
#4642=CARTESIAN_POINT('',(17.3177256254118,-18.7319391877849,2.99325304483006));
#4643=CARTESIAN_POINT('',(16.617009255151,-16.6170092551509,2.99325304483006));
#4644=CARTESIAN_POINT('Origin',(16.617009255151,-16.6170092551509,5.00000002607703));
#4645=CARTESIAN_POINT('',(15.9099024739644,-17.3241160363375,7.));
#4646=CARTESIAN_POINT('Origin',(18.9571381975427,-20.3713517599157,3.5000000782311));
#4647=CARTESIAN_POINT('',(16.7500156979335,-18.1642292603066,0.499999959021807));
#4648=CARTESIAN_POINT('Origin',(8.99306060498097,-21.7111688797882,5.00000002607703));
#4649=CARTESIAN_POINT('',(8.99306060498096,-21.7111688797882,3.7499999795109));
#4650=CARTESIAN_POINT('',(9.91694013749226,-21.3284854474231,5.00000002607703));
#4651=CARTESIAN_POINT('',(8.99306060498097,-21.7111688797882,5.00000002607703));
#4652=CARTESIAN_POINT('',(9.91694013749226,-21.3284854474231,2.99325304483006));
#4653=CARTESIAN_POINT('',(9.91694013749226,-21.3284854474231,7.));
#4654=CARTESIAN_POINT('',(8.99306060498097,-21.7111688797882,2.99325304483006));
#4655=CARTESIAN_POINT('Origin',(11.566092227319,-25.3098907890987,3.5000000782311));
#4656=CARTESIAN_POINT('',(12.0982357333366,-26.5945988584553,5.00000002607703));
#4657=CARTESIAN_POINT('',(12.0982357333366,-26.5945988584553,5.00000002607703));
#4658=CARTESIAN_POINT('',(12.0982357333366,-26.5945988584553,0.499999959021807));
#4659=CARTESIAN_POINT('',(12.0982357333366,-26.5945988584553,0.499999959021807));
#4660=CARTESIAN_POINT('',(10.6788485367511,-23.1678950381998,0.499999959021807));
#4661=CARTESIAN_POINT('',(11.6366750792186,-25.4802928674257,0.499999959021807));
#4662=CARTESIAN_POINT('',(10.6788485367511,-23.1678950381998,2.99325304483006));
#4663=CARTESIAN_POINT('',(10.6788485367511,-23.1678950381998,2.99325304483006));
#4664=CARTESIAN_POINT('',(10.6788485367511,-23.1678950381998,2.99325304483006));
#4665=CARTESIAN_POINT('',(11.3579143068996,-24.8073048302356,4.49884886306807));
#4666=CARTESIAN_POINT('Origin',(11.3579143068996,-24.8073048302356,2.74942441477023));
#4667=CARTESIAN_POINT('Ctrl Pts',(11.3579143068996,-24.8073048302356,4.49884886306807));
#4668=CARTESIAN_POINT('Ctrl Pts',(10.8517882748525,-23.5854084993974,4.49884886306807));
#4669=CARTESIAN_POINT('Ctrl Pts',(10.8517882748525,-23.5854084993974,2.74942441477023));
#4670=CARTESIAN_POINT('Ctrl Pts',(10.8517882748525,-23.5854084993974,0.999999966472388));
#4671=CARTESIAN_POINT('Ctrl Pts',(11.3579143068996,-24.8073048302356,0.999999966472388));
#4672=CARTESIAN_POINT('Ctrl Pts',(11.8640403389467,-26.0292011610738,0.999999966472388));
#4673=CARTESIAN_POINT('Ctrl Pts',(11.8640403389467,-26.0292011610738,2.74942441477023));
#4674=CARTESIAN_POINT('Ctrl Pts',(11.8640403389467,-26.0292011610738,4.49884886306807));
#4675=CARTESIAN_POINT('Ctrl Pts',(11.3579143068996,-24.8073048302356,4.49884886306807));
#4676=CARTESIAN_POINT('Ctrl Pts',(9.51015524187703,-25.5726716949658,4.49884886306807));
#4677=CARTESIAN_POINT('Ctrl Pts',(9.00402920982994,-24.3507753641276,4.49884886306807));
#4678=CARTESIAN_POINT('Ctrl Pts',(9.00402920982994,-24.3507753641276,2.74942441477023));
#4679=CARTESIAN_POINT('Ctrl Pts',(9.00402920982994,-24.3507753641276,0.999999966472388));
#4680=CARTESIAN_POINT('Ctrl Pts',(9.51015524187703,-25.5726716949658,0.999999966472388));
#4681=CARTESIAN_POINT('Ctrl Pts',(10.0162812739241,-26.794568025804,0.999999966472388));
#4682=CARTESIAN_POINT('Ctrl Pts',(10.0162812739241,-26.794568025804,2.74942441477023));
#4683=CARTESIAN_POINT('Ctrl Pts',(10.0162812739241,-26.794568025804,4.49884886306807));
#4684=CARTESIAN_POINT('Ctrl Pts',(9.51015524187703,-25.5726716949658,4.49884886306807));
#4685=CARTESIAN_POINT('',(9.51015524187703,-25.5726716949658,4.49884886306807));
#4686=CARTESIAN_POINT('Origin',(9.51015524187703,-25.5726716949658,2.74942441477023));
#4687=CARTESIAN_POINT('',(10.4340347743883,-25.1899882626007,4.49884886306807));
#4688=CARTESIAN_POINT('Origin',(11.1743562008253,-26.9772822908204,5.00000002607703));
#4689=CARTESIAN_POINT('',(8.06918107246969,-22.0938523121533,5.00000002607703));
#4690=CARTESIAN_POINT('',(8.99306060498097,-21.7111688797882,5.00000002607703));
#4691=CARTESIAN_POINT('',(10.2504766683141,-27.3599657231854,5.00000002607703));
#4692=CARTESIAN_POINT('',(10.2504766683141,-27.3599657231854,5.00000002607703));
#4693=CARTESIAN_POINT('',(11.1743562008253,-26.9772822908204,5.00000002607703));
#4694=CARTESIAN_POINT('Origin',(11.1743562008253,-26.9772822908204,0.499999959021807));
#4695=CARTESIAN_POINT('',(10.2504766683141,-27.3599657231854,0.499999959021807));
#4696=CARTESIAN_POINT('',(10.2504766683141,-27.3599657231854,0.499999959021807));
#4697=CARTESIAN_POINT('',(5.7826670015219,-29.2105930812724,0.499999959021807));
#4698=CARTESIAN_POINT('Origin',(9.75496900423984,-23.5505784705649,2.99325304483006));
#4699=CARTESIAN_POINT('',(8.83108947172855,-23.93326190293,0.499999959021807));
#4700=CARTESIAN_POINT('',(4.36327980493639,-25.7838892610169,0.499999959021807));
#4701=CARTESIAN_POINT('',(8.83108947172855,-23.93326190293,2.99325304483006));
#4702=CARTESIAN_POINT('',(8.83108947172855,-23.93326190293,2.99325304483006));
#4703=CARTESIAN_POINT('',(9.75496900423984,-23.5505784705649,2.99325304483006));
#4704=CARTESIAN_POINT('Origin',(8.99306060498097,-21.7111688797882,2.99325304483006));
#4705=CARTESIAN_POINT('',(8.06918107246969,-22.0938523121533,2.99325304483006));
#4706=CARTESIAN_POINT('',(8.83108947172855,-23.93326190293,2.99325304483006));
#4707=CARTESIAN_POINT('',(8.99306060498097,-21.7111688797882,2.99325304483006));
#4708=CARTESIAN_POINT('Origin',(8.99306060498097,-21.7111688797882,5.00000002607703));
#4709=CARTESIAN_POINT('',(8.06918107246969,-22.0938523121533,7.));
#4710=CARTESIAN_POINT('Origin',(9.71833316229641,-26.0752576538289,3.5000000782311));
#4711=CARTESIAN_POINT('',(9.78891601419601,-26.2456597321559,0.499999959021807));
#4712=CARTESIAN_POINT('Origin',(21.7111688797882,-8.99306060498095,5.00000002607703));
#4713=CARTESIAN_POINT('',(21.7111688797882,-8.99306060498096,5.00000002607703));
#4714=CARTESIAN_POINT('',(21.7111688797882,-8.99306060498096,2.99325304483006));
#4715=CARTESIAN_POINT('',(21.7111688797882,-8.99306060498096,3.7499999795109));
#4716=CARTESIAN_POINT('',(22.0938523121533,-8.06918107246966,5.00000002607703));
#4717=CARTESIAN_POINT('',(21.7111688797882,-8.99306060498095,5.00000002607703));
#4718=CARTESIAN_POINT('',(22.0938523121533,-8.06918107246966,2.99325304483006));
#4719=CARTESIAN_POINT('',(22.0938523121533,-8.06918107246966,7.));
#4720=CARTESIAN_POINT('',(21.7111688797882,-8.99306060498095,2.99325304483006));
#4721=CARTESIAN_POINT('Origin',(26.0752576538289,-9.71833316229639,3.5000000782311));
#4722=CARTESIAN_POINT('',(27.3599657231855,-10.250476668314,5.00000002607703));
#4723=CARTESIAN_POINT('',(27.3599657231855,-10.250476668314,5.00000002607703));
#4724=CARTESIAN_POINT('',(27.3599657231855,-10.250476668314,0.499999959021807));
#4725=CARTESIAN_POINT('',(27.3599657231855,-10.250476668314,0.499999959021807));
#4726=CARTESIAN_POINT('',(23.93326190293,-8.83108947172853,0.499999959021807));
#4727=CARTESIAN_POINT('',(18.6206597424004,-6.63053760534457,0.499999959021807));
#4728=CARTESIAN_POINT('',(23.93326190293,-8.83108947172853,2.99325304483006));
#4729=CARTESIAN_POINT('',(23.93326190293,-8.83108947172853,2.99325304483006));
#4730=CARTESIAN_POINT('',(23.93326190293,-8.83108947172853,2.99325304483006));
#4731=CARTESIAN_POINT('',(25.5726716949658,-9.51015524187701,4.49884886306807));
#4732=CARTESIAN_POINT('Origin',(25.5726716949658,-9.51015524187701,2.74942441477023));
#4733=CARTESIAN_POINT('Ctrl Pts',(25.5726716949658,-9.510155241877,4.49884886306807));
#4734=CARTESIAN_POINT('Ctrl Pts',(24.3507753641276,-9.00402920982991,4.49884886306807));
#4735=CARTESIAN_POINT('Ctrl Pts',(24.3507753641276,-9.00402920982991,2.74942441477023));
#4736=CARTESIAN_POINT('Ctrl Pts',(24.3507753641276,-9.00402920982991,0.999999966472389));
#4737=CARTESIAN_POINT('Ctrl Pts',(25.5726716949658,-9.510155241877,0.999999966472388));
#4738=CARTESIAN_POINT('Ctrl Pts',(26.794568025804,-10.0162812739241,0.999999966472389));
#4739=CARTESIAN_POINT('Ctrl Pts',(26.794568025804,-10.0162812739241,2.74942441477023));
#4740=CARTESIAN_POINT('Ctrl Pts',(26.794568025804,-10.0162812739241,4.49884886306807));
#4741=CARTESIAN_POINT('Ctrl Pts',(25.5726716949658,-9.510155241877,4.49884886306807));
#4742=CARTESIAN_POINT('Ctrl Pts',(24.8073048302356,-11.3579143068996,4.49884886306807));
#4743=CARTESIAN_POINT('Ctrl Pts',(23.5854084993975,-10.8517882748525,4.49884886306807));
#4744=CARTESIAN_POINT('Ctrl Pts',(23.5854084993975,-10.8517882748525,2.74942441477023));
#4745=CARTESIAN_POINT('Ctrl Pts',(23.5854084993975,-10.8517882748525,0.999999966472389));
#4746=CARTESIAN_POINT('Ctrl Pts',(24.8073048302356,-11.3579143068996,0.999999966472388));
#4747=CARTESIAN_POINT('Ctrl Pts',(26.0292011610738,-11.8640403389467,0.999999966472389));
#4748=CARTESIAN_POINT('Ctrl Pts',(26.0292011610738,-11.8640403389467,2.74942441477023));
#4749=CARTESIAN_POINT('Ctrl Pts',(26.0292011610738,-11.8640403389467,4.49884886306807));
#4750=CARTESIAN_POINT('Ctrl Pts',(24.8073048302356,-11.3579143068996,4.49884886306807));
#4751=CARTESIAN_POINT('',(24.8073048302356,-11.3579143068996,4.49884886306807));
#4752=CARTESIAN_POINT('Origin',(24.8073048302356,-11.3579143068996,2.74942441477023));
#4753=CARTESIAN_POINT('',(25.1899882626007,-10.4340347743883,4.49884886306807));
#4754=CARTESIAN_POINT('Origin',(26.9772822908204,-11.1743562008253,5.00000002607703));
#4755=CARTESIAN_POINT('',(21.3284854474231,-9.91694013749224,5.00000002607703));
#4756=CARTESIAN_POINT('',(21.7111688797882,-8.99306060498095,5.00000002607703));
#4757=CARTESIAN_POINT('',(26.5945988584553,-12.0982357333366,5.00000002607703));
#4758=CARTESIAN_POINT('',(26.5945988584553,-12.0982357333366,5.00000002607703));
#4759=CARTESIAN_POINT('',(26.9772822908204,-11.1743562008253,5.00000002607703));
#4760=CARTESIAN_POINT('Origin',(26.9772822908204,-11.1743562008253,0.499999959021807));
#4761=CARTESIAN_POINT('',(26.5945988584553,-12.0982357333366,0.499999959021807));
#4762=CARTESIAN_POINT('',(26.5945988584553,-12.0982357333366,0.499999959021807));
#4763=CARTESIAN_POINT('',(21.5855930915169,-24.1910453898842,0.499999959021807));
#4764=CARTESIAN_POINT('Origin',(23.5505784705649,-9.75496900423982,2.99325304483006));
#4765=CARTESIAN_POINT('',(23.1678950381998,-10.6788485367511,0.499999959021807));
#4766=CARTESIAN_POINT('',(18.1588892712615,-22.7716581932987,0.499999959021807));
#4767=CARTESIAN_POINT('',(23.1678950381998,-10.6788485367511,2.99325304483006));
#4768=CARTESIAN_POINT('',(23.1678950381998,-10.6788485367511,2.99325304483006));
#4769=CARTESIAN_POINT('',(23.5505784705649,-9.75496900423982,2.99325304483006));
#4770=CARTESIAN_POINT('Origin',(21.7111688797882,-8.99306060498095,2.99325304483006));
#4771=CARTESIAN_POINT('',(21.3284854474231,-9.91694013749224,2.99325304483006));
#4772=CARTESIAN_POINT('',(23.1678950381998,-10.6788485367511,2.99325304483006));
#4773=CARTESIAN_POINT('',(21.7111688797882,-8.99306060498095,2.99325304483006));
#4774=CARTESIAN_POINT('Origin',(21.7111688797882,-8.99306060498095,5.00000002607703));
#4775=CARTESIAN_POINT('',(21.3284854474231,-9.91694013749224,7.));
#4776=CARTESIAN_POINT('Origin',(25.3098907890987,-11.566092227319,3.5000000782311));
#4777=CARTESIAN_POINT('',(17.8552928776703,-8.47829667036714,0.499999959021807));
#4778=CARTESIAN_POINT('Origin',(-21.7111688797882,8.99306060498094,5.00000002607703));
#4779=CARTESIAN_POINT('',(-21.7111688797882,8.99306060498095,3.7499999795109));
#4780=CARTESIAN_POINT('',(-22.0938523121533,8.06918107246966,5.00000002607703));
#4781=CARTESIAN_POINT('',(-21.7111688797882,8.99306060498094,5.00000002607703));
#4782=CARTESIAN_POINT('',(-22.0938523121533,8.06918107246966,2.99325304483006));
#4783=CARTESIAN_POINT('',(-22.0938523121533,8.06918107246966,7.));
#4784=CARTESIAN_POINT('',(-21.7111688797882,8.99306060498094,2.99325304483006));
#4785=CARTESIAN_POINT('Origin',(-26.0752576538289,9.71833316229638,3.5000000782311));
#4786=CARTESIAN_POINT('',(-27.3599657231855,10.250476668314,5.00000002607703));
#4787=CARTESIAN_POINT('',(-27.3599657231855,10.250476668314,5.00000002607703));
#4788=CARTESIAN_POINT('',(-27.3599657231855,10.250476668314,0.499999959021807));
#4789=CARTESIAN_POINT('',(-27.3599657231855,10.250476668314,0.499999959021807));
#4790=CARTESIAN_POINT('',(-23.93326190293,8.83108947172852,0.499999959021807));
#4791=CARTESIAN_POINT('',(-7.83728134379356,2.16391602444053,0.499999959021807));
#4792=CARTESIAN_POINT('',(-23.93326190293,8.83108947172852,2.99325304483006));
#4793=CARTESIAN_POINT('',(-23.93326190293,8.83108947172852,2.99325304483006));
#4794=CARTESIAN_POINT('',(-23.93326190293,8.83108947172852,2.99325304483006));
#4795=CARTESIAN_POINT('',(-25.5726716949658,9.510155241877,4.49884886306807));
#4796=CARTESIAN_POINT('Origin',(-25.5726716949658,9.510155241877,2.74942441477023));
#4797=CARTESIAN_POINT('Ctrl Pts',(-25.5726716949658,9.510155241877,4.49884886306807));
#4798=CARTESIAN_POINT('Ctrl Pts',(-24.3507753641276,9.0040292098299,4.49884886306807));
#4799=CARTESIAN_POINT('Ctrl Pts',(-24.3507753641276,9.0040292098299,2.74942441477023));
#4800=CARTESIAN_POINT('Ctrl Pts',(-24.3507753641276,9.0040292098299,0.999999966472389));
#4801=CARTESIAN_POINT('Ctrl Pts',(-25.5726716949658,9.51015524187699,0.999999966472388));
#4802=CARTESIAN_POINT('Ctrl Pts',(-26.794568025804,10.0162812739241,0.999999966472388));
#4803=CARTESIAN_POINT('Ctrl Pts',(-26.794568025804,10.0162812739241,2.74942441477023));
#4804=CARTESIAN_POINT('Ctrl Pts',(-26.794568025804,10.0162812739241,4.49884886306807));
#4805=CARTESIAN_POINT('Ctrl Pts',(-25.5726716949658,9.510155241877,4.49884886306807));
#4806=CARTESIAN_POINT('Ctrl Pts',(-24.8073048302356,11.3579143068996,4.49884886306807));
#4807=CARTESIAN_POINT('Ctrl Pts',(-23.5854084993975,10.8517882748525,4.49884886306807));
#4808=CARTESIAN_POINT('Ctrl Pts',(-23.5854084993975,10.8517882748525,2.74942441477023));
#4809=CARTESIAN_POINT('Ctrl Pts',(-23.5854084993975,10.8517882748525,0.999999966472388));
#4810=CARTESIAN_POINT('Ctrl Pts',(-24.8073048302356,11.3579143068996,0.999999966472388));
#4811=CARTESIAN_POINT('Ctrl Pts',(-26.0292011610738,11.8640403389467,0.999999966472388));
#4812=CARTESIAN_POINT('Ctrl Pts',(-26.0292011610738,11.8640403389467,2.74942441477023));
#4813=CARTESIAN_POINT('Ctrl Pts',(-26.0292011610738,11.8640403389467,4.49884886306807));
#4814=CARTESIAN_POINT('Ctrl Pts',(-24.8073048302356,11.3579143068996,4.49884886306807));
#4815=CARTESIAN_POINT('',(-24.8073048302356,11.3579143068996,4.49884886306807));
#4816=CARTESIAN_POINT('Origin',(-24.8073048302356,11.3579143068996,2.74942441477023));
#4817=CARTESIAN_POINT('',(-25.1899882626007,10.4340347743883,4.49884886306807));
#4818=CARTESIAN_POINT('Origin',(-26.9772822908204,11.1743562008253,5.00000002607703));
#4819=CARTESIAN_POINT('',(-21.3284854474231,9.91694013749223,5.00000002607703));
#4820=CARTESIAN_POINT('',(-21.7111688797882,8.99306060498094,5.00000002607703));
#4821=CARTESIAN_POINT('',(-26.5945988584553,12.0982357333366,5.00000002607703));
#4822=CARTESIAN_POINT('',(-26.5945988584553,12.0982357333366,5.00000002607703));
#4823=CARTESIAN_POINT('',(-26.9772822908204,11.1743562008253,5.00000002607703));
#4824=CARTESIAN_POINT('Origin',(-26.9772822908204,11.1743562008253,0.499999959021807));
#4825=CARTESIAN_POINT('',(-26.5945988584553,12.0982357333366,0.499999959021807));
#4826=CARTESIAN_POINT('',(-26.5945988584553,12.0982357333366,0.499999959021807));
#4827=CARTESIAN_POINT('',(-32.3689714901238,-1.84233298823359,0.499999959021807));
#4828=CARTESIAN_POINT('Origin',(-23.5505784705649,9.75496900423981,2.99325304483006));
#4829=CARTESIAN_POINT('',(-23.1678950381998,10.6788485367511,0.499999959021807));
#4830=CARTESIAN_POINT('',(-28.9422676698684,-3.26172018481908,0.499999959021807));
#4831=CARTESIAN_POINT('',(-23.1678950381998,10.6788485367511,2.99325304483006));
#4832=CARTESIAN_POINT('',(-23.1678950381998,10.6788485367511,2.99325304483006));
#4833=CARTESIAN_POINT('',(-23.5505784705649,9.75496900423981,2.99325304483006));
#4834=CARTESIAN_POINT('Origin',(-21.7111688797882,8.99306060498094,2.99325304483006));
#4835=CARTESIAN_POINT('',(-21.3284854474231,9.91694013749223,2.99325304483006));
#4836=CARTESIAN_POINT('',(-23.1678950381998,10.6788485367511,2.99325304483006));
#4837=CARTESIAN_POINT('',(-21.7111688797882,8.99306060498094,2.99325304483006));
#4838=CARTESIAN_POINT('Origin',(-21.7111688797882,8.99306060498094,5.00000002607703));
#4839=CARTESIAN_POINT('',(-21.3284854474231,9.91694013749223,7.));
#4840=CARTESIAN_POINT('Origin',(-25.3098907890987,11.566092227319,3.5000000782311));
#4841=CARTESIAN_POINT('',(-7.07191447906338,4.0116750894631,0.499999959021807));
#4842=CARTESIAN_POINT('Origin',(-21.7111688797882,-8.99306060498096,5.00000002607703));
#4843=CARTESIAN_POINT('',(-21.7111688797882,-8.99306060498095,3.7499999795109));
#4844=CARTESIAN_POINT('',(-21.3284854474231,-9.91694013749225,5.00000002607703));
#4845=CARTESIAN_POINT('',(-21.7111688797882,-8.99306060498096,5.00000002607703));
#4846=CARTESIAN_POINT('',(-21.3284854474231,-9.91694013749225,2.99325304483006));
#4847=CARTESIAN_POINT('',(-21.3284854474231,-9.91694013749225,7.));
#4848=CARTESIAN_POINT('',(-21.7111688797882,-8.99306060498096,2.99325304483006));
#4849=CARTESIAN_POINT('Origin',(-25.3098907890987,-11.566092227319,3.5000000782311));
#4850=CARTESIAN_POINT('',(-26.5945988584553,-12.0982357333366,5.00000002607703));
#4851=CARTESIAN_POINT('',(-26.5945988584553,-12.0982357333366,5.00000002607703));
#4852=CARTESIAN_POINT('',(-26.5945988584553,-12.0982357333366,0.499999959021807));
#4853=CARTESIAN_POINT('',(-26.5945988584553,-12.0982357333366,0.499999959021807));
#4854=CARTESIAN_POINT('',(-23.1678950381998,-10.6788485367511,0.499999959021807));
#4855=CARTESIAN_POINT('',(-17.8552928776703,-8.47829667036715,0.499999959021807));
#4856=CARTESIAN_POINT('',(-23.1678950381998,-10.6788485367511,2.99325304483006));
#4857=CARTESIAN_POINT('',(-23.1678950381998,-10.6788485367511,2.99325304483006));
#4858=CARTESIAN_POINT('',(-23.1678950381998,-10.6788485367511,2.99325304483006));
#4859=CARTESIAN_POINT('',(-24.8073048302356,-11.3579143068996,4.49884886306807));
#4860=CARTESIAN_POINT('Origin',(-24.8073048302356,-11.3579143068996,2.74942441477023));
#4861=CARTESIAN_POINT('Ctrl Pts',(-24.8073048302356,-11.3579143068996,4.49884886306807));
#4862=CARTESIAN_POINT('Ctrl Pts',(-23.5854084993974,-10.8517882748525,4.49884886306807));
#4863=CARTESIAN_POINT('Ctrl Pts',(-23.5854084993974,-10.8517882748525,2.74942441477023));
#4864=CARTESIAN_POINT('Ctrl Pts',(-23.5854084993974,-10.8517882748525,0.999999966472388));
#4865=CARTESIAN_POINT('Ctrl Pts',(-24.8073048302356,-11.3579143068996,0.999999966472388));
#4866=CARTESIAN_POINT('Ctrl Pts',(-26.0292011610738,-11.8640403389467,0.999999966472388));
#4867=CARTESIAN_POINT('Ctrl Pts',(-26.0292011610738,-11.8640403389467,2.74942441477023));
#4868=CARTESIAN_POINT('Ctrl Pts',(-26.0292011610738,-11.8640403389467,4.49884886306807));
#4869=CARTESIAN_POINT('Ctrl Pts',(-24.8073048302356,-11.3579143068996,4.49884886306807));
#4870=CARTESIAN_POINT('Ctrl Pts',(-25.5726716949658,-9.51015524187702,4.49884886306807));
#4871=CARTESIAN_POINT('Ctrl Pts',(-24.3507753641276,-9.00402920982992,4.49884886306807));
#4872=CARTESIAN_POINT('Ctrl Pts',(-24.3507753641276,-9.00402920982992,2.74942441477023));
#4873=CARTESIAN_POINT('Ctrl Pts',(-24.3507753641276,-9.00402920982992,0.999999966472388));
#4874=CARTESIAN_POINT('Ctrl Pts',(-25.5726716949658,-9.51015524187702,0.999999966472388));
#4875=CARTESIAN_POINT('Ctrl Pts',(-26.794568025804,-10.0162812739241,0.999999966472388));
#4876=CARTESIAN_POINT('Ctrl Pts',(-26.794568025804,-10.0162812739241,2.74942441477023));
#4877=CARTESIAN_POINT('Ctrl Pts',(-26.794568025804,-10.0162812739241,4.49884886306807));
#4878=CARTESIAN_POINT('Ctrl Pts',(-25.5726716949658,-9.51015524187702,4.49884886306807));
#4879=CARTESIAN_POINT('',(-25.5726716949658,-9.51015524187702,4.49884886306807));
#4880=CARTESIAN_POINT('Origin',(-25.5726716949658,-9.51015524187702,2.74942441477023));
#4881=CARTESIAN_POINT('',(-25.1899882626007,-10.4340347743883,4.49884886306807));
#4882=CARTESIAN_POINT('Origin',(-26.9772822908204,-11.1743562008253,5.00000002607703));
#4883=CARTESIAN_POINT('',(-22.0938523121533,-8.06918107246967,5.00000002607703));
#4884=CARTESIAN_POINT('',(-21.7111688797882,-8.99306060498096,5.00000002607703));
#4885=CARTESIAN_POINT('',(-27.3599657231855,-10.250476668314,5.00000002607703));
#4886=CARTESIAN_POINT('',(-27.3599657231855,-10.250476668314,5.00000002607703));
#4887=CARTESIAN_POINT('',(-26.9772822908204,-11.1743562008253,5.00000002607703));
#4888=CARTESIAN_POINT('Origin',(-26.9772822908204,-11.1743562008253,0.499999959021807));
#4889=CARTESIAN_POINT('',(-27.3599657231855,-10.250476668314,0.499999959021807));
#4890=CARTESIAN_POINT('',(-27.3599657231855,-10.250476668314,0.499999959021807));
#4891=CARTESIAN_POINT('',(-21.5855930915169,-24.1910453898842,0.499999959021807));
#4892=CARTESIAN_POINT('Origin',(-23.5505784705649,-9.75496900423983,2.99325304483006));
#4893=CARTESIAN_POINT('',(-23.93326190293,-8.83108947172854,0.499999959021807));
#4894=CARTESIAN_POINT('',(-18.1588892712615,-22.7716581932987,0.499999959021807));
#4895=CARTESIAN_POINT('',(-23.93326190293,-8.83108947172854,2.99325304483006));
#4896=CARTESIAN_POINT('',(-23.93326190293,-8.83108947172854,2.99325304483006));
#4897=CARTESIAN_POINT('',(-23.5505784705649,-9.75496900423983,2.99325304483006));
#4898=CARTESIAN_POINT('Origin',(-21.7111688797882,-8.99306060498096,2.99325304483006));
#4899=CARTESIAN_POINT('',(-22.0938523121533,-8.06918107246967,2.99325304483006));
#4900=CARTESIAN_POINT('',(-23.93326190293,-8.83108947172854,2.99325304483006));
#4901=CARTESIAN_POINT('',(-21.7111688797882,-8.99306060498096,2.99325304483006));
#4902=CARTESIAN_POINT('Origin',(-21.7111688797882,-8.99306060498096,5.00000002607703));
#4903=CARTESIAN_POINT('',(-22.0938523121533,-8.06918107246967,7.));
#4904=CARTESIAN_POINT('Origin',(-26.0752576538289,-9.7183331622964,3.5000000782311));
#4905=CARTESIAN_POINT('',(-18.6206597424004,-6.63053760534457,0.499999959021807));
#4906=CARTESIAN_POINT('Origin',(-8.99306060498094,-21.7111688797882,5.00000002607703));
#4907=CARTESIAN_POINT('',(-8.99306060498095,-21.7111688797882,3.7499999795109));
#4908=CARTESIAN_POINT('',(-8.06918107246966,-22.0938523121533,5.00000002607703));
#4909=CARTESIAN_POINT('',(-8.99306060498094,-21.7111688797882,5.00000002607703));
#4910=CARTESIAN_POINT('',(-8.06918107246966,-22.0938523121533,2.99325304483006));
#4911=CARTESIAN_POINT('',(-8.06918107246966,-22.0938523121533,7.));
#4912=CARTESIAN_POINT('',(-8.99306060498094,-21.7111688797882,2.99325304483006));
#4913=CARTESIAN_POINT('Origin',(-9.71833316229638,-26.0752576538289,3.5000000782311));
#4914=CARTESIAN_POINT('',(-10.250476668314,-27.3599657231855,5.00000002607703));
#4915=CARTESIAN_POINT('',(-10.250476668314,-27.3599657231855,5.00000002607703));
#4916=CARTESIAN_POINT('',(-10.250476668314,-27.3599657231855,0.499999959021807));
#4917=CARTESIAN_POINT('',(-10.250476668314,-27.3599657231855,0.499999959021807));
#4918=CARTESIAN_POINT('',(-8.83108947172852,-23.93326190293,0.499999959021807));
#4919=CARTESIAN_POINT('',(-9.78891601419598,-26.2456597321559,0.499999959021807));
#4920=CARTESIAN_POINT('',(-8.83108947172852,-23.93326190293,2.99325304483006));
#4921=CARTESIAN_POINT('',(-8.83108947172852,-23.93326190293,2.99325304483006));
#4922=CARTESIAN_POINT('',(-8.83108947172852,-23.93326190293,2.99325304483006));
#4923=CARTESIAN_POINT('',(-9.510155241877,-25.5726716949658,4.49884886306807));
#4924=CARTESIAN_POINT('Origin',(-9.510155241877,-25.5726716949658,2.74942441477023));
#4925=CARTESIAN_POINT('Ctrl Pts',(-9.510155241877,-25.5726716949658,4.49884886306807));
#4926=CARTESIAN_POINT('Ctrl Pts',(-9.0040292098299,-24.3507753641276,4.49884886306807));
#4927=CARTESIAN_POINT('Ctrl Pts',(-9.0040292098299,-24.3507753641276,2.74942441477023));
#4928=CARTESIAN_POINT('Ctrl Pts',(-9.0040292098299,-24.3507753641276,0.999999966472389));
#4929=CARTESIAN_POINT('Ctrl Pts',(-9.510155241877,-25.5726716949658,0.999999966472388));
#4930=CARTESIAN_POINT('Ctrl Pts',(-10.0162812739241,-26.794568025804,0.999999966472388));
#4931=CARTESIAN_POINT('Ctrl Pts',(-10.0162812739241,-26.794568025804,2.74942441477023));
#4932=CARTESIAN_POINT('Ctrl Pts',(-10.0162812739241,-26.794568025804,4.49884886306807));
#4933=CARTESIAN_POINT('Ctrl Pts',(-9.510155241877,-25.5726716949658,4.49884886306807));
#4934=CARTESIAN_POINT('Ctrl Pts',(-11.3579143068996,-24.8073048302356,4.49884886306807));
#4935=CARTESIAN_POINT('Ctrl Pts',(-10.8517882748525,-23.5854084993975,4.49884886306807));
#4936=CARTESIAN_POINT('Ctrl Pts',(-10.8517882748525,-23.5854084993975,2.74942441477023));
#4937=CARTESIAN_POINT('Ctrl Pts',(-10.8517882748525,-23.5854084993975,0.999999966472388));
#4938=CARTESIAN_POINT('Ctrl Pts',(-11.3579143068996,-24.8073048302356,0.999999966472388));
#4939=CARTESIAN_POINT('Ctrl Pts',(-11.8640403389467,-26.0292011610738,0.999999966472388));
#4940=CARTESIAN_POINT('Ctrl Pts',(-11.8640403389467,-26.0292011610738,2.74942441477023));
#4941=CARTESIAN_POINT('Ctrl Pts',(-11.8640403389467,-26.0292011610738,4.49884886306807));
#4942=CARTESIAN_POINT('Ctrl Pts',(-11.3579143068996,-24.8073048302356,4.49884886306807));
#4943=CARTESIAN_POINT('',(-11.3579143068996,-24.8073048302356,4.49884886306807));
#4944=CARTESIAN_POINT('Origin',(-11.3579143068996,-24.8073048302356,2.74942441477023));
#4945=CARTESIAN_POINT('',(-10.4340347743883,-25.1899882626007,4.49884886306807));
#4946=CARTESIAN_POINT('Origin',(-11.1743562008253,-26.9772822908204,5.00000002607703));
#4947=CARTESIAN_POINT('',(-9.91694013749223,-21.3284854474231,5.00000002607703));
#4948=CARTESIAN_POINT('',(-8.99306060498094,-21.7111688797882,5.00000002607703));
#4949=CARTESIAN_POINT('',(-12.0982357333366,-26.5945988584553,5.00000002607703));
#4950=CARTESIAN_POINT('',(-12.0982357333366,-26.5945988584553,5.00000002607703));
#4951=CARTESIAN_POINT('',(-11.1743562008253,-26.9772822908204,5.00000002607703));
#4952=CARTESIAN_POINT('Origin',(-11.1743562008253,-26.9772822908204,0.499999959021807));
#4953=CARTESIAN_POINT('',(-12.0982357333366,-26.5945988584553,0.499999959021807));
#4954=CARTESIAN_POINT('',(-12.0982357333366,-26.5945988584553,0.499999959021807));
#4955=CARTESIAN_POINT('',(-5.78266700152187,-29.2105930812724,0.499999959021807));
#4956=CARTESIAN_POINT('Origin',(-9.75496900423981,-23.5505784705649,2.99325304483006));
#4957=CARTESIAN_POINT('',(-10.6788485367511,-23.1678950381998,0.499999959021807));
#4958=CARTESIAN_POINT('',(-4.36327980493637,-25.783889261017,0.499999959021807));
#4959=CARTESIAN_POINT('',(-10.6788485367511,-23.1678950381998,2.99325304483006));
#4960=CARTESIAN_POINT('',(-10.6788485367511,-23.1678950381998,2.99325304483006));
#4961=CARTESIAN_POINT('',(-9.75496900423981,-23.5505784705649,2.99325304483006));
#4962=CARTESIAN_POINT('Origin',(-8.99306060498094,-21.7111688797882,2.99325304483006));
#4963=CARTESIAN_POINT('',(-9.91694013749223,-21.3284854474231,2.99325304483006));
#4964=CARTESIAN_POINT('',(-10.6788485367511,-23.1678950381998,2.99325304483006));
#4965=CARTESIAN_POINT('',(-8.99306060498094,-21.7111688797882,2.99325304483006));
#4966=CARTESIAN_POINT('Origin',(-8.99306060498094,-21.7111688797882,5.00000002607703));
#4967=CARTESIAN_POINT('',(-9.91694013749223,-21.3284854474231,7.));
#4968=CARTESIAN_POINT('Origin',(-11.566092227319,-25.3098907890987,3.5000000782311));
#4969=CARTESIAN_POINT('',(-11.6366750792186,-25.4802928674257,0.499999959021807));
#4970=CARTESIAN_POINT('Origin',(-23.4999998547137,-9.07174326509409E-15,
5.00000002607703));
#4971=CARTESIAN_POINT('',(-23.4999998547137,-1.43895998010192E-15,3.7499999795109));
#4972=CARTESIAN_POINT('',(-23.4999998547137,-1.00000000000001,5.00000002607703));
#4973=CARTESIAN_POINT('',(-23.4999998547137,-9.07174326509409E-15,5.00000002607703));
#4974=CARTESIAN_POINT('',(-23.4999998547137,-1.00000000000001,2.99325304483006));
#4975=CARTESIAN_POINT('',(-23.4999998547137,-1.00000000000001,7.));
#4976=CARTESIAN_POINT('',(-23.4999998547137,-9.07174326509409E-15,2.99325304483006));
#4977=CARTESIAN_POINT('Origin',(-27.8094419427459,-1.00000000000001,3.5000000782311));
#4978=CARTESIAN_POINT('',(-29.1999999366701,-1.00000000000001,5.00000002607703));
#4979=CARTESIAN_POINT('',(-29.1999999366701,-1.00000000000001,5.00000002607703));
#4980=CARTESIAN_POINT('',(-29.1999999366701,-1.00000000000001,0.499999959021807));
#4981=CARTESIAN_POINT('',(-29.1999999366701,-1.00000000000001,0.499999959021807));
#4982=CARTESIAN_POINT('',(-25.4909624489135,-1.00000000000001,0.499999959021807));
#4983=CARTESIAN_POINT('',(-13.9047209713729,-1.,0.499999959021807));
#4984=CARTESIAN_POINT('',(-25.4909624489135,-1.00000000000001,2.99325304483006));
#4985=CARTESIAN_POINT('',(-25.4909624489135,-1.00000000000001,2.99325304483006));
#4986=CARTESIAN_POINT('',(-25.4909624489135,-1.00000000000001,2.99325304483006));
#4987=CARTESIAN_POINT('',(-27.265446820896,-1.00000000000001,4.49884886306807));
#4988=CARTESIAN_POINT('Origin',(-27.265446820896,-1.00000000000001,2.74942441477023));
#4989=CARTESIAN_POINT('Ctrl Pts',(-27.265446820896,-1.00000000000001,4.49884886306807));
#4990=CARTESIAN_POINT('Ctrl Pts',(-25.9428757628308,-1.00000000000001,4.49884886306807));
#4991=CARTESIAN_POINT('Ctrl Pts',(-25.9428757628308,-1.00000000000001,2.74942441477023));
#4992=CARTESIAN_POINT('Ctrl Pts',(-25.9428757628308,-1.00000000000001,0.999999966472388));
#4993=CARTESIAN_POINT('Ctrl Pts',(-27.265446820896,-1.00000000000001,0.999999966472388));
#4994=CARTESIAN_POINT('Ctrl Pts',(-28.5880178789611,-1.00000000000001,0.999999966472388));
#4995=CARTESIAN_POINT('Ctrl Pts',(-28.5880178789611,-1.00000000000001,2.74942441477023));
#4996=CARTESIAN_POINT('Ctrl Pts',(-28.5880178789611,-1.00000000000001,4.49884886306807));
#4997=CARTESIAN_POINT('Ctrl Pts',(-27.265446820896,-1.00000000000001,4.49884886306807));
#4998=CARTESIAN_POINT('Ctrl Pts',(-27.265446820896,0.99999999999999,4.49884886306807));
#4999=CARTESIAN_POINT('Ctrl Pts',(-25.9428757628308,0.99999999999999,4.49884886306807));
#5000=CARTESIAN_POINT('Ctrl Pts',(-25.9428757628308,0.99999999999999,2.74942441477023));
#5001=CARTESIAN_POINT('Ctrl Pts',(-25.9428757628308,0.99999999999999,0.999999966472388));
#5002=CARTESIAN_POINT('Ctrl Pts',(-27.265446820896,0.99999999999999,0.999999966472388));
#5003=CARTESIAN_POINT('Ctrl Pts',(-28.5880178789611,0.99999999999999,0.999999966472388));
#5004=CARTESIAN_POINT('Ctrl Pts',(-28.5880178789611,0.99999999999999,2.74942441477023));
#5005=CARTESIAN_POINT('Ctrl Pts',(-28.5880178789611,0.99999999999999,4.49884886306807));
#5006=CARTESIAN_POINT('Ctrl Pts',(-27.265446820896,0.99999999999999,4.49884886306807));
#5007=CARTESIAN_POINT('',(-27.265446820896,0.999999999999989,4.49884886306807));
#5008=CARTESIAN_POINT('Origin',(-27.265446820896,0.999999999999989,2.74942441477023));
#5009=CARTESIAN_POINT('',(-27.265446820896,-1.08699926137665E-14,4.49884886306807));
#5010=CARTESIAN_POINT('Origin',(-29.1999999366701,-1.17938693571269E-14,
5.00000002607703));
#5011=CARTESIAN_POINT('',(-23.4999998547137,0.999999999999991,5.00000002607703));
#5012=CARTESIAN_POINT('',(-23.4999998547137,-9.07174326509409E-15,5.00000002607703));
#5013=CARTESIAN_POINT('',(-29.1999999366701,0.999999999999988,5.00000002607703));
#5014=CARTESIAN_POINT('',(-29.1999999366701,0.999999999999988,5.00000002607703));
#5015=CARTESIAN_POINT('',(-29.1999999366701,-1.17938693571269E-14,5.00000002607703));
#5016=CARTESIAN_POINT('Origin',(-29.1999999366701,-1.17938693571269E-14,
0.499999959021807));
#5017=CARTESIAN_POINT('',(-29.1999999366701,0.999999999999988,0.499999959021807));
#5018=CARTESIAN_POINT('',(-29.1999999366701,0.999999999999988,0.499999959021807));
#5019=CARTESIAN_POINT('',(-29.1999999366701,-15.2499999795109,0.499999959021807));
#5020=CARTESIAN_POINT('Origin',(-25.4909624489135,-1.00225592559725E-14,
2.99325304483006));
#5021=CARTESIAN_POINT('',(-25.4909624489135,0.99999999999999,0.499999959021807));
#5022=CARTESIAN_POINT('',(-25.4909624489135,-15.2499999795109,0.499999959021807));
#5023=CARTESIAN_POINT('',(-25.4909624489135,0.99999999999999,2.99325304483006));
#5024=CARTESIAN_POINT('',(-25.4909624489135,0.99999999999999,2.99325304483006));
#5025=CARTESIAN_POINT('',(-25.4909624489135,-1.00225592559725E-14,2.99325304483006));
#5026=CARTESIAN_POINT('Origin',(-23.4999998547137,-9.07174326509409E-15,
2.99325304483006));
#5027=CARTESIAN_POINT('',(-23.4999998547137,0.999999999999991,2.99325304483006));
#5028=CARTESIAN_POINT('',(-25.4909624489135,0.99999999999999,2.99325304483006));
#5029=CARTESIAN_POINT('',(-23.4999998547137,-9.07174326509409E-15,2.99325304483006));
#5030=CARTESIAN_POINT('Origin',(-23.4999998547137,-9.07174326509409E-15,
5.00000002607703));
#5031=CARTESIAN_POINT('',(-23.4999998547137,0.999999999999991,7.));
#5032=CARTESIAN_POINT('Origin',(-27.8094419427459,0.999999999999989,3.5000000782311));
#5033=CARTESIAN_POINT('',(-13.9047209713729,0.999999999999994,0.499999959021807));
#5034=CARTESIAN_POINT('Origin',(-16.6170092551509,-16.6170092551509,5.00000002607703));
#5035=CARTESIAN_POINT('',(-16.6170092551509,-16.6170092551509,3.7499999795109));
#5036=CARTESIAN_POINT('',(-15.9099024739644,-17.3241160363375,5.00000002607703));
#5037=CARTESIAN_POINT('',(-16.6170092551509,-16.6170092551509,5.00000002607703));
#5038=CARTESIAN_POINT('',(-15.9099024739644,-17.3241160363375,2.99325304483006));
#5039=CARTESIAN_POINT('',(-15.9099024739644,-17.3241160363375,7.));
#5040=CARTESIAN_POINT('',(-16.6170092551509,-16.6170092551509,2.99325304483006));
#5041=CARTESIAN_POINT('Origin',(-18.9571381975426,-20.3713517599157,3.5000000782311));
#5042=CARTESIAN_POINT('',(-19.9404111846796,-21.3546247470527,5.00000002607703));
#5043=CARTESIAN_POINT('',(-19.9404111846796,-21.3546247470527,5.00000002607703));
#5044=CARTESIAN_POINT('',(-19.9404111846796,-21.3546247470527,0.499999959021807));
#5045=CARTESIAN_POINT('',(-19.9404111846796,-21.3546247470527,0.499999959021807));
#5046=CARTESIAN_POINT('',(-17.3177256254118,-18.7319391877849,0.499999959021807));
#5047=CARTESIAN_POINT('',(-16.7500156979335,-18.1642292603066,0.499999959021807));
#5048=CARTESIAN_POINT('',(-17.3177256254118,-18.7319391877849,2.99325304483006));
#5049=CARTESIAN_POINT('',(-17.3177256254118,-18.7319391877849,2.99325304483006));
#5050=CARTESIAN_POINT('',(-17.3177256254118,-18.7319391877849,2.99325304483006));
#5051=CARTESIAN_POINT('',(-18.5724755579502,-19.9866891203233,4.49884886306807));
#5052=CARTESIAN_POINT('Origin',(-18.5724755579502,-19.9866891203233,2.74942441477023));
#5053=CARTESIAN_POINT('Ctrl Pts',(-18.5724755579502,-19.9866891203233,4.49884886306807));
#5054=CARTESIAN_POINT('Ctrl Pts',(-17.6372765941913,-19.0514901565644,4.49884886306807));
#5055=CARTESIAN_POINT('Ctrl Pts',(-17.6372765941913,-19.0514901565644,2.74942441477023));
#5056=CARTESIAN_POINT('Ctrl Pts',(-17.6372765941913,-19.0514901565644,0.999999966472389));
#5057=CARTESIAN_POINT('Ctrl Pts',(-18.5724755579502,-19.9866891203233,0.999999966472388));
#5058=CARTESIAN_POINT('Ctrl Pts',(-19.5076745217091,-20.9218880840822,0.999999966472389));
#5059=CARTESIAN_POINT('Ctrl Pts',(-19.5076745217091,-20.9218880840822,2.74942441477023));
#5060=CARTESIAN_POINT('Ctrl Pts',(-19.5076745217091,-20.9218880840822,4.49884886306807));
#5061=CARTESIAN_POINT('Ctrl Pts',(-18.5724755579502,-19.9866891203233,4.49884886306807));
#5062=CARTESIAN_POINT('Ctrl Pts',(-19.9866891203233,-18.5724755579502,4.49884886306807));
#5063=CARTESIAN_POINT('Ctrl Pts',(-19.0514901565643,-17.6372765941913,4.49884886306807));
#5064=CARTESIAN_POINT('Ctrl Pts',(-19.0514901565643,-17.6372765941913,2.74942441477023));
#5065=CARTESIAN_POINT('Ctrl Pts',(-19.0514901565643,-17.6372765941913,0.999999966472389));
#5066=CARTESIAN_POINT('Ctrl Pts',(-19.9866891203233,-18.5724755579502,0.999999966472388));
#5067=CARTESIAN_POINT('Ctrl Pts',(-20.9218880840822,-19.5076745217091,0.999999966472389));
#5068=CARTESIAN_POINT('Ctrl Pts',(-20.9218880840822,-19.5076745217091,2.74942441477023));
#5069=CARTESIAN_POINT('Ctrl Pts',(-20.9218880840822,-19.5076745217091,4.49884886306807));
#5070=CARTESIAN_POINT('Ctrl Pts',(-19.9866891203233,-18.5724755579502,4.49884886306807));
#5071=CARTESIAN_POINT('',(-19.9866891203233,-18.5724755579502,4.49884886306807));
#5072=CARTESIAN_POINT('Origin',(-19.9866891203233,-18.5724755579502,2.74942441477023));
#5073=CARTESIAN_POINT('',(-19.2795823391367,-19.2795823391367,4.49884886306807));
#5074=CARTESIAN_POINT('Origin',(-20.6475179658662,-20.6475179658662,5.00000002607703));
#5075=CARTESIAN_POINT('',(-17.3241160363375,-15.9099024739644,5.00000002607703));
#5076=CARTESIAN_POINT('',(-16.6170092551509,-16.6170092551509,5.00000002607703));
#5077=CARTESIAN_POINT('',(-21.3546247470527,-19.9404111846796,5.00000002607703));
#5078=CARTESIAN_POINT('',(-21.3546247470527,-19.9404111846796,5.00000002607703));
#5079=CARTESIAN_POINT('',(-20.6475179658662,-20.6475179658662,5.00000002607703));
#5080=CARTESIAN_POINT('Origin',(-20.6475179658662,-20.6475179658662,0.499999959021807));
#5081=CARTESIAN_POINT('',(-21.3546247470527,-19.9404111846796,0.499999959021807));
#5082=CARTESIAN_POINT('',(-21.3546247470527,-19.9404111846796,0.499999959021807));
#5083=CARTESIAN_POINT('',(-13.0225179761107,-28.2725179556216,0.499999959021807));
#5084=CARTESIAN_POINT('Origin',(-18.0248324065983,-18.0248324065984,2.99325304483006));
#5085=CARTESIAN_POINT('',(-18.7319391877849,-17.3177256254118,0.499999959021807));
#5086=CARTESIAN_POINT('',(-10.3998324168429,-25.6498323963538,0.499999959021807));
#5087=CARTESIAN_POINT('',(-18.7319391877849,-17.3177256254118,2.99325304483006));
#5088=CARTESIAN_POINT('',(-18.7319391877849,-17.3177256254118,2.99325304483006));
#5089=CARTESIAN_POINT('',(-18.0248324065983,-18.0248324065984,2.99325304483006));
#5090=CARTESIAN_POINT('Origin',(-16.6170092551509,-16.6170092551509,2.99325304483006));
#5091=CARTESIAN_POINT('',(-17.3241160363375,-15.9099024739644,2.99325304483006));
#5092=CARTESIAN_POINT('',(-18.7319391877849,-17.3177256254118,2.99325304483006));
#5093=CARTESIAN_POINT('',(-16.6170092551509,-16.6170092551509,2.99325304483006));
#5094=CARTESIAN_POINT('Origin',(-16.6170092551509,-16.6170092551509,5.00000002607703));
#5095=CARTESIAN_POINT('',(-17.3241160363375,-15.9099024739644,7.));
#5096=CARTESIAN_POINT('Origin',(-20.3713517599157,-18.9571381975427,3.5000000782311));
#5097=CARTESIAN_POINT('',(-18.1642292603066,-16.7500156979335,0.499999959021807));
#5098=CARTESIAN_POINT('Origin',(-16.6170092551509,16.6170092551509,5.00000002607703));
#5099=CARTESIAN_POINT('',(-16.6170092551509,16.6170092551509,3.7499999795109));
#5100=CARTESIAN_POINT('',(-17.3241160363375,15.9099024739644,5.00000002607703));
#5101=CARTESIAN_POINT('',(-16.6170092551509,16.6170092551509,5.00000002607703));
#5102=CARTESIAN_POINT('',(-17.3241160363375,15.9099024739644,2.99325304483006));
#5103=CARTESIAN_POINT('',(-17.3241160363375,15.9099024739644,7.));
#5104=CARTESIAN_POINT('',(-16.6170092551509,16.6170092551509,2.99325304483006));
#5105=CARTESIAN_POINT('Origin',(-20.3713517599157,18.9571381975426,3.5000000782311));
#5106=CARTESIAN_POINT('',(-21.3546247470527,19.9404111846796,5.00000002607703));
#5107=CARTESIAN_POINT('',(-21.3546247470527,19.9404111846796,5.00000002607703));
#5108=CARTESIAN_POINT('',(-21.3546247470527,19.9404111846796,0.499999959021807));
#5109=CARTESIAN_POINT('',(-21.3546247470527,19.9404111846796,0.499999959021807));
#5110=CARTESIAN_POINT('',(-18.7319391877849,17.3177256254118,0.499999959021807));
#5111=CARTESIAN_POINT('',(-2.91422928079569,1.50001571842259,0.499999959021807));
#5112=CARTESIAN_POINT('',(-18.7319391877849,17.3177256254118,2.99325304483006));
#5113=CARTESIAN_POINT('',(-18.7319391877849,17.3177256254118,2.99325304483006));
#5114=CARTESIAN_POINT('',(-18.7319391877849,17.3177256254118,2.99325304483006));
#5115=CARTESIAN_POINT('',(-19.9866891203233,18.5724755579502,4.49884886306807));
#5116=CARTESIAN_POINT('Origin',(-19.9866891203233,18.5724755579502,2.74942441477023));
#5117=CARTESIAN_POINT('Ctrl Pts',(-19.9866891203233,18.5724755579502,4.49884886306807));
#5118=CARTESIAN_POINT('Ctrl Pts',(-19.0514901565644,17.6372765941912,4.49884886306807));
#5119=CARTESIAN_POINT('Ctrl Pts',(-19.0514901565644,17.6372765941912,2.74942441477023));
#5120=CARTESIAN_POINT('Ctrl Pts',(-19.0514901565644,17.6372765941912,0.999999966472388));
#5121=CARTESIAN_POINT('Ctrl Pts',(-19.9866891203233,18.5724755579502,0.999999966472388));
#5122=CARTESIAN_POINT('Ctrl Pts',(-20.9218880840822,19.5076745217091,0.999999966472388));
#5123=CARTESIAN_POINT('Ctrl Pts',(-20.9218880840822,19.5076745217091,2.74942441477023));
#5124=CARTESIAN_POINT('Ctrl Pts',(-20.9218880840822,19.5076745217091,4.49884886306807));
#5125=CARTESIAN_POINT('Ctrl Pts',(-19.9866891203233,18.5724755579502,4.49884886306807));
#5126=CARTESIAN_POINT('Ctrl Pts',(-18.5724755579502,19.9866891203233,4.49884886306807));
#5127=CARTESIAN_POINT('Ctrl Pts',(-17.6372765941913,19.0514901565643,4.49884886306807));
#5128=CARTESIAN_POINT('Ctrl Pts',(-17.6372765941913,19.0514901565643,2.74942441477023));
#5129=CARTESIAN_POINT('Ctrl Pts',(-17.6372765941913,19.0514901565643,0.999999966472388));
#5130=CARTESIAN_POINT('Ctrl Pts',(-18.5724755579502,19.9866891203233,0.999999966472388));
#5131=CARTESIAN_POINT('Ctrl Pts',(-19.5076745217091,20.9218880840822,0.999999966472388));
#5132=CARTESIAN_POINT('Ctrl Pts',(-19.5076745217091,20.9218880840822,2.74942441477023));
#5133=CARTESIAN_POINT('Ctrl Pts',(-19.5076745217091,20.9218880840822,4.49884886306807));
#5134=CARTESIAN_POINT('Ctrl Pts',(-18.5724755579502,19.9866891203233,4.49884886306807));
#5135=CARTESIAN_POINT('',(-18.5724755579502,19.9866891203233,4.49884886306807));
#5136=CARTESIAN_POINT('Origin',(-18.5724755579502,19.9866891203233,2.74942441477023));
#5137=CARTESIAN_POINT('',(-19.2795823391367,19.2795823391367,4.49884886306807));
#5138=CARTESIAN_POINT('Origin',(-20.6475179658662,20.6475179658662,5.00000002607703));
#5139=CARTESIAN_POINT('',(-15.9099024739644,17.3241160363375,5.00000002607703));
#5140=CARTESIAN_POINT('',(-16.6170092551509,16.6170092551509,5.00000002607703));
#5141=CARTESIAN_POINT('',(-19.9404111846796,21.3546247470527,5.00000002607703));
#5142=CARTESIAN_POINT('',(-19.9404111846796,21.3546247470527,5.00000002607703));
#5143=CARTESIAN_POINT('',(-20.6475179658662,20.6475179658662,5.00000002607703));
#5144=CARTESIAN_POINT('Origin',(-20.6475179658662,20.6475179658662,0.499999959021807));
#5145=CARTESIAN_POINT('',(-19.9404111846796,21.3546247470527,0.499999959021807));
#5146=CARTESIAN_POINT('',(-19.9404111846796,21.3546247470527,0.499999959021807));
#5147=CARTESIAN_POINT('',(-28.2725179556216,13.0225179761107,0.499999959021807));
#5148=CARTESIAN_POINT('Origin',(-18.0248324065984,18.0248324065983,2.99325304483006));
#5149=CARTESIAN_POINT('',(-17.3177256254118,18.7319391877849,0.499999959021807));
#5150=CARTESIAN_POINT('',(-25.6498323963538,10.3998324168429,0.499999959021807));
#5151=CARTESIAN_POINT('',(-17.3177256254118,18.7319391877849,2.99325304483006));
#5152=CARTESIAN_POINT('',(-17.3177256254118,18.7319391877849,2.99325304483006));
#5153=CARTESIAN_POINT('',(-18.0248324065984,18.0248324065983,2.99325304483006));
#5154=CARTESIAN_POINT('Origin',(-16.6170092551509,16.6170092551509,2.99325304483006));
#5155=CARTESIAN_POINT('',(-15.9099024739644,17.3241160363375,2.99325304483006));
#5156=CARTESIAN_POINT('',(-17.3177256254118,18.7319391877849,2.99325304483006));
#5157=CARTESIAN_POINT('',(-16.6170092551509,16.6170092551509,2.99325304483006));
#5158=CARTESIAN_POINT('Origin',(-16.6170092551509,16.6170092551509,5.00000002607703));
#5159=CARTESIAN_POINT('',(-15.9099024739644,17.3241160363375,7.));
#5160=CARTESIAN_POINT('Origin',(-18.9571381975427,20.3713517599157,3.5000000782311));
#5161=CARTESIAN_POINT('',(-1.50001571842259,2.91422928079569,0.499999959021807));
#5162=CARTESIAN_POINT('Origin',(-1.0510703245196E-14,23.4999998547137,5.00000002607703));
#5163=CARTESIAN_POINT('',(-5.02897701923328E-15,23.4999998547137,3.7499999795109));
#5164=CARTESIAN_POINT('',(-1.00000000000001,23.4999998547137,5.00000002607703));
#5165=CARTESIAN_POINT('',(-1.0510703245196E-14,23.4999998547137,5.00000002607703));
#5166=CARTESIAN_POINT('',(-1.00000000000001,23.4999998547137,2.99325304483006));
#5167=CARTESIAN_POINT('',(-1.00000000000001,23.4999998547137,7.));
#5168=CARTESIAN_POINT('',(-1.0510703245196E-14,23.4999998547137,2.99325304483006));
#5169=CARTESIAN_POINT('Origin',(-1.00000000000001,27.8094419427459,3.5000000782311));
#5170=CARTESIAN_POINT('',(-1.00000000000001,29.1999999366701,5.00000002607703));
#5171=CARTESIAN_POINT('',(-1.00000000000001,29.1999999366701,5.00000002607703));
#5172=CARTESIAN_POINT('',(-1.00000000000001,29.1999999366701,0.499999959021807));
#5173=CARTESIAN_POINT('',(-1.00000000000001,29.1999999366701,0.499999959021807));
#5174=CARTESIAN_POINT('',(-1.00000000000001,25.4909624489135,0.499999959021807));
#5175=CARTESIAN_POINT('',(-0.999999999999997,-1.34527900813799,0.499999959021807));
#5176=CARTESIAN_POINT('',(-1.00000000000001,25.4909624489135,2.99325304483006));
#5177=CARTESIAN_POINT('',(-1.00000000000001,25.4909624489135,2.99325304483006));
#5178=CARTESIAN_POINT('',(-1.00000000000001,25.4909624489135,2.99325304483006));
#5179=CARTESIAN_POINT('',(-1.00000000000001,27.265446820896,4.49884886306807));
#5180=CARTESIAN_POINT('Origin',(-1.00000000000001,27.265446820896,2.74942441477023));
#5181=CARTESIAN_POINT('Ctrl Pts',(-1.00000000000001,27.265446820896,4.49884886306807));
#5182=CARTESIAN_POINT('Ctrl Pts',(-1.00000000000001,25.9428757628308,4.49884886306807));
#5183=CARTESIAN_POINT('Ctrl Pts',(-1.00000000000001,25.9428757628308,2.74942441477023));
#5184=CARTESIAN_POINT('Ctrl Pts',(-1.00000000000001,25.9428757628308,0.999999966472388));
#5185=CARTESIAN_POINT('Ctrl Pts',(-1.00000000000001,27.265446820896,0.999999966472388));
#5186=CARTESIAN_POINT('Ctrl Pts',(-1.00000000000001,28.5880178789611,0.999999966472388));
#5187=CARTESIAN_POINT('Ctrl Pts',(-1.00000000000001,28.5880178789611,2.74942441477023));
#5188=CARTESIAN_POINT('Ctrl Pts',(-1.00000000000001,28.5880178789611,4.49884886306807));
#5189=CARTESIAN_POINT('Ctrl Pts',(-1.00000000000001,27.265446820896,4.49884886306807));
#5190=CARTESIAN_POINT('Ctrl Pts',(0.999999999999988,27.265446820896,4.49884886306807));
#5191=CARTESIAN_POINT('Ctrl Pts',(0.999999999999988,25.9428757628308,4.49884886306807));
#5192=CARTESIAN_POINT('Ctrl Pts',(0.999999999999988,25.9428757628308,2.74942441477023));
#5193=CARTESIAN_POINT('Ctrl Pts',(0.999999999999988,25.9428757628308,0.999999966472388));
#5194=CARTESIAN_POINT('Ctrl Pts',(0.999999999999988,27.265446820896,0.999999966472388));
#5195=CARTESIAN_POINT('Ctrl Pts',(0.999999999999988,28.5880178789611,0.999999966472388));
#5196=CARTESIAN_POINT('Ctrl Pts',(0.999999999999988,28.5880178789611,2.74942441477023));
#5197=CARTESIAN_POINT('Ctrl Pts',(0.999999999999988,28.5880178789611,4.49884886306807));
#5198=CARTESIAN_POINT('Ctrl Pts',(0.999999999999988,27.265446820896,4.49884886306807));
#5199=CARTESIAN_POINT('',(0.999999999999988,27.265446820896,4.49884886306807));
#5200=CARTESIAN_POINT('Origin',(0.999999999999988,27.265446820896,2.74942441477023));
#5201=CARTESIAN_POINT('',(-1.25395197225931E-14,27.265446820896,4.49884886306807));
#5202=CARTESIAN_POINT('Origin',(-1.35818536800042E-14,29.1999999366701,
5.00000002607703));
#5203=CARTESIAN_POINT('',(0.99999999999999,23.4999998547137,5.00000002607703));
#5204=CARTESIAN_POINT('',(-1.0510703245196E-14,23.4999998547137,5.00000002607703));
#5205=CARTESIAN_POINT('',(0.999999999999986,29.1999999366701,5.00000002607703));
#5206=CARTESIAN_POINT('',(0.999999999999986,29.1999999366701,5.00000002607703));
#5207=CARTESIAN_POINT('',(-1.35818536800042E-14,29.1999999366701,5.00000002607703));
#5208=CARTESIAN_POINT('Origin',(-1.35818536800042E-14,29.1999999366701,
0.499999959021807));
#5209=CARTESIAN_POINT('',(0.999999999999986,29.1999999366701,0.499999959021807));
#5210=CARTESIAN_POINT('',(0.999999999999986,29.1999999366701,0.499999959021807));
#5211=CARTESIAN_POINT('',(-5.17293814503985E-15,29.1999999366701,0.499999959021807));
#5212=CARTESIAN_POINT('Origin',(-1.15834305344849E-14,25.4909624489135,
2.99325304483006));
#5213=CARTESIAN_POINT('',(0.999999999999989,25.4909624489135,0.499999959021807));
#5214=CARTESIAN_POINT('',(-3.94661352791524E-15,25.4909624489135,0.499999959021807));
#5215=CARTESIAN_POINT('',(0.999999999999989,25.4909624489135,2.99325304483006));
#5216=CARTESIAN_POINT('',(0.999999999999989,25.4909624489135,2.99325304483006));
#5217=CARTESIAN_POINT('',(-1.15834305344849E-14,25.4909624489135,2.99325304483006));
#5218=CARTESIAN_POINT('Origin',(-1.0510703245196E-14,23.4999998547137,2.99325304483006));
#5219=CARTESIAN_POINT('',(0.99999999999999,23.4999998547137,2.99325304483006));
#5220=CARTESIAN_POINT('',(0.999999999999989,25.4909624489135,2.99325304483006));
#5221=CARTESIAN_POINT('',(-1.0510703245196E-14,23.4999998547137,2.99325304483006));
#5222=CARTESIAN_POINT('Origin',(-1.0510703245196E-14,23.4999998547137,5.00000002607703));
#5223=CARTESIAN_POINT('',(0.99999999999999,23.4999998547137,7.));
#5224=CARTESIAN_POINT('Origin',(0.999999999999987,27.8094419427459,3.5000000782311));
#5225=CARTESIAN_POINT('',(1.,-1.34527900813799,0.499999959021807));
#5226=CARTESIAN_POINT('Origin',(23.4999998547137,1.19496632252979E-14,5.00000002607703));
#5227=CARTESIAN_POINT('',(23.4999998547137,4.31687994030576E-15,5.00000002607703));
#5228=CARTESIAN_POINT('',(23.4999998547137,4.31687994030576E-15,2.99325304483006));
#5229=CARTESIAN_POINT('',(23.4999998547137,4.31687994030576E-15,3.7499999795109));
#5230=CARTESIAN_POINT('',(23.4999998547137,1.00000000000001,5.00000002607703));
#5231=CARTESIAN_POINT('',(23.4999998547137,1.19496632252979E-14,5.00000002607703));
#5232=CARTESIAN_POINT('',(23.4999998547137,1.00000000000001,2.99325304483006));
#5233=CARTESIAN_POINT('',(23.4999998547137,1.00000000000001,7.));
#5234=CARTESIAN_POINT('',(23.4999998547137,1.19496632252979E-14,2.99325304483006));
#5235=CARTESIAN_POINT('Origin',(27.8094419427459,1.00000000000001,3.5000000782311));
#5236=CARTESIAN_POINT('',(29.1999999366701,1.00000000000002,5.00000002607703));
#5237=CARTESIAN_POINT('',(29.1999999366701,1.00000000000002,5.00000002607703));
#5238=CARTESIAN_POINT('',(29.1999999366701,1.00000000000002,0.499999959021807));
#5239=CARTESIAN_POINT('',(29.1999999366701,1.00000000000002,0.499999959021807));
#5240=CARTESIAN_POINT('',(25.4909624489135,1.00000000000001,0.499999959021807));
#5241=CARTESIAN_POINT('',(13.9047209713729,1.00000000000001,0.499999959021807));
#5242=CARTESIAN_POINT('',(25.4909624489135,1.00000000000001,2.99325304483006));
#5243=CARTESIAN_POINT('',(25.4909624489135,1.00000000000001,2.99325304483006));
#5244=CARTESIAN_POINT('',(25.4909624489135,1.00000000000001,2.99325304483006));
#5245=CARTESIAN_POINT('',(27.265446820896,1.00000000000001,4.49884886306807));
#5246=CARTESIAN_POINT('Origin',(27.265446820896,1.00000000000001,2.74942441477023));
#5247=CARTESIAN_POINT('Ctrl Pts',(27.265446820896,1.00000000000001,4.49884886306807));
#5248=CARTESIAN_POINT('Ctrl Pts',(25.9428757628308,1.00000000000001,4.49884886306807));
#5249=CARTESIAN_POINT('Ctrl Pts',(25.9428757628308,1.00000000000001,2.74942441477023));
#5250=CARTESIAN_POINT('Ctrl Pts',(25.9428757628308,1.00000000000001,0.999999966472388));
#5251=CARTESIAN_POINT('Ctrl Pts',(27.265446820896,1.00000000000001,0.999999966472388));
#5252=CARTESIAN_POINT('Ctrl Pts',(28.5880178789611,1.00000000000001,0.999999966472388));
#5253=CARTESIAN_POINT('Ctrl Pts',(28.5880178789611,1.00000000000001,2.74942441477023));
#5254=CARTESIAN_POINT('Ctrl Pts',(28.5880178789611,1.00000000000001,4.49884886306807));
#5255=CARTESIAN_POINT('Ctrl Pts',(27.265446820896,1.00000000000001,4.49884886306807));
#5256=CARTESIAN_POINT('Ctrl Pts',(27.265446820896,-0.999999999999987,4.49884886306807));
#5257=CARTESIAN_POINT('Ctrl Pts',(25.9428757628308,-0.999999999999987,4.49884886306807));
#5258=CARTESIAN_POINT('Ctrl Pts',(25.9428757628308,-0.999999999999987,2.74942441477023));
#5259=CARTESIAN_POINT('Ctrl Pts',(25.9428757628308,-0.999999999999987,0.999999966472388));
#5260=CARTESIAN_POINT('Ctrl Pts',(27.265446820896,-0.999999999999987,0.999999966472388));
#5261=CARTESIAN_POINT('Ctrl Pts',(28.5880178789611,-0.999999999999986,0.999999966472388));
#5262=CARTESIAN_POINT('Ctrl Pts',(28.5880178789611,-0.999999999999986,2.74942441477023));
#5263=CARTESIAN_POINT('Ctrl Pts',(28.5880178789611,-0.999999999999986,4.49884886306807));
#5264=CARTESIAN_POINT('Ctrl Pts',(27.265446820896,-0.999999999999987,4.49884886306807));
#5265=CARTESIAN_POINT('',(27.265446820896,-0.999999999999986,4.49884886306807));
#5266=CARTESIAN_POINT('Origin',(27.265446820896,-0.999999999999986,2.74942441477023));
#5267=CARTESIAN_POINT('',(27.265446820896,1.42090468314198E-14,4.49884886306807));
#5268=CARTESIAN_POINT('Origin',(29.1999999366701,1.53698380028815E-14,5.00000002607703));
#5269=CARTESIAN_POINT('',(23.4999998547137,-0.999999999999988,5.00000002607703));
#5270=CARTESIAN_POINT('',(23.4999998547137,1.19496632252979E-14,5.00000002607703));
#5271=CARTESIAN_POINT('',(29.1999999366701,-0.999999999999985,5.00000002607703));
#5272=CARTESIAN_POINT('',(29.1999999366701,-0.999999999999985,5.00000002607703));
#5273=CARTESIAN_POINT('',(29.1999999366701,1.53698380028815E-14,5.00000002607703));
#5274=CARTESIAN_POINT('Origin',(29.1999999366701,1.53698380028815E-14,0.499999959021807));
#5275=CARTESIAN_POINT('',(29.1999999366701,-0.999999999999985,0.499999959021807));
#5276=CARTESIAN_POINT('',(29.1999999366701,-0.999999999999985,0.499999959021807));
#5277=CARTESIAN_POINT('',(29.1999999366701,-15.2499999795109,0.499999959021807));
#5278=CARTESIAN_POINT('Origin',(25.4909624489135,1.31443018129973E-14,2.99325304483006));
#5279=CARTESIAN_POINT('',(25.4909624489135,-0.999999999999987,0.499999959021807));
#5280=CARTESIAN_POINT('',(25.4909624489135,-15.2499999795109,0.499999959021807));
#5281=CARTESIAN_POINT('',(25.4909624489135,-0.999999999999987,2.99325304483006));
#5282=CARTESIAN_POINT('',(25.4909624489135,-0.999999999999987,2.99325304483006));
#5283=CARTESIAN_POINT('',(25.4909624489135,1.31443018129973E-14,2.99325304483006));
#5284=CARTESIAN_POINT('Origin',(23.4999998547137,1.19496632252979E-14,2.99325304483006));
#5285=CARTESIAN_POINT('',(23.4999998547137,-0.999999999999988,2.99325304483006));
#5286=CARTESIAN_POINT('',(25.4909624489135,-0.999999999999987,2.99325304483006));
#5287=CARTESIAN_POINT('',(23.4999998547137,1.19496632252979E-14,2.99325304483006));
#5288=CARTESIAN_POINT('Origin',(23.4999998547137,1.19496632252979E-14,5.00000002607703));
#5289=CARTESIAN_POINT('',(23.4999998547137,-0.999999999999988,7.));
#5290=CARTESIAN_POINT('Origin',(27.8094419427459,-0.999999999999985,3.5000000782311));
#5291=CARTESIAN_POINT('',(13.9047209713729,-0.999999999999996,0.499999959021807));
#5292=CARTESIAN_POINT('Origin',(16.6170092551509,16.617009255151,5.00000002607703));
#5293=CARTESIAN_POINT('',(16.6170092551509,16.6170092551509,5.00000002607703));
#5294=CARTESIAN_POINT('',(16.6170092551509,16.6170092551509,2.99325304483006));
#5295=CARTESIAN_POINT('',(16.6170092551509,16.6170092551509,3.7499999795109));
#5296=CARTESIAN_POINT('',(15.9099024739644,17.3241160363375,5.00000002607703));
#5297=CARTESIAN_POINT('',(16.6170092551509,16.617009255151,5.00000002607703));
#5298=CARTESIAN_POINT('',(15.9099024739644,17.3241160363375,2.99325304483006));
#5299=CARTESIAN_POINT('',(15.9099024739644,17.3241160363375,7.));
#5300=CARTESIAN_POINT('',(16.6170092551509,16.617009255151,2.99325304483006));
#5301=CARTESIAN_POINT('Origin',(18.9571381975426,20.3713517599157,3.5000000782311));
#5302=CARTESIAN_POINT('',(19.9404111846796,21.3546247470527,5.00000002607703));
#5303=CARTESIAN_POINT('',(19.9404111846796,21.3546247470527,5.00000002607703));
#5304=CARTESIAN_POINT('',(19.9404111846796,21.3546247470527,0.499999959021807));
#5305=CARTESIAN_POINT('',(19.9404111846796,21.3546247470527,0.499999959021807));
#5306=CARTESIAN_POINT('',(17.3177256254118,18.7319391877849,0.499999959021807));
#5307=CARTESIAN_POINT('',(1.50001571842259,2.91422928079568,0.499999959021807));
#5308=CARTESIAN_POINT('',(17.3177256254118,18.7319391877849,2.99325304483006));
#5309=CARTESIAN_POINT('',(17.3177256254118,18.7319391877849,2.99325304483006));
#5310=CARTESIAN_POINT('',(17.3177256254118,18.7319391877849,2.99325304483006));
#5311=CARTESIAN_POINT('',(18.5724755579502,19.9866891203233,4.49884886306807));
#5312=CARTESIAN_POINT('Origin',(18.5724755579502,19.9866891203233,2.74942441477023));
#5313=CARTESIAN_POINT('Ctrl Pts',(18.5724755579502,19.9866891203233,4.49884886306807));
#5314=CARTESIAN_POINT('Ctrl Pts',(17.6372765941913,19.0514901565644,4.49884886306807));
#5315=CARTESIAN_POINT('Ctrl Pts',(17.6372765941912,19.0514901565644,2.74942441477023));
#5316=CARTESIAN_POINT('Ctrl Pts',(17.6372765941913,19.0514901565644,0.999999966472388));
#5317=CARTESIAN_POINT('Ctrl Pts',(18.5724755579502,19.9866891203233,0.999999966472388));
#5318=CARTESIAN_POINT('Ctrl Pts',(19.5076745217091,20.9218880840822,0.999999966472388));
#5319=CARTESIAN_POINT('Ctrl Pts',(19.5076745217091,20.9218880840822,2.74942441477023));
#5320=CARTESIAN_POINT('Ctrl Pts',(19.5076745217091,20.9218880840822,4.49884886306807));
#5321=CARTESIAN_POINT('Ctrl Pts',(18.5724755579502,19.9866891203233,4.49884886306807));
#5322=CARTESIAN_POINT('Ctrl Pts',(19.9866891203233,18.5724755579502,4.49884886306807));
#5323=CARTESIAN_POINT('Ctrl Pts',(19.0514901565643,17.6372765941913,4.49884886306807));
#5324=CARTESIAN_POINT('Ctrl Pts',(19.0514901565643,17.6372765941913,2.74942441477023));
#5325=CARTESIAN_POINT('Ctrl Pts',(19.0514901565643,17.6372765941913,0.999999966472388));
#5326=CARTESIAN_POINT('Ctrl Pts',(19.9866891203233,18.5724755579502,0.999999966472388));
#5327=CARTESIAN_POINT('Ctrl Pts',(20.9218880840822,19.5076745217091,0.999999966472388));
#5328=CARTESIAN_POINT('Ctrl Pts',(20.9218880840822,19.5076745217091,2.74942441477023));
#5329=CARTESIAN_POINT('Ctrl Pts',(20.9218880840822,19.5076745217091,4.49884886306807));
#5330=CARTESIAN_POINT('Ctrl Pts',(19.9866891203233,18.5724755579502,4.49884886306807));
#5331=CARTESIAN_POINT('',(19.9866891203233,18.5724755579502,4.49884886306807));
#5332=CARTESIAN_POINT('Origin',(19.9866891203233,18.5724755579502,2.74942441477023));
#5333=CARTESIAN_POINT('',(19.2795823391367,19.2795823391367,4.49884886306807));
#5334=CARTESIAN_POINT('Origin',(20.6475179658662,20.6475179658662,5.00000002607703));
#5335=CARTESIAN_POINT('',(17.3241160363375,15.9099024739644,5.00000002607703));
#5336=CARTESIAN_POINT('',(16.6170092551509,16.617009255151,5.00000002607703));
#5337=CARTESIAN_POINT('',(21.3546247470527,19.9404111846796,5.00000002607703));
#5338=CARTESIAN_POINT('',(21.3546247470527,19.9404111846796,5.00000002607703));
#5339=CARTESIAN_POINT('',(20.6475179658662,20.6475179658662,5.00000002607703));
#5340=CARTESIAN_POINT('Origin',(20.6475179658662,20.6475179658662,0.499999959021807));
#5341=CARTESIAN_POINT('',(21.3546247470527,19.9404111846796,0.499999959021807));
#5342=CARTESIAN_POINT('',(21.3546247470527,19.9404111846796,0.499999959021807));
#5343=CARTESIAN_POINT('',(28.2725179556216,13.0225179761107,0.499999959021807));
#5344=CARTESIAN_POINT('Origin',(18.0248324065983,18.0248324065984,2.99325304483006));
#5345=CARTESIAN_POINT('',(18.7319391877849,17.3177256254118,0.499999959021807));
#5346=CARTESIAN_POINT('',(25.6498323963538,10.3998324168429,0.499999959021807));
#5347=CARTESIAN_POINT('',(18.7319391877849,17.3177256254118,2.99325304483006));
#5348=CARTESIAN_POINT('',(18.7319391877849,17.3177256254118,2.99325304483006));
#5349=CARTESIAN_POINT('',(18.0248324065983,18.0248324065984,2.99325304483006));
#5350=CARTESIAN_POINT('Origin',(16.6170092551509,16.617009255151,2.99325304483006));
#5351=CARTESIAN_POINT('',(17.3241160363375,15.9099024739644,2.99325304483006));
#5352=CARTESIAN_POINT('',(18.7319391877849,17.3177256254118,2.99325304483006));
#5353=CARTESIAN_POINT('',(16.6170092551509,16.617009255151,2.99325304483006));
#5354=CARTESIAN_POINT('Origin',(16.6170092551509,16.617009255151,5.00000002607703));
#5355=CARTESIAN_POINT('',(17.3241160363375,15.9099024739644,7.));
#5356=CARTESIAN_POINT('Origin',(20.3713517599157,18.9571381975427,3.5000000782311));
#5357=CARTESIAN_POINT('',(2.91422928079568,1.50001571842259,0.499999959021807));
#5358=CARTESIAN_POINT('Origin',(-8.99306060498096,21.7111688797882,5.00000002607703));
#5359=CARTESIAN_POINT('',(-8.99306060498095,21.7111688797882,3.7499999795109));
#5360=CARTESIAN_POINT('',(-9.91694013749225,21.3284854474231,5.00000002607703));
#5361=CARTESIAN_POINT('',(-8.99306060498096,21.7111688797882,5.00000002607703));
#5362=CARTESIAN_POINT('',(-9.91694013749225,21.3284854474231,2.99325304483006));
#5363=CARTESIAN_POINT('',(-9.91694013749225,21.3284854474231,7.));
#5364=CARTESIAN_POINT('',(-8.99306060498096,21.7111688797882,2.99325304483006));
#5365=CARTESIAN_POINT('Origin',(-11.566092227319,25.3098907890987,3.5000000782311));
#5366=CARTESIAN_POINT('',(-12.0982357333366,26.5945988584553,5.00000002607703));
#5367=CARTESIAN_POINT('',(-12.0982357333366,26.5945988584553,5.00000002607703));
#5368=CARTESIAN_POINT('',(-12.0982357333366,26.5945988584553,0.499999959021807));
#5369=CARTESIAN_POINT('',(-12.0982357333366,26.5945988584553,0.499999959021807));
#5370=CARTESIAN_POINT('',(-10.6788485367511,23.1678950381998,0.499999959021807));
#5371=CARTESIAN_POINT('',(-0.853296680611683,-0.553085510692078,0.499999959021807));
#5372=CARTESIAN_POINT('',(-10.6788485367511,23.1678950381998,2.99325304483006));
#5373=CARTESIAN_POINT('',(-10.6788485367511,23.1678950381998,2.99325304483006));
#5374=CARTESIAN_POINT('',(-10.6788485367511,23.1678950381998,2.99325304483006));
#5375=CARTESIAN_POINT('',(-11.3579143068996,24.8073048302356,4.49884886306807));
#5376=CARTESIAN_POINT('Origin',(-11.3579143068996,24.8073048302356,2.74942441477023));
#5377=CARTESIAN_POINT('Ctrl Pts',(-11.3579143068996,24.8073048302356,4.49884886306807));
#5378=CARTESIAN_POINT('Ctrl Pts',(-10.8517882748525,23.5854084993974,4.49884886306807));
#5379=CARTESIAN_POINT('Ctrl Pts',(-10.8517882748525,23.5854084993974,2.74942441477023));
#5380=CARTESIAN_POINT('Ctrl Pts',(-10.8517882748525,23.5854084993974,0.999999966472388));
#5381=CARTESIAN_POINT('Ctrl Pts',(-11.3579143068996,24.8073048302356,0.999999966472388));
#5382=CARTESIAN_POINT('Ctrl Pts',(-11.8640403389467,26.0292011610738,0.999999966472388));
#5383=CARTESIAN_POINT('Ctrl Pts',(-11.8640403389467,26.0292011610738,2.74942441477023));
#5384=CARTESIAN_POINT('Ctrl Pts',(-11.8640403389467,26.0292011610738,4.49884886306807));
#5385=CARTESIAN_POINT('Ctrl Pts',(-11.3579143068996,24.8073048302356,4.49884886306807));
#5386=CARTESIAN_POINT('Ctrl Pts',(-9.51015524187702,25.5726716949658,4.49884886306807));
#5387=CARTESIAN_POINT('Ctrl Pts',(-9.00402920982992,24.3507753641276,4.49884886306807));
#5388=CARTESIAN_POINT('Ctrl Pts',(-9.00402920982992,24.3507753641276,2.74942441477023));
#5389=CARTESIAN_POINT('Ctrl Pts',(-9.00402920982992,24.3507753641276,0.999999966472388));
#5390=CARTESIAN_POINT('Ctrl Pts',(-9.51015524187702,25.5726716949658,0.999999966472388));
#5391=CARTESIAN_POINT('Ctrl Pts',(-10.0162812739241,26.794568025804,0.999999966472388));
#5392=CARTESIAN_POINT('Ctrl Pts',(-10.0162812739241,26.794568025804,2.74942441477023));
#5393=CARTESIAN_POINT('Ctrl Pts',(-10.0162812739241,26.794568025804,4.49884886306807));
#5394=CARTESIAN_POINT('Ctrl Pts',(-9.51015524187702,25.5726716949658,4.49884886306807));
#5395=CARTESIAN_POINT('',(-9.51015524187702,25.5726716949658,4.49884886306807));
#5396=CARTESIAN_POINT('Origin',(-9.51015524187702,25.5726716949658,2.74942441477023));
#5397=CARTESIAN_POINT('',(-10.4340347743883,25.1899882626007,4.49884886306807));
#5398=CARTESIAN_POINT('Origin',(-11.1743562008253,26.9772822908204,5.00000002607703));
#5399=CARTESIAN_POINT('',(-8.06918107246967,22.0938523121533,5.00000002607703));
#5400=CARTESIAN_POINT('',(-8.99306060498096,21.7111688797882,5.00000002607703));
#5401=CARTESIAN_POINT('',(-10.250476668314,27.3599657231855,5.00000002607703));
#5402=CARTESIAN_POINT('',(-10.250476668314,27.3599657231855,5.00000002607703));
#5403=CARTESIAN_POINT('',(-11.1743562008253,26.9772822908204,5.00000002607703));
#5404=CARTESIAN_POINT('Origin',(-11.1743562008253,26.9772822908204,0.499999959021807));
#5405=CARTESIAN_POINT('',(-10.250476668314,27.3599657231855,0.499999959021807));
#5406=CARTESIAN_POINT('',(-10.250476668314,27.3599657231855,0.499999959021807));
#5407=CARTESIAN_POINT('',(-16.5660454001288,24.7439715003683,0.499999959021807));
#5408=CARTESIAN_POINT('Origin',(-9.75496900423983,23.5505784705649,2.99325304483006));
#5409=CARTESIAN_POINT('',(-8.83108947172854,23.93326190293,0.499999959021807));
#5410=CARTESIAN_POINT('',(-15.1466582035433,21.3172676801129,0.499999959021807));
#5411=CARTESIAN_POINT('',(-8.83108947172854,23.93326190293,2.99325304483006));
#5412=CARTESIAN_POINT('',(-8.83108947172854,23.93326190293,2.99325304483006));
#5413=CARTESIAN_POINT('',(-9.75496900423983,23.5505784705649,2.99325304483006));
#5414=CARTESIAN_POINT('Origin',(-8.99306060498096,21.7111688797882,2.99325304483006));
#5415=CARTESIAN_POINT('',(-8.06918107246967,22.0938523121533,2.99325304483006));
#5416=CARTESIAN_POINT('',(-8.83108947172854,23.93326190293,2.99325304483006));
#5417=CARTESIAN_POINT('',(-8.99306060498096,21.7111688797882,2.99325304483006));
#5418=CARTESIAN_POINT('Origin',(-8.99306060498096,21.7111688797882,5.00000002607703));
#5419=CARTESIAN_POINT('',(-8.06918107246967,22.0938523121533,7.));
#5420=CARTESIAN_POINT('Origin',(-9.7183331622964,26.0752576538289,3.5000000782311));
#5421=CARTESIAN_POINT('',(0.994462384410891,0.212281354038101,0.499999959021807));
#5422=CARTESIAN_POINT('Origin',(21.7111688797882,8.99306060498097,5.00000002607703));
#5423=CARTESIAN_POINT('',(21.7111688797882,8.99306060498097,5.00000002607703));
#5424=CARTESIAN_POINT('',(21.7111688797882,8.99306060498097,2.99325304483006));
#5425=CARTESIAN_POINT('',(21.7111688797882,8.99306060498096,3.7499999795109));
#5426=CARTESIAN_POINT('',(21.3284854474231,9.91694013749226,5.00000002607703));
#5427=CARTESIAN_POINT('',(21.7111688797882,8.99306060498097,5.00000002607703));
#5428=CARTESIAN_POINT('',(21.3284854474231,9.91694013749226,2.99325304483006));
#5429=CARTESIAN_POINT('',(21.3284854474231,9.91694013749226,7.));
#5430=CARTESIAN_POINT('',(21.7111688797882,8.99306060498097,2.99325304483006));
#5431=CARTESIAN_POINT('Origin',(25.3098907890987,11.566092227319,3.5000000782311));
#5432=CARTESIAN_POINT('',(26.5945988584553,12.0982357333366,5.00000002607703));
#5433=CARTESIAN_POINT('',(26.5945988584553,12.0982357333366,5.00000002607703));
#5434=CARTESIAN_POINT('',(26.5945988584553,12.0982357333366,0.499999959021807));
#5435=CARTESIAN_POINT('',(26.5945988584553,12.0982357333366,0.499999959021807));
#5436=CARTESIAN_POINT('',(23.1678950381998,10.6788485367511,0.499999959021807));
#5437=CARTESIAN_POINT('',(7.07191447906336,4.01167508946311,0.499999959021807));
#5438=CARTESIAN_POINT('',(23.1678950381998,10.6788485367511,2.99325304483006));
#5439=CARTESIAN_POINT('',(23.1678950381998,10.6788485367511,2.99325304483006));
#5440=CARTESIAN_POINT('',(23.1678950381998,10.6788485367511,2.99325304483006));
#5441=CARTESIAN_POINT('',(24.8073048302356,11.3579143068996,4.49884886306807));
#5442=CARTESIAN_POINT('Origin',(24.8073048302356,11.3579143068996,2.74942441477023));
#5443=CARTESIAN_POINT('Ctrl Pts',(24.8073048302356,11.3579143068996,4.49884886306807));
#5444=CARTESIAN_POINT('Ctrl Pts',(23.5854084993974,10.8517882748525,4.49884886306807));
#5445=CARTESIAN_POINT('Ctrl Pts',(23.5854084993974,10.8517882748525,2.74942441477023));
#5446=CARTESIAN_POINT('Ctrl Pts',(23.5854084993974,10.8517882748525,0.999999966472388));
#5447=CARTESIAN_POINT('Ctrl Pts',(24.8073048302356,11.3579143068996,0.999999966472388));
#5448=CARTESIAN_POINT('Ctrl Pts',(26.0292011610738,11.8640403389467,0.999999966472388));
#5449=CARTESIAN_POINT('Ctrl Pts',(26.0292011610738,11.8640403389467,2.74942441477023));
#5450=CARTESIAN_POINT('Ctrl Pts',(26.0292011610738,11.8640403389467,4.49884886306807));
#5451=CARTESIAN_POINT('Ctrl Pts',(24.8073048302356,11.3579143068996,4.49884886306807));
#5452=CARTESIAN_POINT('Ctrl Pts',(25.5726716949658,9.51015524187703,4.49884886306807));
#5453=CARTESIAN_POINT('Ctrl Pts',(24.3507753641276,9.00402920982994,4.49884886306807));
#5454=CARTESIAN_POINT('Ctrl Pts',(24.3507753641276,9.00402920982994,2.74942441477023));
#5455=CARTESIAN_POINT('Ctrl Pts',(24.3507753641276,9.00402920982994,0.999999966472388));
#5456=CARTESIAN_POINT('Ctrl Pts',(25.5726716949658,9.51015524187703,0.999999966472388));
#5457=CARTESIAN_POINT('Ctrl Pts',(26.794568025804,10.0162812739241,0.999999966472388));
#5458=CARTESIAN_POINT('Ctrl Pts',(26.794568025804,10.0162812739241,2.74942441477023));
#5459=CARTESIAN_POINT('Ctrl Pts',(26.794568025804,10.0162812739241,4.49884886306807));
#5460=CARTESIAN_POINT('Ctrl Pts',(25.5726716949658,9.51015524187703,4.49884886306807));
#5461=CARTESIAN_POINT('',(25.5726716949658,9.51015524187703,4.49884886306807));
#5462=CARTESIAN_POINT('Origin',(25.5726716949658,9.51015524187703,2.74942441477023));
#5463=CARTESIAN_POINT('',(25.1899882626007,10.4340347743883,4.49884886306807));
#5464=CARTESIAN_POINT('Origin',(26.9772822908204,11.1743562008253,5.00000002607703));
#5465=CARTESIAN_POINT('',(22.0938523121533,8.06918107246968,5.00000002607703));
#5466=CARTESIAN_POINT('',(21.7111688797882,8.99306060498097,5.00000002607703));
#5467=CARTESIAN_POINT('',(27.3599657231854,10.2504766683141,5.00000002607703));
#5468=CARTESIAN_POINT('',(27.3599657231854,10.2504766683141,5.00000002607703));
#5469=CARTESIAN_POINT('',(26.9772822908204,11.1743562008253,5.00000002607703));
#5470=CARTESIAN_POINT('Origin',(26.9772822908204,11.1743562008253,0.499999959021807));
#5471=CARTESIAN_POINT('',(27.3599657231854,10.2504766683141,0.499999959021807));
#5472=CARTESIAN_POINT('',(27.3599657231854,10.2504766683141,0.499999959021807));
#5473=CARTESIAN_POINT('',(32.3689714901238,-1.84233298823356,0.499999959021807));
#5474=CARTESIAN_POINT('Origin',(23.5505784705649,9.75496900423984,2.99325304483006));
#5475=CARTESIAN_POINT('',(23.93326190293,8.83108947172855,0.499999959021807));
#5476=CARTESIAN_POINT('',(28.9422676698684,-3.26172018481906,0.499999959021807));
#5477=CARTESIAN_POINT('',(23.93326190293,8.83108947172855,2.99325304483006));
#5478=CARTESIAN_POINT('',(23.93326190293,8.83108947172855,2.99325304483006));
#5479=CARTESIAN_POINT('',(23.5505784705649,9.75496900423984,2.99325304483006));
#5480=CARTESIAN_POINT('Origin',(21.7111688797882,8.99306060498097,2.99325304483006));
#5481=CARTESIAN_POINT('',(22.0938523121533,8.06918107246968,2.99325304483006));
#5482=CARTESIAN_POINT('',(23.93326190293,8.83108947172855,2.99325304483006));
#5483=CARTESIAN_POINT('',(21.7111688797882,8.99306060498097,2.99325304483006));
#5484=CARTESIAN_POINT('Origin',(21.7111688797882,8.99306060498097,5.00000002607703));
#5485=CARTESIAN_POINT('',(22.0938523121533,8.06918107246968,7.));
#5486=CARTESIAN_POINT('Origin',(26.0752576538289,9.71833316229641,3.5000000782311));
#5487=CARTESIAN_POINT('',(7.83728134379354,2.16391602444054,0.499999959021807));
#5488=CARTESIAN_POINT('Origin',(8.99306060498094,21.7111688797882,5.00000002607703));
#5489=CARTESIAN_POINT('',(8.99306060498095,21.7111688797882,5.00000002607703));
#5490=CARTESIAN_POINT('',(8.99306060498095,21.7111688797882,2.99325304483006));
#5491=CARTESIAN_POINT('',(8.99306060498095,21.7111688797882,3.7499999795109));
#5492=CARTESIAN_POINT('',(8.06918107246965,22.0938523121533,5.00000002607703));
#5493=CARTESIAN_POINT('',(8.99306060498094,21.7111688797882,5.00000002607703));
#5494=CARTESIAN_POINT('',(8.06918107246965,22.0938523121533,2.99325304483006));
#5495=CARTESIAN_POINT('',(8.06918107246965,22.0938523121533,7.));
#5496=CARTESIAN_POINT('',(8.99306060498094,21.7111688797882,2.99325304483006));
#5497=CARTESIAN_POINT('Origin',(9.71833316229637,26.0752576538289,3.5000000782311));
#5498=CARTESIAN_POINT('',(10.250476668314,27.3599657231855,5.00000002607703));
#5499=CARTESIAN_POINT('',(10.250476668314,27.3599657231855,5.00000002607703));
#5500=CARTESIAN_POINT('',(10.250476668314,27.3599657231855,0.499999959021807));
#5501=CARTESIAN_POINT('',(10.250476668314,27.3599657231855,0.499999959021807));
#5502=CARTESIAN_POINT('',(8.83108947172852,23.93326190293,0.499999959021807));
#5503=CARTESIAN_POINT('',(-0.994462384410888,0.212281354038097,0.499999959021807));
#5504=CARTESIAN_POINT('',(8.83108947172852,23.93326190293,2.99325304483006));
#5505=CARTESIAN_POINT('',(8.83108947172852,23.93326190293,2.99325304483006));
#5506=CARTESIAN_POINT('',(8.83108947172852,23.93326190293,2.99325304483006));
#5507=CARTESIAN_POINT('',(9.51015524187699,25.5726716949658,4.49884886306807));
#5508=CARTESIAN_POINT('Origin',(9.51015524187699,25.5726716949658,2.74942441477023));
#5509=CARTESIAN_POINT('Ctrl Pts',(9.51015524187699,25.5726716949658,4.49884886306807));
#5510=CARTESIAN_POINT('Ctrl Pts',(9.0040292098299,24.3507753641276,4.49884886306807));
#5511=CARTESIAN_POINT('Ctrl Pts',(9.0040292098299,24.3507753641276,2.74942441477023));
#5512=CARTESIAN_POINT('Ctrl Pts',(9.0040292098299,24.3507753641276,0.999999966472388));
#5513=CARTESIAN_POINT('Ctrl Pts',(9.51015524187699,25.5726716949658,0.999999966472388));
#5514=CARTESIAN_POINT('Ctrl Pts',(10.0162812739241,26.794568025804,0.999999966472388));
#5515=CARTESIAN_POINT('Ctrl Pts',(10.0162812739241,26.794568025804,2.74942441477023));
#5516=CARTESIAN_POINT('Ctrl Pts',(10.0162812739241,26.794568025804,4.49884886306807));
#5517=CARTESIAN_POINT('Ctrl Pts',(9.51015524187699,25.5726716949658,4.49884886306807));
#5518=CARTESIAN_POINT('Ctrl Pts',(11.3579143068996,24.8073048302356,4.49884886306807));
#5519=CARTESIAN_POINT('Ctrl Pts',(10.8517882748525,23.5854084993975,4.49884886306807));
#5520=CARTESIAN_POINT('Ctrl Pts',(10.8517882748525,23.5854084993975,2.74942441477023));
#5521=CARTESIAN_POINT('Ctrl Pts',(10.8517882748525,23.5854084993975,0.999999966472388));
#5522=CARTESIAN_POINT('Ctrl Pts',(11.3579143068996,24.8073048302356,0.999999966472388));
#5523=CARTESIAN_POINT('Ctrl Pts',(11.8640403389467,26.0292011610738,0.999999966472388));
#5524=CARTESIAN_POINT('Ctrl Pts',(11.8640403389467,26.0292011610738,2.74942441477023));
#5525=CARTESIAN_POINT('Ctrl Pts',(11.8640403389467,26.0292011610738,4.49884886306807));
#5526=CARTESIAN_POINT('Ctrl Pts',(11.3579143068996,24.8073048302356,4.49884886306807));
#5527=CARTESIAN_POINT('',(11.3579143068996,24.8073048302356,4.49884886306807));
#5528=CARTESIAN_POINT('Origin',(11.3579143068996,24.8073048302356,2.74942441477023));
#5529=CARTESIAN_POINT('',(10.4340347743883,25.1899882626007,4.49884886306807));
#5530=CARTESIAN_POINT('Origin',(11.1743562008253,26.9772822908204,5.00000002607703));
#5531=CARTESIAN_POINT('',(9.91694013749223,21.3284854474231,5.00000002607703));
#5532=CARTESIAN_POINT('',(8.99306060498094,21.7111688797882,5.00000002607703));
#5533=CARTESIAN_POINT('',(12.0982357333366,26.5945988584553,5.00000002607703));
#5534=CARTESIAN_POINT('',(12.0982357333366,26.5945988584553,5.00000002607703));
#5535=CARTESIAN_POINT('',(11.1743562008253,26.9772822908204,5.00000002607703));
#5536=CARTESIAN_POINT('Origin',(11.1743562008253,26.9772822908204,0.499999959021807));
#5537=CARTESIAN_POINT('',(12.0982357333366,26.5945988584553,0.499999959021807));
#5538=CARTESIAN_POINT('',(12.0982357333366,26.5945988584553,0.499999959021807));
#5539=CARTESIAN_POINT('',(16.5660454001287,24.7439715003684,0.499999959021807));
#5540=CARTESIAN_POINT('Origin',(9.75496900423981,23.5505784705649,2.99325304483006));
#5541=CARTESIAN_POINT('',(10.6788485367511,23.1678950381998,0.499999959021807));
#5542=CARTESIAN_POINT('',(15.1466582035433,21.3172676801129,0.499999959021807));
#5543=CARTESIAN_POINT('',(10.6788485367511,23.1678950381998,2.99325304483006));
#5544=CARTESIAN_POINT('',(10.6788485367511,23.1678950381998,2.99325304483006));
#5545=CARTESIAN_POINT('',(9.75496900423981,23.5505784705649,2.99325304483006));
#5546=CARTESIAN_POINT('Origin',(8.99306060498094,21.7111688797882,2.99325304483006));
#5547=CARTESIAN_POINT('',(9.91694013749223,21.3284854474231,2.99325304483006));
#5548=CARTESIAN_POINT('',(10.6788485367511,23.1678950381998,2.99325304483006));
#5549=CARTESIAN_POINT('',(8.99306060498094,21.7111688797882,2.99325304483006));
#5550=CARTESIAN_POINT('Origin',(8.99306060498094,21.7111688797882,5.00000002607703));
#5551=CARTESIAN_POINT('',(9.91694013749223,21.3284854474231,7.));
#5552=CARTESIAN_POINT('Origin',(11.5660922273189,25.3098907890987,3.5000000782311));
#5553=CARTESIAN_POINT('',(0.853296680611688,-0.553085510692083,0.499999959021807));
#5554=CARTESIAN_POINT('Origin',(7.63278328499217E-15,-23.4999998547137,
5.00000002607703));
#5555=CARTESIAN_POINT('',(-2.15105705902944E-15,-23.4999998547137,3.7499999795109));
#5556=CARTESIAN_POINT('',(1.00000000000001,-23.4999998547137,5.00000002607703));
#5557=CARTESIAN_POINT('',(7.63278328499217E-15,-23.4999998547137,5.00000002607703));
#5558=CARTESIAN_POINT('',(1.00000000000001,-23.4999998547137,2.99325304483006));
#5559=CARTESIAN_POINT('',(1.00000000000001,-23.4999998547137,7.));
#5560=CARTESIAN_POINT('',(7.63278328499217E-15,-23.4999998547137,2.99325304483006));
#5561=CARTESIAN_POINT('Origin',(1.00000000000001,-27.8094419427459,3.5000000782311));
#5562=CARTESIAN_POINT('',(1.00000000000001,-29.1999999366701,5.00000002607703));
#5563=CARTESIAN_POINT('',(1.00000000000001,-29.1999999366701,5.00000002607703));
#5564=CARTESIAN_POINT('',(1.00000000000001,-29.1999999366701,0.499999959021807));
#5565=CARTESIAN_POINT('',(1.00000000000001,-29.1999999366701,0.499999959021807));
#5566=CARTESIAN_POINT('',(1.00000000000001,-25.4909624489135,0.499999959021807));
#5567=CARTESIAN_POINT('',(1.00000000000001,-29.1547209508838,0.499999959021807));
#5568=CARTESIAN_POINT('',(1.00000000000001,-25.4909624489135,2.99325304483006));
#5569=CARTESIAN_POINT('',(1.00000000000001,-25.4909624489135,2.99325304483006));
#5570=CARTESIAN_POINT('',(1.00000000000001,-25.4909624489135,2.99325304483006));
#5571=CARTESIAN_POINT('',(1.00000000000001,-27.265446820896,4.49884886306807));
#5572=CARTESIAN_POINT('Origin',(1.00000000000001,-27.265446820896,2.74942441477023));
#5573=CARTESIAN_POINT('Ctrl Pts',(1.00000000000001,-27.265446820896,4.49884886306807));
#5574=CARTESIAN_POINT('Ctrl Pts',(1.00000000000001,-25.9428757628308,4.49884886306807));
#5575=CARTESIAN_POINT('Ctrl Pts',(1.00000000000001,-25.9428757628308,2.74942441477023));
#5576=CARTESIAN_POINT('Ctrl Pts',(1.00000000000001,-25.9428757628308,0.999999966472388));
#5577=CARTESIAN_POINT('Ctrl Pts',(1.00000000000001,-27.265446820896,0.999999966472388));
#5578=CARTESIAN_POINT('Ctrl Pts',(1.00000000000001,-28.5880178789611,0.999999966472388));
#5579=CARTESIAN_POINT('Ctrl Pts',(1.00000000000001,-28.5880178789611,2.74942441477023));
#5580=CARTESIAN_POINT('Ctrl Pts',(1.00000000000001,-28.5880178789611,4.49884886306807));
#5581=CARTESIAN_POINT('Ctrl Pts',(1.00000000000001,-27.265446820896,4.49884886306807));
#5582=CARTESIAN_POINT('Ctrl Pts',(-0.999999999999991,-27.265446820896,4.49884886306807));
#5583=CARTESIAN_POINT('Ctrl Pts',(-0.999999999999991,-25.9428757628308,
4.49884886306807));
#5584=CARTESIAN_POINT('Ctrl Pts',(-0.999999999999991,-25.9428757628308,
2.74942441477023));
#5585=CARTESIAN_POINT('Ctrl Pts',(-0.999999999999991,-25.9428757628308,
0.999999966472388));
#5586=CARTESIAN_POINT('Ctrl Pts',(-0.999999999999991,-27.265446820896,0.999999966472388));
#5587=CARTESIAN_POINT('Ctrl Pts',(-0.999999999999991,-28.5880178789611,
0.999999966472388));
#5588=CARTESIAN_POINT('Ctrl Pts',(-0.999999999999991,-28.5880178789611,
2.74942441477023));
#5589=CARTESIAN_POINT('Ctrl Pts',(-0.999999999999991,-28.5880178789611,
4.49884886306807));
#5590=CARTESIAN_POINT('Ctrl Pts',(-0.999999999999991,-27.265446820896,4.49884886306807));
#5591=CARTESIAN_POINT('',(-0.999999999999991,-27.265446820896,4.49884886306807));
#5592=CARTESIAN_POINT('Origin',(-0.999999999999991,-27.265446820896,2.74942441477023));
#5593=CARTESIAN_POINT('',(9.20046550493986E-15,-27.265446820896,4.49884886306807));
#5594=CARTESIAN_POINT('Origin',(1.00058850342496E-14,-29.1999999366701,
5.00000002607703));
#5595=CARTESIAN_POINT('',(-0.999999999999992,-23.4999998547137,5.00000002607703));
#5596=CARTESIAN_POINT('',(7.63278328499217E-15,-23.4999998547137,5.00000002607703));
#5597=CARTESIAN_POINT('',(-0.99999999999999,-29.1999999366701,5.00000002607703));
#5598=CARTESIAN_POINT('',(-0.99999999999999,-29.1999999366701,5.00000002607703));
#5599=CARTESIAN_POINT('',(1.00058850342496E-14,-29.1999999366701,5.00000002607703));
#5600=CARTESIAN_POINT('Origin',(1.00058850342496E-14,-29.1999999366701,
0.499999959021807));
#5601=CARTESIAN_POINT('',(-0.99999999999999,-29.1999999366701,0.499999959021807));
#5602=CARTESIAN_POINT('',(-0.99999999999999,-29.1999999366701,0.499999959021807));
#5603=CARTESIAN_POINT('',(1.02765019011549E-14,-29.1999999366701,0.499999959021807));
#5604=CARTESIAN_POINT('Origin',(8.46168797746017E-15,-25.4909624489135,
2.99325304483006));
#5605=CARTESIAN_POINT('',(-0.999999999999992,-25.4909624489135,0.499999959021807));
#5606=CARTESIAN_POINT('',(9.50440337276018E-15,-25.4909624489135,0.499999959021807));
#5607=CARTESIAN_POINT('',(-0.999999999999992,-25.4909624489135,2.99325304483006));
#5608=CARTESIAN_POINT('',(-0.999999999999992,-25.4909624489135,2.99325304483006));
#5609=CARTESIAN_POINT('',(8.46168797746017E-15,-25.4909624489135,2.99325304483006));
#5610=CARTESIAN_POINT('Origin',(7.63278328499217E-15,-23.4999998547137,
2.99325304483006));
#5611=CARTESIAN_POINT('',(-0.999999999999992,-23.4999998547137,2.99325304483006));
#5612=CARTESIAN_POINT('',(-0.999999999999992,-25.4909624489135,2.99325304483006));
#5613=CARTESIAN_POINT('',(7.63278328499217E-15,-23.4999998547137,2.99325304483006));
#5614=CARTESIAN_POINT('Origin',(7.63278328499217E-15,-23.4999998547137,
5.00000002607703));
#5615=CARTESIAN_POINT('',(-0.999999999999992,-23.4999998547137,7.));
#5616=CARTESIAN_POINT('Origin',(-0.999999999999991,-27.8094419427459,3.5000000782311));
#5617=CARTESIAN_POINT('',(-0.99999999999999,-29.1547209508838,0.499999959021807));
#5618=CARTESIAN_POINT('Origin',(1.11022302462516E-15,-1.05024044284719,
0.));
#5619=CARTESIAN_POINT('',(30.6334820267467,-3.75151957107934E-15,1.56462193201534E-7));
#5620=CARTESIAN_POINT('Origin',(-2.15105705902944E-15,-8.95557402831357E-31,
1.56462193201534E-7));
#5621=CARTESIAN_POINT('',(0.75,-22.4874964028445,0.));
#5622=CARTESIAN_POINT('',(0.75,-5.49999987706542,0.));
#5623=CARTESIAN_POINT('Origin',(-2.15105705902944E-15,-8.95557402831357E-31,
1.56462193201534E-7));
#5624=CARTESIAN_POINT('',(19.0997431523745,11.8932672542606,0.));
#5625=CARTESIAN_POINT('',(4.38813961434994,3.39951899137104,0.));
#5626=CARTESIAN_POINT('Origin',(-2.15105705902944E-15,-8.95557402831357E-31,
1.56462193201534E-7));
#5627=CARTESIAN_POINT('',(-19.8497431523745,10.5942291485839,0.));
#5628=CARTESIAN_POINT('',(-5.13813961434994,2.10048088569438,0.));
#5629=CARTESIAN_POINT('Origin',(-2.15105705902944E-15,-8.95557402831357E-31,
1.56462193201534E-7));
#5630=CARTESIAN_POINT('',(19.2440837043244,11.6582690331327,-5.55111512312578E-16));
#5631=CARTESIAN_POINT('',(19.7183989990086,10.8367308439327,-5.55111512312578E-16));
#5632=CARTESIAN_POINT('Origin',(-2.15105705902944E-15,-8.95557402831357E-31,
1.56462193201534E-7));
#5633=CARTESIAN_POINT('',(19.8562413516665,10.5979808856944,0.));
#5634=CARTESIAN_POINT('',(0.734748934705254,-22.4879998770654,0.));
#5635=CARTESIAN_POINT('',(-0.734748934705258,-22.4879998770654,0.));
#5636=CARTESIAN_POINT('Origin',(-2.15105705902944E-15,-8.95557402831357E-31,
1.56462193201534E-7));
#5637=CARTESIAN_POINT('',(-0.75,-22.4879998770654,0.));
#5638=CARTESIAN_POINT('Origin',(-2.15105705902944E-15,-8.95557402831357E-31,
3.5000000782311));
#5639=CARTESIAN_POINT('',(-19.8497431523745,10.5942291485839,3.5000000782311));
#5640=CARTESIAN_POINT('Origin',(-0.75,-22.4879998770654,0.));
#5641=CARTESIAN_POINT('',(-0.734748934705258,-22.4879998770654,3.5000000782311));
#5642=CARTESIAN_POINT('',(0.734748934705254,-22.4879998770654,3.5000000782311));
#5643=CARTESIAN_POINT('Origin',(-2.15105705902944E-15,-8.95557402831357E-31,
3.5000000782311));
#5644=CARTESIAN_POINT('',(0.75,-22.4874964028445,3.5000000782311));
#5645=CARTESIAN_POINT('Origin',(-2.15105705902944E-15,-8.95557402831357E-31,
3.5000000782311));
#5646=CARTESIAN_POINT('',(19.0997431523745,11.8932672542606,3.5000000782311));
#5647=CARTESIAN_POINT('Origin',(19.8562413516665,10.5979808856944,0.));
#5648=CARTESIAN_POINT('',(19.7183989990087,10.8367308439325,3.5000000782311));
#5649=CARTESIAN_POINT('',(19.2440837043243,11.6582690331329,3.5000000782311));
#5650=CARTESIAN_POINT('Origin',(-2.15105705902944E-15,-8.95557402831357E-31,
3.5000000782311));
#5651=CARTESIAN_POINT('Origin',(-2.15105705902944E-15,-8.95557402831357E-31,
3.5000000782311));
#5652=CARTESIAN_POINT('Origin',(-2.15105705902944E-15,-8.95557402831357E-31,
3.7499999795109));
#5653=CARTESIAN_POINT('Origin',(-2.15105705902944E-15,-8.95557402831357E-31,
0.499999959021807));
#5654=CARTESIAN_POINT('',(21.7111688797882,-8.99306060498096,3.7499999795109));
#5655=CARTESIAN_POINT('',(23.4999998547137,4.31687994030576E-15,3.7499999795109));
#5656=CARTESIAN_POINT('',(16.6170092551509,16.6170092551509,3.7499999795109));
#5657=CARTESIAN_POINT('',(21.7111688797882,8.99306060498096,3.7499999795109));
#5658=CARTESIAN_POINT('',(8.99306060498095,21.7111688797882,3.7499999795109));
#5659=CARTESIAN_POINT('Origin',(1.05471187680602E-14,-30.4999999590218,
0.499999959021807));
#5660=CARTESIAN_POINT('',(30.4999999590218,-3.73517273238105E-15,0.499999959021807));
#5661=CARTESIAN_POINT('Origin',(-2.15105705902944E-15,-8.95557402831357E-31,
0.499999959021807));
#5662=CARTESIAN_POINT('Origin',(-2.15105705902944E-15,-8.95557402831357E-31,
3.7499999212253));
#5663=CARTESIAN_POINT('',(30.4999996982515,-3.7351727004459E-15,7.));
#5664=CARTESIAN_POINT('Origin',(29.047164142696,-3.55725165916604E-15,3.7499999212253));
#5665=CARTESIAN_POINT('Origin',(-2.15105705902944E-15,-8.95557402831357E-31,
7.));
#5666=CARTESIAN_POINT('Origin',(1.09634522844214E-14,-31.4999996758998,
7.));
#5667=CARTESIAN_POINT('',(31.4999996758998,-3.85763737762333E-15,7.));
#5668=CARTESIAN_POINT('Origin',(-2.15105705902944E-15,-8.95557402831357E-31,
7.));
#5669=CARTESIAN_POINT('Origin',(-2.15105705902944E-15,-8.95557402831357E-31,
3.7499999212253));
#5670=CARTESIAN_POINT('Origin',(29.047164142696,-3.55725165916604E-15,3.7499999212253));
#5671=CARTESIAN_POINT('Origin',(4.38813961434994,3.39951899137104,0.));
#5672=CARTESIAN_POINT('Origin',(0.75,-5.49999987706542,0.));
#5673=CARTESIAN_POINT('Origin',(-5.13813961434994,2.10048088569438,0.));
#5674=UNCERTAINTY_MEASURE_WITH_UNIT(LENGTH_MEASURE(0.01),#5678,
'DISTANCE_ACCURACY_VALUE',
'Maximum model space distance between geometric entities at asserted c
onnectivities');
#5675=UNCERTAINTY_MEASURE_WITH_UNIT(LENGTH_MEASURE(0.01),#5678,
'DISTANCE_ACCURACY_VALUE',
'Maximum model space distance between geometric entities at asserted c
onnectivities');
#5676=(
GEOMETRIC_REPRESENTATION_CONTEXT(3)
GLOBAL_UNCERTAINTY_ASSIGNED_CONTEXT((#5674))
GLOBAL_UNIT_ASSIGNED_CONTEXT((#5678,#5679,#5680))
REPRESENTATION_CONTEXT('','3D')
);
#5677=(
GEOMETRIC_REPRESENTATION_CONTEXT(3)
GLOBAL_UNCERTAINTY_ASSIGNED_CONTEXT((#5675))
GLOBAL_UNIT_ASSIGNED_CONTEXT((#5678,#5679,#5680))
REPRESENTATION_CONTEXT('','3D')
);
#5678=(
LENGTH_UNIT()
NAMED_UNIT(*)
SI_UNIT(.MILLI.,.METRE.)
);
#5679=(
NAMED_UNIT(*)
PLANE_ANGLE_UNIT()
SI_UNIT($,.RADIAN.)
);
#5680=(
NAMED_UNIT(*)
SI_UNIT($,.STERADIAN.)
SOLID_ANGLE_UNIT()
);
#5681=SHAPE_DEFINITION_REPRESENTATION(#5682,#5683);
#5682=PRODUCT_DEFINITION_SHAPE('',$,#5685);
#5683=SHAPE_REPRESENTATION('',(#3414),#5676);
#5684=PRODUCT_DEFINITION_CONTEXT('part definition',#5689,'design');
#5685=PRODUCT_DEFINITION('wheel5-70','wheel5-70',#5686,#5684);
#5686=PRODUCT_DEFINITION_FORMATION('',$,#5691);
#5687=PRODUCT_RELATED_PRODUCT_CATEGORY('wheel5-70','wheel5-70',(#5691));
#5688=APPLICATION_PROTOCOL_DEFINITION('international standard',
'automotive_design',2009,#5689);
#5689=APPLICATION_CONTEXT(
'Core Data for Automotive Mechanical Design Process');
#5690=PRODUCT_CONTEXT('part definition',#5689,'mechanical');
#5691=PRODUCT('wheel5-70','wheel5-70',$,(#5690));
#5692=PRESENTATION_STYLE_ASSIGNMENT((#5693));
#5693=SURFACE_STYLE_USAGE(.BOTH.,#5694);
#5694=SURFACE_SIDE_STYLE('',(#5695));
#5695=SURFACE_STYLE_FILL_AREA(#5696);
#5696=FILL_AREA_STYLE('Steel - Satin',(#5697));
#5697=FILL_AREA_STYLE_COLOUR('Steel - Satin',#5698);
#5698=COLOUR_RGB('Steel - Satin',0.627450980392157,0.627450980392157,0.627450980392157);
ENDSEC;
END-ISO-10303-21;
